"ID","Player","Team","Position","RkOv","Status","Age","Opponent","Score","Ros","+/-"
"*051wv*","Pete Crow-Armstrong","CHC","OF","1","jd","24","@MIL Wed 7:40PM","100","100%","0%"
"*051eh*","Kevin Kelly","TB","RP","2","2xChamp","28","@ATL Wed 7:15PM","100","53%","-1%"
"*01uca*","Chris Sale","ATL","SP","3","BHB","37","TB Wed 7:15PM","98.36","100%","0%"
"*061yu*","Jacob Misiorowski","MIL","SP","4","MG","24","CHC Wed 7:40PM","97.96","100%","0%"
"*04eqa*","Garrett Whitlock","BOS","RP","5","2xChamp","30","LAA Wed 6:45PM","97.4","61%","0%"
"*041vm*","Dylan Lee","ATL","RP","6","BVB","32","TB Wed 7:15PM","96.87","57%","-3%"
"*05u6q*","Cam Schlittler","NYY","SP","7","BVB","25","COL Wed 7:05PM","96.46","99%","0%"
"*051bm*","Louis Varland","TOR","RP","8","BHB","28","TOR 0<br/>@ATH 2 F","96.18","89%","0%"
"*05r8n*","Yoshinobu Yamamoto","LAD","SP","9","Ka-Chow","28","CIN Wed 10:10PM","94.97","100%","0%"
"*04eee*","Drew Rasmussen","TB","SP","10","ThePhils","31","@ATL Wed 7:15PM","94.52","99%","0%"
"*03dfa*","Tanner Scott","LAD","RP","11","Ka-Chow","32","CIN Wed 10:10PM","94.12","82%","-1%"
"*052c8*","Cristopher Sanchez","PHI","SP","12","ThePhils","29","HOU Wed 6:40PM","93.92","100%","0%"
"*02myt*","Steven Okert","HOU","RP","13","ThePhils","35","@PHI Wed 6:40PM","93.85","33%","-6%"
"*05ucd*","Mason Miller","SD","RP","14","BVB","28","WSH 2<br/>@SD 5","93.27","99%","0%"
"*0516x*","Brent Headrick","NYY","RP","15","jd","28","COL Wed 7:05PM","93.21","52%","-1%"
"*04apj*","Jhoan Duran","PHI","RP","16","BVB","28","HOU Wed 6:40PM","92.72","99%","0%"
"*043ia*","Adrian Morejon","SD","RP","17","2xChamp","27","WSH 2<br/>@SD 5","92.42","66%","-1%"
"*04eor*","Cade Smith","CLE","RP","18","Ka-Chow","27","@BAL Wed 6:35PM","91.37","99%","0%"
"*03dau*","Trevor Megill","MIL","RP","19","NYX","32","CHC Wed 7:40PM","90.64","95%","0%"
"*041r1*","Jesus Luzardo","PHI","SP","20","2xChamp","28","HOU Wed 6:40PM","90.49","100%","0%"
"*04aqc*","David Bednar","NYY","RP","21","2xChamp","31","COL Wed 7:05PM","90.48","98%","0%"
"*04ptt*","Tarik Skubal","LAD","SP","22","BVB","29","CIN Wed 10:10PM","90.41","100%","0%"
"*04qk8*","CJ Abrams","WSH","SS,INF","23","THG","25","WSH 2<br/>@SD 5","90.31","100%","0%"
"*0260v*","Sonny Gray","BOS","SP","24","Ka-Chow","36","LAA Wed 6:45PM","90.03","99%","0%"
"*05gbf*","Jordan Walker","STL","OF","25","BHB","24","STL 6<br/>@SF 1","89.4","96%","0%"
"*041w4*","Bryan Baker","TB","RP","26","BHB","31","@ATL Wed 7:15PM","88.9","87%","-1%"
"*03div*","Jake Latz","TEX","SP,RP","27","AF","30","TEX 1<br/>@SEA 3","88.59","87%","0%"
"*02c4q*","Nick Martinez","TB","SP,RP","28","XBLADZ","36","@ATL Wed 7:15PM","88.45","92%","-1%"
"*05tzn*","Parker Messick","CLE","SP","29","THG","25","@BAL Wed 6:35PM","88.27","98%","0%"
"*03zbh*","Fernando Tatis Jr.","SD","2B,INF,OF","30","Ka-Chow","27","WSH 2<br/>@SD 5","87.76","100%","0%"
"*04pmq*","Braxton Ashcraft","PIT","SP,RP","31","NYX","26","@CHW Wed 7:40PM","87.69","97%","0%"
"*0473n*","Tyler Wells","TB","SP,RP","32","AF","32","@ATL Wed 7:15PM","87.52","47%","0%"
"*06guh*","Brandyn Garcia","ARI","RP","33","2xChamp","26","@KC Wed 7:40PM","87.41","37%","-2%"
"*05u9o*","Sal Stewart","CIN","1B,3B,INF","34","iKnoBall","22","@LAD Wed 10:10PM","87.16","99%","0%"
"*02iug*","Michael Wacha","KC","SP","35","MG","35","ARI Wed 7:40PM","87.12","96%","0%"
"*03caf*","Foster Griffin","CLE","SP,RP","36","iKnoBall","31","@BAL Wed 6:35PM","86.64","92%","0%"
"*04355*","Yordan Alvarez","HOU","OF","37","jd","29","@PHI Wed 6:40PM","86.07","100%","0%"
"*05xch*","Junior Caminero","TB","3B,INF","38","ThePhils","23","@ATL Wed 7:15PM","85.98","100%","0%"
"*066er*","Grant Taylor","CHW","SP,RP","39","AF","24","PIT Wed 7:40PM","85.95","81%","-1%"
"*05gef*","Cade Cavalli","WSH","SP","40","BHB","28","WSH 2<br/>@SD 5","85.86","94%","0%"
"*05uo2*","Logan Henderson","MIL","SP","41","iKnoBall","24","CHC Wed 7:40PM","85.83","95%","0%"
"*05udp*","Elly De La Cruz","CIN","SS,INF","42","BHB","24","@LAD Wed 10:10PM","85.49","100%","0%"
"*05nso*","Abner Uribe","MIL","RP","43","NYX","26","CHC Wed 7:40PM","85.41","74%","0%"
"*02n96*","Josh Hader","HOU","RP","44","Ka-Chow","32","@PHI Wed 6:40PM","85.35","97%","0%"
"*05y5d*","Bradgley Rodriguez","SD","SP,RP","45","2xChamp","22","WSH 2<br/>@SD 5","85.14","30%","0%"
"*029si*","Eduardo Rodriguez","ARI","SP","46","XBLADZ","33","@KC Wed 7:40PM","85.03","93%","0%"
"*04ru7*","Miguel Vargas","CHW","1B,3B,INF","47","BHB","26","PIT Wed 7:40PM","85.02","98%","0%"
"*03btv*","Sandy Alcantara","MIA","SP","48","2xChamp","31","NYM Wed 6:40PM","84.96","99%","0%"
"*064zm*","Didier Fuentes","ATL","SP,RP","49","AF","21","TB Wed 7:15PM","84.93","60%","-1%"
"*0374m*","Tyler Rogers","TOR","RP","50","ThePhils","35","TOR 0<br/>@ATH 2 F","84.68","49%","0%"
"*05y62*","Bryan Woo","SEA","SP","51","NYX","26","TEX 1<br/>@SEA 3","84.36","99%","0%"
"*04rzp*","Rico Garcia","BAL","RP","52","jd","32","CLE Wed 6:35PM","84.27","48%","-1%"
"*041pz*","Pete Alonso","BAL","1B,INF","53","Ka-Chow","31","CLE Wed 6:35PM","83.98","100%","0%"
"*02mwm*","Matt Olson","ATL","1B,INF","54","AF","32","TB Wed 7:15PM","83.51","100%","0%"
"*05r01*","Robert Suarez","ATL","RP","55","jd","35","TB Wed 7:15PM","83.48","74%","-1%"
"*05rat*","James Wood","WSH","OF","56","BVB","23","WSH 2<br/>@SD 5","83.42","100%","0%"
"*06gwk*","Payton Tolle","BOS","SP","57","Ka-Chow","23","LAA Wed 6:45PM","83.42","93%","0%"
"*0596g*","Reid Detmers","LAA","SP,RP","58","BHB","27","@BOS Wed 6:45PM","83.35","93%","0%"
"*02c5l*","Luke Weaver","PIT","RP","59","FA","33","@CHW Wed 7:40PM","83.25","46%","-3%"
"*04tjl*","Otto Lopez","MIA","2B,SS,INF","60","ThePhils","27","NYM Wed 6:40PM","83.18","98%","0%"
"*06als*","Shohei Ohtani-P","LAD","SP","61","iKnoBall","32","CIN Wed 10:10PM","83.01","93%","-4%"
"*04n0m*","Logan Gilbert","SEA","SP","62","NYX","29","TEX 1<br/>@SEA 3","82.95","99%","0%"
"*01sb3*","Zack Wheeler","PHI","SP","63","jd","36","HOU Wed 6:40PM","82.92","99%","0%"
"*06alt*","Shohei Ohtani-H","LAD","UT","64","2xChamp","32","CIN Wed 10:10PM","82.5","100%","0%"
"*040b5*","Randy Arozarena","SEA","OF","65","2xChamp","31","TEX 1<br/>@SEA 3","82.43","99%","0%"
"*05xu5*","Zach Neto","LAA","SS,INF","66","XBLADZ","25","@BOS Wed 6:45PM","82.39","99%","0%"
"*05rb3*","Chase Burns","CIN","SP,RP","67","XBLADZ","23","@LAD Wed 10:10PM","82.16","99%","0%"
"*05yo5*","Ben Rice","NYY","C,1B,INF","68","NYX","27","COL Wed 7:05PM","82.11","100%","0%"
"*03df2*","Dylan Cease","TOR","SP","69","jd","30","TOR 0<br/>@ATH 2 F","82.05","100%","0%"
"*05uc4*","Troy Melton","DET","SP,RP","70","jd","25","MIN 2<br/>@DET 7 F","82.02","87%","-2%"
"*03db4*","Jonathan Loaisiga","ARI","RP","71","FA","31","@KC Wed 7:40PM","81.89","8%","0%"
"*04lgp*","Bobby Witt Jr.","KC","SS,INF","72","BVB","26","ARI Wed 7:40PM","81.83","100%","0%"
"*05y2k*","Mason Montgomery","PIT","SP,RP","73","Ka-Chow","26","@CHW Wed 7:40PM","81.69","68%","0%"
"*05ydo*","Juan Morillo","ARI","RP","74","BVB","27","@KC Wed 7:40PM","81.66","36%","-1%"
"*04aok*","Gregory Soto","PIT","RP","75","FA","31","@CHW Wed 7:40PM","81.62","57%","-2%"
"*01spo*","Gerrit Cole","NYY","SP","76","2xChamp","36","COL Wed 7:05PM","81.59","98%","0%"
"*04pmg*","Jonathan Bowlan","PHI","RP","77","BHB","29","HOU Wed 6:40PM","81.51","19%","-1%"
"*05y9r*","Justin Wrobleski","LAD","SP,RP","78","MG","26","CIN Wed 10:10PM","81.23","73%","-6%"
"*03cag*","Kyle Schwarber","PHI","UT","79","jd","33","HOU Wed 6:40PM","81.15","100%","0%"
"*03qjz*","Taylor Clarke","ARI","RP","80","FA","33","@KC Wed 7:40PM","80.95","13%","-1%"
"*01gya*","Aroldis Chapman","BOS","RP","81","MG","38","LAA Wed 6:45PM","80.76","98%","0%"
"*04b00*","Brice Turang","MIL","2B,INF","82","NYX","26","CHC Wed 7:40PM","80.74","100%","0%"
"*05ge9*","Shota Imanaga","CHC","SP","83","ThePhils","33","@MIL Wed 7:40PM","80.57","98%","0%"
"*05jr0*","Alec Burleson","STL","1B,INF,OF","84","BHB","27","STL 6<br/>@SF 1","80.49","99%","0%"
"*03qyv*","Jake McCarthy","COL","OF","85","ThePhils","29","@NYY Wed 7:05PM","80.43","91%","0%"
"*05a1v*","Keider Montero","DET","SP,RP","86","jd","26","MIN 2<br/>@DET 7 F","80.4","68%","-3%"
"*02f9m*","Jakob Junis","TEX","RP","87","FA","33","TEX 1<br/>@SEA 3","80.37","26%","-1%"
"*030uc*","Rafael Devers","SF","1B,INF","88","BHB","29","STL 6<br/>@SF 1","80.25","99%","0%"
"*01fh9*","Bryce Harper","PHI","1B,INF,OF","89","2xChamp","33","HOU Wed 6:40PM","80.24","100%","0%"
"*060i2*","Jake Bennett","BOS","SP","90","AF","25","LAA Wed 6:45PM","80.21","77%","0%"
"*05jpd*","Ian Seymour","TB","SP,RP","91","AF","27","@ATL Wed 7:15PM","80.04","85%","-4%"
"*05y7s*","Nolan McLean","NYM","SP","92","Ka-Chow","25","@MIA Wed 6:40PM","79.97","99%","0%"
"*05u2v*","Hunter Goodman","COL","C","93","THG","26","@NYY Wed 7:05PM","79.79","99%","0%"
"*03aqv*","Raisel Iglesias","ATL","RP","94","BVB","36","TB Wed 7:15PM","79.79","96%","0%"
"*05ua7*","Jackson Merrill","SD","OF","95","iKnoBall","23","WSH 2<br/>@SD 5","79.74","99%","0%"
"*0510l*","Emerson Hancock","SEA","SP,RP","96","iKnoBall","27","TEX 1<br/>@SEA 3","79.69","81%","-1%"
"*03dbm*","Logan Webb","SF","SP","97","XBLADZ","29","STL 6<br/>@SF 1","79.56","99%","0%"
"*04ps7*","Joe Ryan","MIN","SP","98","NYX","30","MIN 2<br/>@DET 7 F","79.49","98%","0%"
"*05jp7*","Gavin Williams","CLE","SP","99","AF","27","@BAL Wed 6:35PM","79.21","99%","0%"
"*02hjp*","Jacob deGrom","TEX","SP","100","iKnoBall","38","TEX 1<br/>@SEA 3","79.07","99%","0%"
"*03mjl*","Cam Booser","TB","RP","101","THG","34","@ATL Wed 7:15PM","78.69","7%","-1%"
"*03m6o*","Yandy Diaz","TB","1B,INF","102","Ka-Chow","35","@ATL Wed 7:15PM","78.52","99%","0%"
"*0512v*","Michael Harris II","ATL","OF","103","Ka-Chow","25","TB Wed 7:15PM","78.46","99%","0%"
"*03qjy*","Brandon Lowe","PIT","2B,INF","104","XBLADZ","32","@CHW Wed 7:40PM","78.37","99%","0%"
"*032lk*","Sean Newcomb","CHW","SP,RP","105","MG","33","PIT Wed 7:40PM","78.34","22%","-2%"
"*05uy4*","Dylan Dodd","ATL","RP","106","NYX","28","TB Wed 7:15PM","78.3","22%","-2%"
"*05t2b*","Daylen Lile","WSH","OF","107","MG","23","WSH 2<br/>@SD 5","78.25","97%","0%"
"*02w7p*","Alex Bregman","CHC","3B,INF","108","ThePhils","32","@MIL Wed 7:40PM","78.21","99%","0%"
"*050ok*","Yennier Cano","BAL","RP","109","iKnoBall","32","CLE Wed 6:35PM","78.13","19%","-1%"
"*03svw*","Bryan Hudson","CHW","SP,RP","110","BHB","29","PIT Wed 7:40PM","78.1","17%","-3%"
"*05wru*","Paul Skenes","PIT","SP","111","BHB","24","@CHW Wed 7:40PM","77.99","100%","0%"
"*04ak5*","Trevor Rogers","BAL","SP","112","NYX","28","CLE Wed 6:35PM","77.85","94%","0%"
"*02mwd*","Paul Blackburn","NYY","SP,RP","113","BHB","32","COL Wed 7:05PM","77.81","32%","-2%"
"*02c68*","Trea Turner","PHI","SS,INF","114","2xChamp","33","HOU Wed 6:40PM","77.68","99%","0%"
"*064no*","Spencer Miles","TOR","SP,RP","115","FA","26","TOR 0<br/>@ATH 2 F","77.65","23%","-1%"
"*01vxp*","Brooks Raley","PHI","RP","116","jd","38","HOU Wed 6:40PM","77.51","18%","-1%"
"*03yxh*","Cal Quantrill","TEX","SP,RP","117","FA","31","TEX 1<br/>@SEA 3","77.47","60%","-1%"
"*041wv*","Michael King","SD","SP","118","2xChamp","31","WSH 2<br/>@SD 5","77.28","99%","0%"
"*04y4e*","Corbin Carroll","ARI","OF","119","NYX","26","@KC Wed 7:40PM","77.18","99%","0%"
"*05yby*","Kevin McGonigle","DET","3B,SS,INF","120","THG","22","MIN 2<br/>@DET 7 F","77.12","99%","0%"
"*03ppa*","A.J. Minter","MIN","RP","121","FA","33","MIN 2<br/>@DET 7 F","76.97","13%","-1%"
"*05143*","Hunter Gaddis","CLE","RP","122","BHB","28","@BAL Wed 6:35PM","76.96","39%","-1%"
"*03e5m*","Bryan Reynolds","PIT","OF","123","jd","31","@CHW Wed 7:40PM","76.89","98%","0%"
"*026t9*","Tyron Guerrero","BOS","RP","124","FA","35","LAA Wed 6:45PM","76.71","14%","-3%"
"*05gsi*","Ceddanne Rafaela","BOS","2B,INF,OF","125","MG","25","LAA Wed 6:45PM","76.64","97%","-2%"
"*04naz*","Tyler Holton","DET","SP,RP","126","BVB","30","MIN 2<br/>@DET 7 F","76.25","17%","-1%"
"*01ut7*","Nathan Eovaldi","TEX","SP","127","BVB","36","TEX 1<br/>@SEA 3","76.1","92%","-1%"
"*05m1e*","Jackson Chourio","MIL","OF","128","AF","22","CHC Wed 7:40PM","76.07","100%","0%"
"*06aly*","Carson Benge","NYM","OF","129","Ka-Chow","23","@MIA Wed 6:40PM","76.04","94%","-1%"
"*04ru5*","Andy Pages","LAD","OF","130","ThePhils","25","CIN Wed 10:10PM","76.04","93%","0%"
"*060x1*","Wilyer Abreu","BOS","OF","131","MG","27","LAA Wed 6:45PM","75.95","98%","0%"
"*04mlf*","Casey Mize","SD","SP","132","FA","29","WSH 2<br/>@SD 5","75.81","89%","-2%"
"*045qo*","Jazz Chisholm Jr.","NYY","2B,3B,INF","133","W <small>(Fri)</small>","28","COL Wed 7:05PM","75.45","99%","0%"
"*025it*","Jason Adam","SD","RP","134","ThePhils","35","WSH 2<br/>@SD 5","75.43","32%","0%"
"*0414g*","Luis Garcia Jr.","NYY","1B,2B,INF","135","2xChamp","26","COL Wed 7:05PM","75.4","97%","0%"
"*06luc*","Jack Dreyer","LAD","SP,RP","136","2xChamp","27","CIN Wed 10:10PM","75.26","23%","-1%"
"*03dpg*","Kevin Ginkel","ARI","RP","137","BHB","32","@KC Wed 7:40PM","75.14","17%","0%"
"*04o2w*","Ben Brown","CHC","SP,RP","138","FA","27","@MIL Wed 7:40PM","75.09","61%","-2%"
"*04b02*","Seiya Suzuki","CHC","OF,UT","139","jd","32","@MIL Wed 7:40PM","74.82","99%","0%"
"*03pjf*","Michael Soroka","ARI","SP,RP","140","FA","29","@KC Wed 7:40PM","74.8","81%","0%"
"*0630d*","Drake Baldwin","ATL","C","141","Ka-Chow","25","TB Wed 7:15PM","74.67","99%","0%"
"*02hi7*","Kevin Gausman","CHC","SP","142","THG","35","@MIL Wed 7:40PM","74.66","98%","0%"
"*05xz4*","Michael Petersen","MIA","RP","143","AF","32","NYM Wed 6:40PM","74.55","26%","-1%"
"*0316v*","Jake Bauers","MIL","1B,INF,OF,RP","144","BVB","30","CHC Wed 7:40PM","74.51","89%","-1%"
"*05gx4*","Dillon Dingler","DET","C","145","BVB","27","MIN 2<br/>@DET 7 F","74.5","94%","-1%"
"*05y12*","Daniel Duarte","NYM","RP","146","FA","29","@MIA Wed 6:40PM","74.49","15%","-2%"
"*01cgo*","Freddie Freeman","LAD","1B,INF","147","jd","36","CIN Wed 10:10PM","74.37","99%","0%"
"*04yie*","George Kirby","SEA","SP","148","NYX","28","TEX 1<br/>@SEA 3","74.34","98%","-1%"
"*06fzu*","Kazuma Okamoto","TOR","1B,3B,INF","149","NYX","30","TOR 0<br/>@ATH 2 F","74.26","97%","0%"
"*05a2d*","Max Meyer","MIA","SP","150","AF","27","NYM Wed 6:40PM","74.13","87%","-1%"
"*05lg3*","Brandon Pfaadt","ARI","SP,RP","151","THG","27","@KC Wed 7:40PM","74.02","79%","-4%"
"*061t3*","Brennan Bernardino","COL","SP,RP","152","FA","34","@NYY Wed 7:05PM","73.88","4%","0%"
"*05ydc*","Nate Lavender","NYM","RP","153","FA","26","@MIA Wed 6:40PM","73.85","19%","0%"
"*05ycf*","Noah Cameron","KC","SP","154","ThePhils","27","ARI Wed 7:40PM","73.85","92%","-1%"
"*04y76*","Jacob Webb","CHC","RP","155","iKnoBall","33","@MIL Wed 7:40PM","73.8","39%","-8%"
"*04yig*","Brooks Lee","MIN","2B,3B,SS,INF","156","MG","25","MIN 2<br/>@DET 7 F","73.75","91%","0%"
"*05w7z*","Edgardo Henriquez","LAD","RP","157","FA","24","CIN Wed 10:10PM","73.72","22%","0%"
"*01svq*","Manny Machado","SD","3B,INF","158","2xChamp","34","WSH 2<br/>@SD 5","73.68","99%","0%"
"*04mnw*","Ryan Weathers","NYY","SP","159","THG","26","COL Wed 7:05PM","73.67","80%","-1%"
"*05t9v*","Jonathan Aranda","TB","1B,INF","160","BHB","28","@ATL Wed 7:15PM","73.62","97%","0%"
"*031fj*","Gabe Speier","SEA","RP","161","ThePhils","31","TEX 1<br/>@SEA 3","73.58","21%","0%"
"*02i2j*","Max Fried","NYY","SP","162","BVB","32","COL Wed 7:05PM","73.56","99%","0%"
"*04fhb*","Julio Rodriguez","SEA","OF","163","MG","25","TEX 1<br/>@SEA 3","73.53","99%","0%"
"*0376h*","Tyler Alexander","TEX","SP,RP","164","FA","32","TEX 1<br/>@SEA 3","73.45","15%","-1%"
"*050w9*","Gunnar Henderson","BAL","SS,INF","165","W <small>(Fri)</small>","25","CLE Wed 6:35PM","73.34","99%","0%"
"*031cy*","Emilio Pagan","CIN","RP","166","2xChamp","35","@LAD Wed 10:10PM","73.25","84%","0%"
"*05sr2*","Michael McGreevy","STL","SP","167","FA","26","STL 6<br/>@SF 1","73.24","74%","-2%"
"*04q08*","Kyle Leahy","STL","SP,RP","168","FA","29","STL 6<br/>@SF 1","73.24","63%","-6%"
"*05y23*","Tanner Bibee","CLE","SP","169","FA","27","@BAL Wed 6:35PM","73.15","94%","-1%"
"*04hyc*","Ivan Herrera","STL","C","170","ThePhils","26","STL 6<br/>@SF 1","73.07","96%","0%"
"*04pkr*","Nico Hoerner","CHC","2B,SS,INF","171","iKnoBall","29","@MIL Wed 7:40PM","73.06","98%","0%"
"*04nqx*","Ezequiel Duran","TEX","1B,2B,3B,SS,INF,OF","172","AF","27","TEX 1<br/>@SEA 3","72.89","84%","0%"
"*0429k*","Colin Holderman","CLE","RP","173","FA","30","@BAL Wed 6:35PM","72.89","14%","-2%"
"*05133*","Andre Pallante","STL","SP","174","FA","27","STL 6<br/>@SF 1","72.75","69%","0%"
"*04ppi*","Kody Clemens","MIN","1B,2B,INF,OF","175","iKnoBall","30","MIN 2<br/>@DET 7 F","72.52","83%","-1%"
"*03ann*","Jeff Hoffman","MIN","RP","176","jd","33","MIN 2<br/>@DET 7 F","72.49","64%","-1%"
"*03fi0*","Ozzie Albies","ATL","2B,INF","177","AF","29","TB Wed 7:15PM","72.48","99%","0%"
"*05xod*","Sean Burke","CHW","SP,RP","178","jd","26","PIT Wed 7:40PM","72.3","92%","0%"
"*0403o*","Andres Munoz","SEA","RP","179","NYX","27","TEX 1<br/>@SEA 3","72.27","96%","0%"
"*04pma*","Daniel Lynch","KC","SP,RP","180","MG","29","ARI Wed 7:40PM","72.25","20%","-2%"
"*04ew7*","Aaron Ashby","MIL","RP","181","AF","28","CHC Wed 7:40PM","72.22","68%","-1%"
"*02n2x*","Paul Sewald","TOR","RP","182","FA","36","TOR 0<br/>@ATH 2 F","72.02","28%","-1%"
"*03et8*","Ranger Suarez","BOS","SP","183","MG","31","LAA Wed 6:45PM","72","97%","0%"
"*05u9q*","Jac Caglianone","KC","1B,INF,OF","184","THG","23","ARI Wed 7:40PM","71.99","98%","-1%"
"*041qb*","Bo Bichette","NYM","3B,SS,INF","185","NYX","28","@MIA Wed 6:40PM","71.99","98%","0%"
"*03oh0*","Willson Contreras","BOS","1B,INF","186","2xChamp","34","LAA Wed 6:45PM","71.91","98%","0%"
"*04mlt*","Shane McClanahan","TB","SP","187","2xChamp","29","@ATL Wed 7:15PM","71.9","91%","-5%"
"*04pxo*","Erik Sabrowski","CLE","RP","188","BVB","28","@BAL Wed 6:35PM","71.88","44%","-1%"
"*03yrz*","William Contreras","MIL","C","189","BVB","28","CHC Wed 7:40PM","71.87","99%","0%"
"*05yb8*","Chad Patrick","MIL","SP,RP","190","FA","28","CHC Wed 7:40PM","71.8","53%","-1%"
"*05js3*","Kyle Harrison","MIL","SP,RP","191","iKnoBall","25","CHC Wed 7:40PM","71.76","88%","-4%"
"*04azv*","Jake Burger","TEX","1B,INF","192","BHB","30","TEX 1<br/>@SEA 3","71.61","74%","0%"
"*05ynb*","Liam Hicks","TB","C,1B,INF","193","AF","27","@ATL Wed 7:15PM","71.55","89%","-1%"
"*05rch*","Colson Montgomery","CHW","3B,SS,INF","194","AF","24","PIT Wed 7:40PM","71.5","96%","0%"
"*0649e*","A.J. Blubaugh","HOU","SP,RP","195","FA","26","@PHI Wed 6:40PM","71.31","19%","-1%"
"*0629b*","Walbert Urena","LAA","SP","196","FA","22","@BOS Wed 6:45PM","71.21","77%","-1%"
"*03y4y*","Enyel De Los Santos","HOU","RP","197","FA","30","@PHI Wed 6:40PM","71.19","7%","0%"
"*06aw3*","JJ Wetherholt","STL","2B,SS,INF","198","iKnoBall","23","STL 6<br/>@SF 1","71.02","97%","0%"
"*03pjd*","Josh Naylor","SEA","1B,INF","199","BVB","29","TEX 1<br/>@SEA 3","70.88","95%","-1%"
"*026lz*","Josh Bell","MIN","1B,INF","200","W <small>(Thu)</small>","34","MIN 2<br/>@DET 7 F","70.71","72%","-2%"
"*05jp9*","Bryce Elder","ATL","SP","201","MG","27","TB Wed 7:15PM","70.64","77%","-6%"
"*031dd*","Tim Mayza","PHI","SP,RP","202","FA","34","HOU Wed 6:40PM","70.47","4%","0%"
"*02btx*","Tyler Glasnow","LAD","SP","203","Ka-Chow","33","CIN Wed 10:10PM","70.11","99%","0%"
"*02bu3*","Brandon Woodruff","MIL","SP","204","FA","33","CHC Wed 7:40PM","70.1","65%","0%"
"*04aee*","Jo Adell","CLE","OF","205","NYX","27","@BAL Wed 6:35PM","70","92%","-1%"
"*04pst*","Jarren Duran","BOS","OF","206","BVB","30","LAA Wed 6:45PM","69.99","93%","-1%"
"*0622w*","Chandler Simpson","TB","OF","207","BHB","25","@ATL Wed 7:15PM","69.89","93%","-1%"
"*02mw3*","Christian Walker","HOU","1B,INF","208","XBLADZ","35","@PHI Wed 6:40PM","69.88","93%","-2%"
"*03mew*","Luis Arraez","PHI","1B,2B,INF","209","Ka-Chow","29","HOU Wed 6:40PM","69.87","96%","0%"
"*05vy5*","Carter Jensen","KC","C","210","ThePhils","23","ARI Wed 7:40PM","69.86","90%","0%"
"*04ej3*","Riley O'Brien","STL","RP","211","jd","31","STL 6<br/>@SF 1","69.81","89%","-1%"
"*03dap*","Brock Burke","CIN","RP","212","FA","30","@LAD Wed 10:10PM","69.77","15%","0%"
"*0326s*","Ketel Marte","ARI","2B,INF","213","NYX","32","@KC Wed 7:40PM","69.72","99%","0%"
"*04p10*","Bryson Stott","PHI","2B,3B,SS,INF","214","jd","28","HOU Wed 6:40PM","69.7","92%","-2%"
"*0423e*","Anthony Bender","MIA","RP","215","FA","31","NYM Wed 6:40PM","69.59","13%","0%"
"*04mjn*","Eduard Bazardo","SEA","RP","216","W <small>(Thu)</small>","31","TEX 1<br/>@SEA 3","69.28","29%","-2%"
"*04t9b*","Michael Busch","CHC","1B,INF","217","MG","28","@MIL Wed 7:40PM","69.04","94%","-1%"
"*02mzg*","Max Muncy","LAD","3B,INF","218","BVB","36","CIN Wed 10:10PM","68.99","95%","-1%"
"*04c0o*","Jose Soriano","TOR","SP","219","AF","27","TOR 0<br/>@ATH 2 F","68.88","97%","-1%"
"*041q8*","Brandon Marsh","PHI","OF","220","ThePhils","28","HOU Wed 6:40PM","68.75","80%","-5%"
"*02nbw*","Tejay Antone","CIN","RP","221","FA","32","@LAD Wed 10:10PM","68.74","4%","0%"
"*03nmw*","Ian Happ","CHC","OF","222","BVB","32","@MIL Wed 7:40PM","68.65","93%","-2%"
"*04q05*","Alex Vesia","LAD","RP","223","THG","30","CIN Wed 10:10PM","68.59","41%","-1%"
"*04s1g*","Gabriel Moreno","ARI","C","224","2xChamp","26","@KC Wed 7:40PM","68.57","92%","0%"
"*05yb0*","T.J. Rumfield","COL","1B,INF","225","jd","26","@NYY Wed 7:05PM","68.56","78%","0%"
"*04n8z*","Xavier Edwards","MIA","2B,SS,INF","226","2xChamp","27","NYM Wed 6:40PM","68.36","96%","-1%"
"*04pbq*","Geraldo Perdomo","ARI","SS,INF","227","iKnoBall","26","@KC Wed 7:40PM","68.3","97%","-1%"
"*05y4b*","Caleb Durbin","BOS","2B,3B,INF","228","FA","26","LAA Wed 6:45PM","68.24","85%","-4%"
"*04si3*","Brayan Rocchio","CLE","2B,SS,INF","229","FA","25","@BAL Wed 6:35PM","68.2","65%","-1%"
"*04pr8*","Taj Bradley","MIN","SP","230","AF","25","MIN 2<br/>@DET 7 F","68.13","94%","0%"
"*05itb*","Randy Vasquez","SD","SP,RP","231","FA","27","WSH 2<br/>@SD 5","67.94","49%","-7%"
"*04pkt*","J.T. Ginn","ATH","SP,RP","232","FA","27","TOR 0<br/>@ATH 2 F","67.91","62%","-12%"
"*04y8z*","Erik Miller","BOS","RP","233","W <small>(Fri)</small>","28","LAA Wed 6:45PM","67.8","24%","-1%"
"*03poo*","Peter Lambert","HOU","SP","234","BVB","29","@PHI Wed 6:40PM","67.68","72%","-3%"
"*04071*","Isaac Paredes","HOU","1B,3B,INF","235","iKnoBall","27","@PHI Wed 6:40PM","67.63","95%","0%"
"*04pxf*","Davis Martin","CHW","SP","236","FA","29","PIT Wed 7:40PM","67.6","72%","0%"
"*01s8u*","Mike Trout","LAA","OF,UT","237","Ka-Chow","35","@BOS Wed 6:45PM","67.59","99%","0%"
"*04nb2*","Riley Greene","DET","OF","238","MG","25","MIN 2<br/>@DET 7 F","67.51","99%","0%"
"*01u75*","Salvador Perez","KC","C,1B,INF","239","2xChamp","36","ARI Wed 7:40PM","67.4","86%","-1%"
"*02bx4*","Clay Holmes","CHC","SP","240","AF","33","@MIL Wed 7:40PM","67.34","90%","-2%"
"*0648y*","Mason Fluharty","TOR","SP,RP","241","FA","25","TOR 0<br/>@ATH 2 F","67.31","10%","-1%"
"*0597k*","Nick Gonzales","PIT","2B,3B,SS,INF","242","XBLADZ","27","@CHW Wed 7:40PM","67.23","73%","-2%"
"*01sy3*","Nolan Arenado","ARI","3B,INF","243","FA","35","@KC Wed 7:40PM","67.21","70%","-2%"
"*03ae8*","Dansby Swanson","CHC","SS,INF","244","AF","32","@MIL Wed 7:40PM","67.21","83%","0%"
"*05r3a*","Brandon Young","BAL","SP","245","W <small>(Thu)</small>","28","CLE Wed 6:35PM","67.14","69%","-1%"
"*02n4s*","Matthew Boyd","CHC","SP","246","FA","35","@MIL Wed 7:40PM","67.03","87%","-2%"
"*01ub6*","Jose Ramirez","CLE","3B,INF","247","BHB","33","@BAL Wed 6:35PM","67.03","100%","0%"
"*04cwf*","Shane Baz","BAL","SP","248","NYX","27","CLE Wed 6:35PM","67","88%","0%"
"*02bq2*","Brandon Nimmo","TEX","OF","249","XBLADZ","33","TEX 1<br/>@SEA 3","66.84","93%","-1%"
"*05zh9*","Luke Keaschall","MIN","2B,INF,OF","250","NYX","24","MIN 2<br/>@DET 7 F","66.7","95%","0%"
"*05oyx*","Peyton Gray","TEX","RP","251","FA","31","TEX 1<br/>@SEA 3","66.65","4%","0%"
"*05m49*","Jung Hoo Lee","SF","OF","252","XBLADZ","28","STL 6<br/>@SF 1","66.58","82%","-2%"
"*0648r*","Andrew Morris","MIN","SP,RP","253","BVB","25","MIN 2<br/>@DET 7 F","66.45","23%","-3%"
"*06879*","Anthony Molina","SF","RP","254","FA","24","STL 6<br/>@SF 1","66.43","12%","0%"
"*0648n*","Chase Meidroth","CHW","2B,SS,INF","255","MG","25","PIT Wed 7:40PM","66.34","74%","-1%"
"*03aqw*","Mauricio Dubon","ATL","2B,3B,SS,INF,OF","256","BVB","32","TB Wed 7:15PM","66.14","76%","-2%"
"*05wxw*","Gordon Graceffo","STL","RP","257","FA","26","STL 6<br/>@SF 1","66.05","11%","0%"
"*04022*","Tim Hill","NYY","RP","258","FA","36","COL Wed 7:05PM","65.99","7%","0%"
"*05yef*","Cooper Hjerpe","STL","SP","259","FA","25","STL 6<br/>@SF 1","65.84","18%","+1%"
"*04ggi*","Andrew Kittredge","BAL","RP","260","BHB","36","CLE Wed 6:35PM","65.81","27%","-3%"
"*05uei*","Chase DeLauter","CLE","OF","261","THG","24","@BAL Wed 6:35PM","65.79","96%","-1%"
"*04auj*","Framber Valdez","DET","SP","262","iKnoBall","32","MIN 2<br/>@DET 7 F","65.75","94%","0%"
"*05y7x*","Cole Young","SEA","2B,INF","263","ThePhils","23","TEX 1<br/>@SEA 3","65.72","70%","-2%"
"*05r9n*","Ray Kerr","ATL","RP","264","FA","31","TB Wed 7:15PM","65.72","1%","0%"
"*04mn5*","Alec Bohm","PHI","1B,3B,INF","265","ThePhils","30","HOU Wed 6:40PM","65.63","78%","-1%"
"*062ob*","Jose Ferrer","SEA","RP","266","FA","26","TEX 1<br/>@SEA 3","65.59","20%","-1%"
"*06f1r*","Connelly Early","WSH","SP","267","MG","24","WSH 2<br/>@SD 5","65.54","84%","0%"
"*06ekq*","Zac Thornton","NYM","SP,RP","268","FA","24","@MIA Wed 6:40PM","65.52","57%","-6%"
"*03d6p*","Grant Holmes","ATL","SP","269","FA","30","TB Wed 7:15PM","65.51","66%","-2%"
"*03pom*","Austin Riley","ATL","3B,INF","270","AF","29","TB Wed 7:15PM","65.49","91%","-1%"
"*0425t*","Bailey Ober","MIN","SP","271","FA","31","MIN 2<br/>@DET 7 F","65.48","69%","-2%"
"*041rj*","JoJo Romero","MIL","RP","272","FA","29","CHC Wed 7:40PM","65.46","37%","-2%"
"*05vy6*","Bryce Miller","SEA","SP","273","jd","28","TEX 1<br/>@SEA 3","65.35","81%","-1%"
"*066dd*","Samy Natera Jr.","LAA","RP","274","FA","26","@BOS Wed 6:45PM","65.35","22%","-2%"
"*05ym7*","Fernando Cruz","NYY","RP","275","FA","36","COL Wed 7:05PM","65.17","27%","-1%"
"*06l4y*","Logan VanWey","HOU","RP","276","FA","27","@PHI Wed 6:40PM","65.11","1%","0%"
"*0312g*","Tyler Mahle","ATL","SP","277","XBLADZ","31","TB Wed 7:15PM","65.04","76%","-2%"
"*0317q*","Griffin Jax","TB","SP,RP","278","FA","31","@ATL Wed 7:15PM","64.87","72%","-5%"
"*041r5*","Dustin May","MIL","SP","279","FA","29","CHC Wed 7:40PM","64.65","71%","-4%"
"*03120*","Cody Bellinger","NYY","OF","280","BHB","31","COL Wed 7:05PM","64.55","99%","0%"
"*03zlh*","Oneil Cruz","PIT","OF","281","Ka-Chow","27","@CHW Wed 7:40PM","64.48","99%","0%"
"*066du*","Brad Lord","WSH","SP,RP","282","FA","26","WSH 2<br/>@SD 5","64.45","19%","0%"
"*05a1s*","Eddy Yean","WSH","RP","283","FA","25","WSH 2<br/>@SD 5","64.42","2%","0%"
"*03btu*","Willi Castro","COL","1B,2B,3B,SS,INF,OF","284","FA","29","@NYY Wed 7:05PM","64.34","71%","-9%"
"*061bn*","Austin Peterson","CLE","SP","285","FA","26","@BAL Wed 6:35PM","64.32","2%","0%"
"*060ml*","Huascar Brazoban","CHW","SP,RP","286","FA","36","PIT Wed 7:40PM","64.31","12%","0%"
"*05aoc*","Eury Perez","MIA","SP","287","FA","23","NYM Wed 6:40PM","64.3","97%","-1%"
"*066cf*","Zebby Matthews","MIN","SP","288","THG","26","MIN 2<br/>@DET 7 F","64.29","72%","-4%"
"*02bzl*","Yacksel Rios","(N/A)","RP","289","FA","33","","64.28","0%","0%"
"*05a29*","Carmen Mlodzinski","PIT","SP,RP","290","FA","27","@CHW Wed 7:40PM","64.17","25%","-1%"
"*04z9e*","George Soriano","STL","RP","291","ThePhils","27","STL 6<br/>@SF 1","64.12","14%","-1%"
"*06plc*","Sam Antonacci","CHW","2B,3B,SS,INF,OF","292","jd","23","PIT Wed 7:40PM","64.12","79%","-1%"
"*041tl*","Matt Festa","CLE","RP","293","FA","33","@BAL Wed 6:35PM","64.07","4%","0%"
"*0427a*","Casey Legumina","TB","SP,RP","294","FA","29","@ATL Wed 7:15PM","64.07","2%","0%"
"*04eud*","Shane Drohan","MIL","SP,RP","295","FA","27","CHC Wed 7:40PM","64.07","53%","-5%"
"*03pir*","Kyle Tucker","LAD","OF","296","FA","29","CIN Wed 10:10PM","64.04","98%","-1%"
"*03qto*","Evan Phillips","LAD","RP","297","FA","31","CIN Wed 10:10PM","64.03","10%","0%"
"*06uhk*","Cesar Perdomo","SF","SP","298","FA","24","STL 6<br/>@SF 1","64.02","10%","0%"
"*05138*","Matt Brash","SEA","RP","299","FA","28","TEX 1<br/>@SEA 3","64","32%","-1%"
"*02mzi*","Ty Blach","CHC","SP","300","FA","35","@MIL Wed 7:40PM","63.98","0%","0%"
"*03cav*","Brent Suter","ATL","SP,RP","301","FA","37","TB Wed 7:15PM","63.94","4%","0%"
"*05y3u*","Munetaka Murakami","CHW","1B,3B,INF","302","Ka-Chow","26","PIT Wed 7:40PM","63.91","99%","0%"
"*04fq2*","Javier Assad","CHC","SP,RP","303","FA","29","@MIL Wed 7:40PM","63.9","20%","-5%"
"*062k5*","Nick Kurtz","ATH","1B,INF","304","jd","23","TOR 0<br/>@ATH 2 F","63.89","91%","0%"
"*03mle*","Joe Mantiply","TOR","RP","305","FA","35","TOR 0<br/>@ATH 2 F","63.88","1%","0%"
"*03ojr*","Vladimir Guerrero Jr.","TOR","1B,INF","306","BVB","27","TOR 0<br/>@ATH 2 F","63.8","99%","0%"
"*028is*","Vince Velasquez","KC","SP","307","FA","34","ARI Wed 7:40PM","63.76","1%","0%"
"*04pps*","Hogan Harris","ATH","RP","308","FA","29","TOR 0<br/>@ATH 2 F","63.75","48%","0%"
"*04alp*","Ernie Clement","TOR","1B,2B,3B,SS,INF","309","AF","30","TOR 0<br/>@ATH 2 F","63.74","83%","-2%"
"*04ddz*","Yohan Ramirez","PIT","RP","310","FA","31","@CHW Wed 7:40PM","63.73","10%","0%"
"*04b01*","Tomoyuki Sugano","COL","SP","311","FA","36","@NYY Wed 7:05PM","63.73","29%","-2%"
"*03at0*","Kevin Herget","NYM","RP","312","FA","35","@MIA Wed 6:40PM","63.7","0%","0%"
"*06580*","Dylan Ross","NYM","SP,RP","313","FA","26","@MIA Wed 6:40PM","63.7","2%","0%"
"*025j1*","Robbie Ray","SD","SP","314","Ka-Chow","34","WSH 2<br/>@SD 5","63.65","96%","-1%"
"*04coa*","Trevor Richards","CHW","RP","315","FA","33","PIT Wed 7:40PM","63.47","2%","0%"
"*05yaz*","Will Warren","NYY","SP","316","THG","27","COL Wed 7:05PM","63.39","84%","0%"
"*04pqo*","Braydon Fisher","TOR","SP,RP","317","XBLADZ","26","TOR 0<br/>@ATH 2 F","63.28","17%","0%"
"*04mlh*","Ryan Rolison","CHC","RP","318","FA","29","@MIL Wed 7:40PM","63.25","6%","0%"
"*04xne*","Yoendrys Gomez","MIN","SP,RP","319","jd","26","MIN 2<br/>@DET 7 F","63.21","62%","-1%"
"*061jc*","Tim Herrin","CLE","RP","320","FA","29","@BAL Wed 6:35PM","63.2","6%","0%"
"*04o4s*","Shea Langeliers","ATH","C","321","MG","28","TOR 0<br/>@ATH 2 F","63.19","89%","+1%"
"*03qx9*","Tayler Saucedo","LAA","RP","322","FA","33","@BOS Wed 6:45PM","63.12","1%","0%"
"*04etg*","Janson Junk","MIA","SP,RP","323","FA","30","NYM Wed 6:40PM","63.05","28%","0%"
"*03atq*","Willy Adames","SF","SS,INF","324","FA","31","STL 6<br/>@SF 1","63.04","79%","-1%"
"*0421q*","Greg Weissert","BOS","RP","325","FA","31","LAA Wed 6:45PM","63.03","4%","0%"
"*04yk2*","Spencer Torkelson","DET","1B,INF","326","XBLADZ","27","MIN 2<br/>@DET 7 F","63.02","80%","-1%"
"*03qub*","Grant Wolfram","BAL","RP","327","FA","29","CLE Wed 6:35PM","62.98","4%","0%"
"*0514f*","Hayden Wesneski","HOU","SP","328","FA","28","@PHI Wed 6:40PM","62.96","58%","-1%"
"*01sha*","Anthony Gose","KC","RP","329","FA","36","ARI Wed 7:40PM","62.89","0%","0%"
"*025gb*","Xander Bogaerts","SD","SS,INF","330","FA","33","WSH 2<br/>@SD 5","62.88","70%","-1%"
"*04esc*","Keaton Winn","SF","RP","331","FA","28","STL 6<br/>@SF 1","62.86","12%","0%"
"*05173*","Alec Gamboa","BOS","SP,RP","332","FA","29","LAA Wed 6:45PM","62.78","3%","0%"
"*02bx6*","Derek Law","ARI","SP,RP","333","FA","35","@KC Wed 7:40PM","62.53","1%","0%"
"*05y72*","Landen Roupp","SF","SP","334","MG","27","STL 6<br/>@SF 1","62.51","76%","-1%"
"*05yam*","Riley Martin","CHC","RP","335","FA","28","@MIL Wed 7:40PM","62.51","2%","0%"
"*0422c*","Kyle Hart","SD","SP,RP","336","FA","33","WSH 2<br/>@SD 5","62.46","4%","0%"
"*060uk*","Jack Anderson","MIN","SP,RP","337","FA","26","MIN 2<br/>@DET 7 F","62.34","2%","0%"
"*06rtt*","Juan Burgos","ARI","RP","338","FA","26","@KC Wed 7:40PM","62.31","0%","0%"
"*065ji*","Jakob Marsee","MIA","OF","339","ThePhils","25","NYM Wed 6:40PM","62.24","70%","-1%"
"*04eig*","Jose Caballero","NYY","2B,3B,SS,INF,OF","340","FA","30","COL Wed 7:05PM","62.19","75%","-3%"
"*0512q*","Justin Slaten","BOS","RP","341","FA","28","LAA Wed 6:45PM","62.14","12%","0%"
"*02i3o*","Aaron Nola","PHI","SP","342","jd","33","HOU Wed 6:40PM","62.14","89%","-1%"
"*04ppj*","Jeremy Pena","HOU","SS,INF","343","jd","28","@PHI Wed 6:40PM","62.09","96%","-1%"
"*0689r*","Yuki Matsui","SD","RP","344","FA","30","WSH 2<br/>@SD 5","62.09","9%","0%"
"*03ynj*","Juan Soto","NYM","OF","345","2xChamp","27","@MIA Wed 6:40PM","62.01","99%","0%"
"*04cd5*","MacKenzie Gore","TEX","SP","346","ThePhils","27","TEX 1<br/>@SEA 3","61.9","95%","-2%"
"*05jp4*","Casey Schmitt","SF","1B,2B,3B,INF,OF","347","BHB","27","STL 6<br/>@SF 1","61.87","59%","-1%"
"*01fhm*","Martin Perez","ATL","SP","348","FA","35","TB Wed 7:15PM","61.82","48%","-4%"
"*02i2k*","Byron Buxton","MIN","OF","349","AF","32","MIN 2<br/>@DET 7 F","61.72","96%","-1%"
"*03whq*","Ty France","SD","1B,INF","350","BVB","32","WSH 2<br/>@SD 5","61.69","61%","-1%"
"*06491*","Orion Kerkering","PHI","RP","351","FA","25","HOU Wed 6:40PM","61.62","27%","-1%"
"*04tlv*","Bryan Abreu","HOU","RP","352","ThePhils","29","@PHI Wed 6:40PM","61.56","53%","-1%"
"*050ih*","Jhony Brito","SD","RP","353","FA","28","WSH 2<br/>@SD 5","61.56","2%","0%"
"*041s4*","Lake Bachar","PIT","SP,RP","354","FA","31","@CHW Wed 7:40PM","61.52","7%","0%"
"*04y9f*","Ryan Zeferjahn","CHC","RP","355","FA","28","@MIL Wed 7:40PM","61.49","21%","-2%"
"*04en7*","Garrett Mitchell","MIL","OF","356","FA","28","CHC Wed 7:40PM","61.49","53%","-1%"
"*04ekf*","Calvin Faucher","MIA","RP","357","FA","30","NYM Wed 6:40PM","61.43","16%","-1%"
"*05161*","Dominic Canzone","SEA","OF","358","THG","29","TEX 1<br/>@SEA 3","61.42","70%","-1%"
"*0313t*","Tyler Kinley","DET","RP","359","FA","35","MIN 2<br/>@DET 7 F","61.21","6%","0%"
"*05y2l*","Emmet Sheehan","LAD","SP","360","THG","26","CIN Wed 10:10PM","61.15","71%","+1%"
"*041vj*","Julian Garcia","CIN","SP,RP","361","FA","31","@LAD Wed 10:10PM","61.14","5%","0%"
"*02nb6*","Drew Anderson","DET","SP,RP","362","FA","32","MIN 2<br/>@DET 7 F","61.11","29%","0%"
"*04q3y*","Grant Anderson","MIL","RP","363","FA","29","CHC Wed 7:40PM","61.08","4%","0%"
"*04up9*","Heriberto Hernandez","MIA","OF","364","BHB","26","NYM Wed 6:40PM","61.07","59%","-1%"
"*02x0f*","Sean Manaea","NYM","SP,RP","365","FA","34","@MIA Wed 6:40PM","61","51%","-6%"
"*03pit*","Trent Grisham","NYY","OF","366","iKnoBall","29","COL Wed 7:05PM","60.92","76%","-8%"
"*060jo*","Cam Smith","HOU","OF","367","FA","23","@PHI Wed 6:40PM","60.74","69%","-2%"
"*05tjx*","Steven Cruz","KC","RP","368","W <small>(Fri)</small>","27","ARI Wed 7:40PM","60.56","18%","-1%"
"*05ydz*","Tristan Peters","CHW","OF","369","FA","26","PIT Wed 7:40PM","60.53","54%","-5%"
"*03dc4*","Freddy Peralta","TB","SP","370","jd","30","@ATL Wed 7:15PM","60.48","94%","0%"
"*04aqf*","Brian Keller","PHI","SP","371","FA","32","HOU Wed 6:40PM","60.42","1%","0%"
"*04eku*","John King","TEX","RP","372","FA","31","TEX 1<br/>@SEA 3","60.38","5%","0%"
"*041mb*","Anthony Kay","CHW","SP,RP","373","FA","31","PIT Wed 7:40PM","60.34","43%","-7%"
"*03sef*","Seth Lugo","KC","SP","374","FA","36","ARI Wed 7:40PM","60.33","68%","-4%"
"*02hhj*","Ryne Stanek","STL","RP","375","FA","35","STL 6<br/>@SF 1","60.27","15%","-1%"
"*03qt6*","Tyler Phillips","MIA","SP,RP","376","FA","28","NYM Wed 6:40PM","60.26","22%","-4%"
"*01svz*","Kenley Jansen","DET","RP","377","NYX","38","MIN 2<br/>@DET 7 F","60.21","74%","-1%"
"*02zoa*","Antonio Senzatela","MIL","SP,RP","378","FA","31","CHC Wed 7:40PM","60.14","25%","-1%"
"*04ehi*","Tyler Zuber","MIA","RP","379","FA","31","NYM Wed 6:40PM","60.09","1%","0%"
"*04rhl*","Carlos Vargas","SEA","RP","380","FA","26","TEX 1<br/>@SEA 3","59.98","3%","0%"
"*06apx*","Trey Yesavage","TOR","SP","381","MG","23","TOR 0<br/>@ATH 2 F","59.96","90%","0%"
"*03wha*","Ronald Acuna Jr.","ATL","OF","382","AF","28","TB Wed 7:15PM","59.81","99%","0%"
"*03d7c*","Scott Blewett","ATH","RP","383","FA","30","TOR 0<br/>@ATH 2 F","59.8","1%","0%"
"*024m0*","Jose Altuve","HOU","2B,INF,OF","384","BVB","36","@PHI Wed 6:40PM","59.77","89%","-1%"
"*04pq4*","Kyle Bradish","BAL","SP","385","NYX","29","CLE Wed 6:35PM","59.71","91%","-2%"
"*0519c*","Orlando Ribalta","WSH","RP","386","FA","28","WSH 2<br/>@SD 5","59.66","3%","0%"
"*04aeh*","DL Hall","MIL","SP,RP","387","XBLADZ","27","CHC Wed 7:40PM","59.56","12%","-1%"
"*02btf*","Mookie Betts","LAD","SS,INF","388","XBLADZ","33","CIN Wed 10:10PM","59.52","99%","0%"
"*02bqr*","Blake Snell","LAD","SP","389","iKnoBall","33","CIN Wed 10:10PM","59.44","98%","0%"
"*025he*","George Springer","TOR","OF","390","FA","36","TOR 0<br/>@ATH 2 F","59.35","86%","-2%"
"*04eec*","Nate Pearson","KC","RP","391","FA","30","ARI Wed 7:40PM","59.32","14%","-1%"
"*031k3*","Trent Thornton","CHC","RP","392","FA","32","@MIL Wed 7:40PM","59.32","3%","0%"
"*03pzn*","Andres Gimenez","TOR","2B,SS,INF","393","FA","28","TOR 0<br/>@ATH 2 F","59.28","53%","-1%"
"*03dgq*","Ryan O'Hearn","PIT","1B,INF,OF","394","Ka-Chow","33","@CHW Wed 7:40PM","59.23","80%","0%"
"*02brc*","Adrian Houser","SF","SP,RP","395","FA","33","STL 6<br/>@SF 1","59.19","19%","-1%"
"*0316j*","Nick Pivetta","SD","SP","396","MG","33","WSH 2<br/>@SD 5","59.19","87%","0%"
"*03aac*","Walker Buehler","SD","SP","397","jd","32","WSH 2<br/>@SD 5","59.09","50%","+1%"
"*04y95*","JJ Bleday","CIN","OF","398","FA","28","@LAD Wed 10:10PM","59.04","66%","-2%"
"*03deu*","Brock Stewart","LAD","RP","399","FA","34","CIN Wed 10:10PM","59.03","5%","-1%"
"*050vo*","Dedniel Nunez","NYM","RP","400","FA","30","@MIA Wed 6:40PM","58.88","3%","0%"
"*05gtn*","Tyler Soderstrom","ATH","1B,INF,OF","401","FA","24","TOR 0<br/>@ATH 2 F","58.86","83%","-1%"
"*05u6r*","Robert Gasser","MIL","SP","402","FA","27","CHC Wed 7:40PM","58.84","37%","-2%"
"*05xy1*","Wyatt Olds","BOS","RP","403","FA","27","LAA Wed 6:45PM","58.74","1%","0%"
"*05zde*","Travis Bazzana","CLE","2B,INF","404","BVB","24","@BAL Wed 6:35PM","58.73","83%","-1%"
"*04aeb*","Royce Lewis","MIN","1B,2B,3B,INF","405","THG","27","MIN 2<br/>@DET 7 F","58.73","81%","-2%"
"*05ub0*","Zack Gelof","ATH","2B,3B,INF,OF","406","W <small>(Fri)</small>","26","TOR 0<br/>@ATH 2 F","58.66","81%","0%"
"*041z3*","John Schreiber","NYY","RP","407","FA","32","COL Wed 7:05PM","58.65","5%","0%"
"*06qwb*","Jose Fermin","LAA","RP","408","FA","24","@BOS Wed 6:45PM","58.53","4%","0%"
"*031hc*","Cole Sulser","TB","RP","409","FA","36","@ATL Wed 7:15PM","58.41","4%","-1%"
"*02n0v*","Hoby Milner","SEA","RP","410","FA","35","TEX 1<br/>@SEA 3","58.31","3%","0%"
"*04pr1*","Steven Kwan","CLE","OF","411","NYX","29","@BAL Wed 6:35PM","58.3","88%","-1%"
"*04pvu*","Stephen Kolek","KC","SP","412","iKnoBall","29","ARI Wed 7:40PM","58.26","21%","0%"
"*062ho*","Javier Sanoja","MIA","2B,3B,SS,INF,OF,RP","413","W <small>(Fri)</small>","24","NYM Wed 6:40PM","58.26","50%","0%"
"*04yid*","Ryne Nelson","ARI","SP,RP","414","FA","28","@KC Wed 7:40PM","58.23","50%","0%"
"*02bzn*","Colin Rea","CHC","SP,RP","415","FA","36","@MIL Wed 7:40PM","58.22","28%","-1%"
"*05135*","Jake Mangum","PIT","OF","416","FA","30","@CHW Wed 7:40PM","58.21","37%","-3%"
"*0433b*","Ildemaro Vargas","ARI","1B,2B,INF","417","FA","35","@KC Wed 7:40PM","58.19","36%","-2%"
"*061cq*","Ryan Watson","LAA","RP","418","FA","28","@BOS Wed 6:45PM","57.83","2%","0%"
"*04y97*","Kyle Stowers","MIA","1B,INF,OF","419","iKnoBall","28","NYM Wed 6:40PM","57.83","88%","-1%"
"*057n0*","Anthony Nunez","BAL","RP","420","FA","25","CLE Wed 6:35PM","57.7","8%","0%"
"*05yaf*","Jacob Young","WSH","OF","421","FA","27","WSH 2<br/>@SD 5","57.64","31%","-2%"
"*05h2u*","Jared Jones","PIT","SP","422","NYX","25","@CHW Wed 7:40PM","57.61","80%","-1%"
"*04ya4*","Nasim Nunez","WSH","2B,SS,INF","423","FA","26","WSH 2<br/>@SD 5","57.55","47%","-3%"
"*03qmm*","Jovani Moran","BOS","SP,RP","424","FA","29","LAA Wed 6:45PM","57.52","5%","0%"
"*06mi0*","Bryan King","HOU","RP","425","XBLADZ","29","@PHI Wed 6:40PM","57.5","15%","-1%"
"*05jrb*","Victor Mederos","ATL","SP,RP","426","FA","25","TB Wed 7:15PM","57.47","3%","0%"
"*061xq*","Miguel Ullola","HOU","SP,RP","427","FA","24","@PHI Wed 6:40PM","57.44","11%","0%"
"*05k3i*","Justin Bruihl","STL","RP","428","FA","29","STL 6<br/>@SF 1","57.34","2%","0%"
"*0429h*","Bryse Wilson","MIL","SP,RP","429","FA","28","CHC Wed 7:40PM","57.33","2%","0%"
"*05oqe*","Ty Madden","DET","SP,RP","430","FA","26","MIN 2<br/>@DET 7 F","57.32","16%","0%"
"*05144*","Hunter Brown","HOU","SP","431","Ka-Chow","28","@PHI Wed 6:40PM","57.32","99%","0%"
"*02xic*","Teoscar Hernandez","LAD","OF","432","ThePhils","33","CIN Wed 10:10PM","57.19","87%","0%"
"*04ehz*","Jeremiah Estrada","SD","RP","433","FA","27","WSH 2<br/>@SD 5","57.19","38%","0%"
"*0317o*","Jeff McNeil","ATH","1B,2B,INF,OF","434","FA","34","TOR 0<br/>@ATH 2 F","57.18","52%","-1%"
"*041e2*","Mickey Moniak","COL","OF","435","ThePhils","28","@NYY Wed 7:05PM","57.08","83%","-4%"
"*05gwt*","Jake Eder","(N/A)","RP","436","FA","27","","57.06","3%","0%"
"*04px6*","Cooper Criswell","SEA","RP","437","FA","30","TEX 1<br/>@SEA 3","57.05","4%","0%"
"*03qr0*","Cedric Mullins","TB","OF","438","FA","31","@ATL Wed 7:15PM","57.04","39%","-1%"
"*041qr*","Aaron Civale","CHC","SP,RP","439","FA","31","@MIL Wed 7:40PM","57","18%","0%"
"*041g5*","Elvis Alvarado","ATH","RP","440","FA","27","TOR 0<br/>@ATH 2 F","56.97","27%","-6%"
"*04prt*","Lawrence Butler","ATH","OF","441","W <small>(Thu)</small>","26","TOR 0<br/>@ATH 2 F","56.95","80%","-1%"
"*05r1t*","Kervin Castro","NYY","RP","442","FA","27","COL Wed 7:05PM","56.94","1%","0%"
"*03pdw*","Andrew Benintendi","CHW","OF","443","FA","32","PIT Wed 7:40PM","56.92","32%","-2%"
"*05xud*","Brett Kerry","LAA","SP","444","FA","27","@BOS Wed 6:45PM","56.9","2%","0%"
"*03pov*","Brady Singer","CIN","SP","445","FA","30","@LAD Wed 10:10PM","56.89","59%","-4%"
"*025dn*","Christian Yelich","MIL","OF,UT","446","BVB","34","CHC Wed 7:40PM","56.8","87%","-1%"
"*06308*","William Kempner","MIA","RP","447","FA","25","NYM Wed 6:40PM","56.76","2%","0%"
"*05gww*","Cade Horton","CHC","SP","448","FA","25","@MIL Wed 7:40PM","56.75","64%","0%"
"*05u2x*","Josh Walker","BAL","RP","449","FA","31","CLE Wed 6:35PM","56.74","1%","0%"
"*05xpq*","Christian Scott","NYM","SP","450","FA","27","@MIA Wed 6:40PM","56.61","62%","-3%"
"*03d6n*","Erick Fedde","CHW","SP,RP","451","FA","33","PIT Wed 7:40PM","56.56","19%","-1%"
"*04y78*","Jacob Waguespack","DET","RP","452","FA","32","MIN 2<br/>@DET 7 F","56.52","1%","0%"
"*030vs*","Kirby Yates","PIT","RP","453","FA","39","@CHW Wed 7:40PM","56.48","14%","0%"
"*026qc*","Joc Pederson","TEX","UT","454","FA","34","TEX 1<br/>@SEA 3","56.38","29%","-2%"
"*04efa*","Daulton Varsho","HOU","OF","455","FA","30","@PHI Wed 6:40PM","56.33","58%","-2%"
"*05xtu*","Will Dion","WSH","SP,RP","456","FA","26","WSH 2<br/>@SD 5","56.3","10%","-2%"
"*066b2*","Drew Sommers","DET","RP","457","2xChamp","26","MIN 2<br/>@DET 7 F","56.3","10%","-3%"
"*05gdz*","Roki Sasaki","LAD","SP","458","THG","24","CIN Wed 10:10PM","56.29","86%","0%"
"*05js5*","Coby Mayo","BAL","1B,3B,INF","459","FA","24","CLE Wed 6:35PM","56.27","57%","-3%"
"*04auk*","Seranthony Dominguez","SEA","RP","460","iKnoBall","31","TEX 1<br/>@SEA 3","56.26","38%","-1%"
"*05y7t*","Henry Bolte","ATH","OF","461","2xChamp","23","TOR 0<br/>@ATH 2 F","56.2","56%","+1%"
"*0506h*","Randy Dobnak","KC","SP,RP","462","FA","31","ARI Wed 7:40PM","56.12","25%","-6%"
"*06683*","Cade Winquest","STL","SP,RP","463","FA","26","STL 6<br/>@SF 1","56.11","4%","0%"
"*03qju*","Garrett Cleavinger","TB","RP","464","MG","32","@ATL Wed 7:15PM","56.09","28%","-5%"
"*05xsm*","Chase Silseth","TEX","RP","465","FA","26","TEX 1<br/>@SEA 3","55.93","9%","0%"
"*02bu9*","Marcus Semien","NYM","2B,INF","466","FA","35","@MIA Wed 6:40PM","55.9","49%","-1%"
"*02c2r*","Carlos Rodon","NYY","SP","467","BVB","33","COL Wed 7:05PM","55.84","94%","0%"
"*03qlm*","Tyler Ferguson","CHC","RP","468","FA","32","@MIL Wed 7:40PM","55.8","1%","0%"
"*031ey*","Eric Lauer","LAD","SP,RP","469","FA","31","CIN Wed 10:10PM","55.76","27%","-10%"
"*060pm*","Wyatt Langford","TEX","OF","470","BHB","24","TEX 1<br/>@SEA 3","55.75","97%","0%"
"*04my4*","Cal Raleigh","SEA","C","471","jd","29","TEX 1<br/>@SEA 3","55.64","98%","0%"
"*03pje*","Taylor Ward","SEA","OF","472","FA","32","TEX 1<br/>@SEA 3","55.5","74%","-5%"
"*05gwy*","Masyn Winn","STL","SS,INF","473","FA","24","STL 6<br/>@SF 1","55.43","55%","0%"
"*0312l*","Brad Keller","PHI","RP","474","FA","31","HOU Wed 6:40PM","55.26","14%","0%"
"*06dn7*","A.J. Ewing","NYM","OF","475","NYX","22","@MIA Wed 6:40PM","55.19","62%","-1%"
"*05142*","Garrett Stallings","MIL","SP,RP","476","FA","29","CHC Wed 7:40PM","55.11","2%","0%"
"*06l49*","Eiberson Castellano","COL","RP","477","FA","25","@NYY Wed 7:05PM","55.05","2%","0%"
"*060u3*","Andrew Alvarez","WSH","SP,RP","478","FA","27","WSH 2<br/>@SD 5","54.95","31%","-3%"
"*05u96*","Bryce Eldridge","SF","1B,INF","479","MG","21","STL 6<br/>@SF 1","54.9","81%","0%"
"*03pix*","Tyler Stephenson","CIN","C","480","FA","30","@LAD Wed 10:10PM","54.85","46%","-2%"
"*02jh6*","Eugenio Suarez","CIN","3B,INF","481","FA","35","@LAD Wed 10:10PM","54.85","76%","-1%"
"*04pks*","Matt McLain","CIN","2B,SS,INF","482","MG","27","@LAD Wed 10:10PM","54.83","61%","-2%"
"*0319c*","Mark Leiter Jr.","ATH","RP","483","FA","35","TOR 0<br/>@ATH 2 F","54.82","5%","0%"
"*04ej8*","Blake Weiman","LAA","RP","484","FA","30","@BOS Wed 6:45PM","54.8","0%","0%"
"*05rcp*","Tommy Nance","MIN","RP","485","FA","35","MIN 2<br/>@DET 7 F","54.6","2%","0%"
"*05jq2*","Andrew Abbott","CIN","SP","486","FA","27","@LAD Wed 10:10PM","54.55","79%","-2%"
"*051c5*","Brady Basso","ATH","SP,RP","487","FA","28","TOR 0<br/>@ATH 2 F","54.49","2%","0%"
"*02mxf*","Carson Kelly","CHC","C","488","FA","32","@MIL Wed 7:40PM","54.42","50%","-2%"
"*04ek8*","Connor Brogdon","CLE","RP","489","FA","31","@BAL Wed 6:35PM","54.41","2%","0%"
"*05rik*","Bubba Chandler","PIT","SP","490","FA","23","@CHW Wed 7:40PM","54.23","89%","-1%"
"*03ca3*","Kyle Freeland","COL","SP","491","FA","33","@NYY Wed 7:05PM","54.22","15%","0%"
"*03zlf*","Luis Medina","ATH","SP,RP","492","FA","27","TOR 0<br/>@ATH 2 F","54.21","8%","0%"
"*047sh*","Wandy Peralta","SD","SP,RP","493","FA","35","WSH 2<br/>@SD 5","54.19","4%","0%"
"*05u6p*","Brant Hurter","DET","SP,RP","494","FA","28","MIN 2<br/>@DET 7 F","54.11","8%","0%"
"*03d7h*","Mitch Keller","PIT","SP","495","FA","30","@CHW Wed 7:40PM","53.91","58%","0%"
"*03pzo*","Leody Taveras","BAL","OF","496","FA","28","CLE Wed 6:35PM","53.82","13%","-2%"
"*064n8*","Nathan Church","STL","OF","497","FA","26","STL 6<br/>@SF 1","53.79","17%","-1%"
"*060pi*","Alimber Santa","HOU","RP","498","FA","23","@PHI Wed 6:40PM","53.78","5%","0%"
"*03qo0*","Pete Fairbanks","MIA","RP","499","AF","32","NYM Wed 6:40PM","53.63","70%","-1%"
"*04nky*","Trevor Larnach","MIN","OF,UT","500","FA","29","MIN 2<br/>@DET 7 F","53.51","43%","-1%"
"*0314j*","Ryan Yarbrough","NYY","SP,RP","501","FA","34","COL Wed 7:05PM","53.5","6%","0%"
"*04eos*","Joey Cantillo","CLE","SP,RP","502","FA","26","@BAL Wed 6:35PM","53.48","82%","-3%"
"*04azu*","Kumar Rocker","TEX","SP","503","FA","26","TEX 1<br/>@SEA 3","53.32","50%","-3%"
"*03nuc*","Luis Castillo","CHW","SP","504","FA","33","PIT Wed 7:40PM","53.29","68%","-4%"
"*06dsa*","Kyle Karros","COL","3B,INF","505","AF","24","@NYY Wed 7:05PM","53.15","44%","-1%"
"*02h8d*","Steven Matz","TB","SP,RP","506","FA","35","@ATL Wed 7:15PM","53.13","17%","0%"
"*04pmu*","Ryan Jeffers","MIN","C","507","XBLADZ","29","MIN 2<br/>@DET 7 F","53.05","85%","0%"
"*05gsw*","Yerry De Los Santos","NYY","RP","508","FA","28","COL Wed 7:05PM","53.01","1%","0%"
"*04ydd*","Angel Martinez","CLE","2B,INF,OF","509","XBLADZ","24","@BAL Wed 6:35PM","52.99","47%","-1%"
"*060eu*","Ben Joyce","LAA","RP","510","FA","25","@BOS Wed 6:45PM","52.64","52%","-2%"
"*05yj1*","Nolan Schanuel","LAA","1B,INF","511","FA","24","@BOS Wed 6:45PM","52.52","50%","0%"
"*04mlx*","Matthew Liberatore","STL","SP","512","FA","26","STL 6<br/>@SF 1","52.51","47%","-3%"
"*05139*","Michael Massey","KC","2B,INF,OF","513","FA","28","ARI Wed 7:40PM","52.47","18%","-2%"
"*03i81*","Reynaldo Lopez","ATL","SP,RP","514","FA","32","TB Wed 7:15PM","52.38","50%","+3%"
"*02hfr*","Caleb Thielbar","CHC","RP","515","FA","39","@MIL Wed 7:40PM","52.33","5%","0%"
"*04tk1*","Slade Cecconi","CLE","SP","516","FA","27","@BAL Wed 6:35PM","52.21","31%","-1%"
"*04q0r*","Dylan Smith","SF","RP","517","FA","26","STL 6<br/>@SF 1","52.2","11%","-1%"
"*05zd4*","Hagen Smith","CHW","SP,RP","518","FA","23","PIT Wed 7:40PM","52.13","51%","0%"
"*02xid*","Albert Suarez","BAL","RP","519","FA","36","CLE Wed 6:35PM","52.04","2%","0%"
"*02hj7*","Merrill Kelly","ARI","SP","520","FA","37","@KC Wed 7:40PM","52.03","56%","-2%"
"*06fzq*","Craig Yoho","CLE","RP","521","FA","26","@BAL Wed 6:35PM","52.01","11%","0%"
"*065uw*","Tyler Schweitzer","CHW","SP,RP","522","FA","25","PIT Wed 7:40PM","51.99","2%","0%"
"*05rb4*","Sam Bachman","LAA","RP","523","FA","26","@BOS Wed 6:45PM","51.98","13%","0%"
"*066n1*","Justin Sterner","ATH","RP","524","FA","30","TOR 0<br/>@ATH 2 F","51.96","10%","0%"
"*041uv*","Jesse Scholtens","TB","RP","525","FA","32","@ATL Wed 7:15PM","51.91","4%","0%"
"*041xv*","Nathaniel Lowe","CLE","1B,INF","526","FA","31","@BAL Wed 6:35PM","51.84","27%","-2%"
"*05rbv*","Samuel Basallo","BAL","C,1B,INF","527","NYX","22","CLE Wed 6:35PM","51.83","86%","-2%"
"*03qm8*","JT Brubaker","SF","RP","528","FA","32","STL 6<br/>@SF 1","51.81","3%","0%"
"*03djb*","Jalen Beeks","TEX","RP","529","FA","33","TEX 1<br/>@SEA 3","51.78","3%","0%"
"*04q1w*","Caleb Kilian","PHI","SP,RP","530","FA","29","HOU Wed 6:40PM","51.76","12%","0%"
"*05184*","Vinnie Pasquantino","KC","1B,INF","531","Ka-Chow","28","ARI Wed 7:40PM","51.74","89%","-1%"
"*05joq*","Connor Prielipp","MIN","SP","532","FA","25","MIN 2<br/>@DET 7 F","51.73","36%","-3%"
"*05y30*","Justin Crawford","PHI","OF","533","FA","22","HOU Wed 6:40PM","51.67","57%","-1%"
"*05ahe*","Curtis Mead","BOS","1B,2B,3B,INF","534","FA","25","LAA Wed 6:45PM","51.66","59%","0%"
"*05yfp*","Erik Tolman","WSH","SP,RP","535","FA","27","WSH 2<br/>@SD 5","51.57","5%","-1%"
"*0421m*","Raymond Burgos","BOS","SP,RP","536","FA","27","LAA Wed 6:45PM","51.47","1%","0%"
"*04pvq*","PJ Poulin","WSH","SP,RP","537","FA","30","WSH 2<br/>@SD 5","51.41","5%","0%"
"*05152*","Tanner Gordon","COL","SP,RP","538","FA","28","@NYY Wed 7:05PM","51.38","8%","-3%"
"*0518g*","Trevor McDonald","SF","SP","539","FA","25","STL 6<br/>@SF 1","51.36","17%","0%"
"*05jrv*","Will Klein","LAD","SP,RP","540","iKnoBall","26","CIN Wed 10:10PM","51.35","10%","0%"
"*04yib*","Brett Baty","NYM","1B,2B,3B,INF,OF","541","FA","26","@MIA Wed 6:40PM","51.25","37%","0%"
"*04paj*","Cole Winn","TEX","RP","542","FA","26","TEX 1<br/>@SEA 3","51.15","6%","0%"
"*0512e*","Spencer Steer","CIN","1B,2B,INF,OF","543","FA","28","@LAD Wed 10:10PM","51.14","65%","-1%"
"*01ual*","Paul Goldschmidt","NYY","1B,INF","544","FA","38","COL Wed 7:05PM","51.04","30%","-1%"
"*04j1w*","Reiver Sanmartin","SF","RP","545","FA","30","STL 6<br/>@SF 1","51.02","1%","0%"
"*025i9*","J.T. Realmuto","PHI","C","546","FA","35","HOU Wed 6:40PM","51.01","51%","-2%"
"*031d4*","Zack Littell","ARI","SP,RP","547","FA","30","@KC Wed 7:40PM","51","20%","0%"
"*0518s*","Ryan Gusto","MIA","SP,RP","548","FA","27","NYM Wed 6:40PM","51","12%","-5%"
"*051d0*","Troy Johnston","COL","1B,INF,OF","549","FA","29","@NYY Wed 7:05PM","50.97","30%","-2%"
"*02bve*","Blake Treinen","LAD","RP","550","FA","38","CIN Wed 10:10PM","50.97","8%","0%"
"*04pzi*","Evan Sisk","PIT","RP","551","FA","29","@CHW Wed 7:40PM","50.97","3%","0%"
"*05r0r*","Enmanuel De Jesus","DET","SP,RP","552","FA","29","MIN 2<br/>@DET 7 F","50.96","3%","0%"
"*04pyp*","Kody Funderburk","MIN","RP","553","FA","29","MIN 2<br/>@DET 7 F","50.95","4%","0%"
"*03rmz*","Keibert Ruiz","WSH","C","554","FA","28","WSH 2<br/>@SD 5","50.91","45%","-3%"
"*04pmk*","Michael Grove","TB","RP","555","FA","29","@ATL Wed 7:15PM","50.9","2%","0%"
"*04mra*","Ezequiel Tovar","COL","SS,INF","556","FA","25","@NYY Wed 7:05PM","50.85","47%","-1%"
"*02611*","Francisco Lindor","NYM","SS,INF","557","Ka-Chow","32","@MIA Wed 6:40PM","50.61","98%","0%"
"*04q2n*","Adley Rutschman","BOS","C","558","THG","28","LAA Wed 6:45PM","50.6","93%","-1%"
"*02n2v*","Anthony Banda","MIN","RP","559","FA","33","MIN 2<br/>@DET 7 F","50.49","4%","0%"
"*04y44*","Josh Jung","TEX","3B,INF","560","FA","28","TEX 1<br/>@SEA 3","50.46","74%","-1%"
"*04bpj*","Taylor Walls","TB","SS,INF","561","FA","30","@ATL Wed 7:15PM","50.4","10%","-1%"
"*0518n*","Vaughn Grissom","LAA","1B,2B,3B,INF","562","FA","25","@BOS Wed 6:45PM","50.35","30%","-1%"
"*04t40*","Brayan Bello","BOS","SP,RP","563","FA","27","LAA Wed 6:45PM","50.28","48%","-2%"
"*041x9*","Graham Ashcraft","CIN","RP","564","FA","28","@LAD Wed 10:10PM","50.2","20%","-1%"
"*05r3i*","Andrew Painter","PHI","SP","565","iKnoBall","23","HOU Wed 6:40PM","50.16","85%","0%"
"*041t2*","Brooks Kriske","ATH","RP","566","FA","32","TOR 0<br/>@ATH 2 F","50.1","0%","0%"
"*0515v*","David Hamilton","MIL","2B,3B,SS,INF","567","FA","28","CHC Wed 7:40PM","49.93","21%","-1%"
"*05jnq*","Clayton Beeter","WSH","RP","568","iKnoBall","27","WSH 2<br/>@SD 5","49.9","36%","-4%"
"*04pw2*","Chase Shugart","PHI","RP","569","FA","29","HOU Wed 6:40PM","49.79","1%","0%"
"*05jrh*","Colt Keith","DET","1B,2B,3B,INF","570","MG","25","MIN 2<br/>@DET 7 F","49.63","52%","-1%"
"*04eej*","Gavin Sheets","SD","1B,INF,OF","571","FA","30","WSH 2<br/>@SD 5","49.6","39%","-1%"
"*03btm*","Jose Alvarado","PHI","RP","572","ThePhils","31","HOU Wed 6:40PM","49.48","11%","0%"
"*04o10*","Joel Peguero","SF","RP","573","FA","29","STL 6<br/>@SF 1","49.28","3%","0%"
"*0311b*","Trevor Williams","TEX","SP,RP","574","FA","34","TEX 1<br/>@SEA 3","49.17","3%","0%"
"*02hdy*","Pierce Johnson","CIN","RP","575","FA","35","@LAD Wed 10:10PM","48.98","4%","0%"
"*02h9r*","Miles Mikolas","WSH","SP,RP","576","FA","38","WSH 2<br/>@SD 5","48.94","8%","0%"
"*0596e*","Dylan Crews","WSH","OF","577","FA","24","WSH 2<br/>@SD 5","48.87","71%","-1%"
"*04y94*","Jonny DeLuca","TB","OF","578","FA","28","@ATL Wed 7:15PM","48.74","16%","-1%"
"*05mdt*","Evan Carter","TEX","OF","579","FA","24","TEX 1<br/>@SEA 3","48.74","51%","-1%"
"*0513c*","Joey Ortiz","MIL","3B,SS,INF","580","FA","28","CHC Wed 7:40PM","48.62","31%","-2%"
"*03qmr*","Nathan Lukes","TOR","OF","581","FA","32","TOR 0<br/>@ATH 2 F","48.59","19%","-1%"
"*04ppk*","Richie Palacios","TB","2B,INF,OF","582","FA","29","@ATL Wed 7:15PM","48.57","11%","0%"
"*03duu*","Ryan Thompson","ARI","RP","583","FA","34","@KC Wed 7:40PM","48.56","6%","0%"
"*05yj0*","Chase Dollander","COL","SP,RP","584","FA","24","@NYY Wed 7:05PM","48.5","46%","0%"
"*04ejp*","James Karinchak","ATL","RP","585","FA","30","TB Wed 7:15PM","48.49","2%","0%"
"*06hu8*","Trent Harris","SF","RP","586","FA","27","STL 6<br/>@SF 1","48.29","5%","0%"
"*0516n*","Isaac Collins","KC","OF","587","FA","29","ARI Wed 7:40PM","48.29","23%","0%"
"*04qnc*","Francisco Alvarez","NYM","C","588","MG","24","@MIA Wed 6:40PM","48.18","60%","-1%"
"*04pqh*","Mason Englert","TB","SP,RP","589","FA","26","@ATL Wed 7:15PM","48.16","3%","0%"
"*041yb*","Dean Kremer","MIN","SP","590","FA","30","MIN 2<br/>@DET 7 F","48.06","37%","-3%"
"*05y6w*","Hunter Dobbins","STL","SP","591","FA","27","STL 6<br/>@SF 1","48.03","21%","-2%"
"*051ui*","Jacob Lopez","ATH","SP","592","FA","28","TOR 0<br/>@ATH 2 F","48","69%","-3%"
"*041wc*","Joel Kuhnel","SF","RP","593","FA","31","STL 6<br/>@SF 1","47.99","5%","-1%"
"*04zay*","Kai-Wei Teng","HOU","SP,RP","594","FA","27","@PHI Wed 6:40PM","47.97","11%","-1%"
"*051jg*","Alex McFarlane","PHI","SP,RP","595","FA","25","HOU Wed 6:40PM","47.95","12%","-2%"
"*06qgo*","Luis Gastelum","STL","RP","596","FA","24","STL 6<br/>@SF 1","47.88","5%","-1%"
"*04ee8*","Heliot Ramos","NYY","OF","597","FA","27","COL Wed 7:05PM","47.82","61%","-2%"
"*031bl*","Kyle Finnegan","DET","RP","598","FA","35","MIN 2<br/>@DET 7 F","47.79","26%","-1%"
"*051ia*","Spencer Horwitz","PIT","1B,INF","599","FA","28","@CHW Wed 7:40PM","47.67","41%","-2%"
"*06ak0*","Blas Castano","COL","RP","600","FA","28","@NYY Wed 7:05PM","47.65","1%","0%"
"*04q54*","Justin Hagenman","NYM","RP","601","FA","29","@MIA Wed 6:40PM","47.63","2%","-1%"
"*061bo*","Rhett Lowder","CIN","SP","602","FA","24","@LAD Wed 10:10PM","47.62","54%","-2%"
"*04k0w*","Camilo Doval","PIT","RP","603","FA","29","@CHW Wed 7:40PM","47.51","21%","0%"
"*05y0j*","Spencer Arrighetti","TOR","SP","604","FA","26","TOR 0<br/>@ATH 2 F","47.41","56%","-6%"
"*02mw6*","Corey Seager","TEX","SS,INF","605","jd","32","TEX 1<br/>@SEA 3","47.39","95%","0%"
"*04g1x*","David Peterson","CHC","SP,RP","606","FA","31","@MIL Wed 7:40PM","47.16","48%","-5%"
"*05jq7*","Kyle Hurt","LAD","SP,RP","607","FA","28","CIN Wed 10:10PM","47.11","8%","0%"
"*04pqs*","Jake Bird","WSH","RP","608","FA","30","WSH 2<br/>@SD 5","46.82","3%","0%"
"*05t9g*","Gage Jump","ATH","SP","609","THG","23","TOR 0<br/>@ATH 2 F","46.82","61%","-4%"
"*04mlr*","Jeffrey Springs","ATH","SP","610","FA","33","TOR 0<br/>@ATH 2 F","46.8","36%","-1%"
"*06gip*","Andrew Sears","DET","SP","611","FA","24","MIN 2<br/>@DET 7 F","46.77","6%","-1%"
"*03dei*","Lane Thomas","ATL","OF","612","FA","31","TB Wed 7:15PM","46.71","20%","-1%"
"*06fwg*","Khristian Curtis","PIT","SP","613","FA","24","@CHW Wed 7:40PM","46.64","11%","+1%"
"*031t0*","Gleyber Torres","DET","2B,INF","614","2xChamp","29","MIN 2<br/>@DET 7 F","46.52","79%","-2%"
"*04pmb*","Kris Bubic","LAD","SP","615","iKnoBall","29","CIN Wed 10:10PM","46.43","74%","0%"
"*01srb*","Jameson Taillon","TOR","SP","616","FA","34","TOR 0<br/>@ATH 2 F","46.4","29%","-1%"
"*05jsg*","Owen Caissie","MIA","OF","617","FA","24","NYM Wed 6:40PM","46.22","53%","-1%"
"*03d6w*","Jack Flaherty","DET","SP","618","FA","30","MIN 2<br/>@DET 7 F","46.19","65%","0%"
"*05r1z*","Zack Kelly","BOS","RP","619","FA","31","LAA Wed 6:45PM","46.17","1%","0%"
"*06qcs*","Jonathan Pintaro","NYM","RP","620","FA","28","@MIA Wed 6:40PM","46.14","1%","0%"
"*064nv*","Alex Hoppe","BAL","RP","621","FA","27","CLE Wed 6:35PM","46.01","3%","0%"
"*062pm*","Owen Murphy","ATL","SP","622","FA","22","TB Wed 7:15PM","45.82","27%","0%"
"*06qxg*","Tyler Davis","CHW","RP","623","FA","27","PIT Wed 7:40PM","45.81","1%","0%"
"*05raz*","Chase Petty","CIN","SP,RP","624","FA","23","@LAD Wed 10:10PM","45.72","22%","0%"
"*041sz*","Tobias Myers","NYM","SP,RP","625","FA","28","@MIA Wed 6:40PM","45.71","9%","0%"
"*05acp*","Justin Martinez","ARI","RP","626","THG","25","@KC Wed 7:40PM","45.69","35%","-2%"
"*05j8o*","Angel Chivilli","NYY","RP","627","FA","24","COL Wed 7:05PM","45.45","3%","0%"
"*06gic*","Mark Manfredi","COL","RP","628","FA","26","@NYY Wed 7:05PM","45.42","0%","0%"
"*05u2q*","Blade Tidwell","SF","SP,RP","629","MG","25","STL 6<br/>@SF 1","45.38","23%","-2%"
"*04q5s*","Ryan Fernandez","STL","RP","630","FA","28","STL 6<br/>@SF 1","45.33","2%","0%"
"*031b2*","Jonah Heim","ATH","C","631","FA","31","TOR 0<br/>@ATH 2 F","45.19","20%","-2%"
"*0622t*","Jacob Wilson","ATH","SS,INF","632","FA","24","TOR 0<br/>@ATH 2 F","45.08","75%","0%"
"*0311c*","Devin Williams","NYM","RP","633","BHB","31","@MIA Wed 6:40PM","45.01","80%","0%"
"*03qld*","Jose Espada","BAL","RP","634","FA","29","CLE Wed 6:35PM","44.99","0%","0%"
"*03zo6*","Cionel Perez","NYM","RP","635","FA","30","@MIA Wed 6:40PM","44.94","1%","0%"
"*05gx0*","Nick Loftin","KC","2B,3B,INF,OF","636","FA","27","ARI Wed 7:40PM","44.84","13%","-1%"
"*01xfr*","Patrick Corbin","TOR","SP","637","FA","37","TOR 0<br/>@ATH 2 F","44.84","7%","0%"
"*0657l*","Jack Perkins","ATH","SP,RP","638","FA","26","TOR 0<br/>@ATH 2 F","44.79","19%","-2%"
"*05y7j*","Robby Ahlstrom","TEX","RP","639","FA","27","TEX 1<br/>@SEA 3","44.77","2%","0%"
"*05ras*","Colton Cowser","BAL","OF","640","FA","26","CLE Wed 6:35PM","44.76","44%","-2%"
"*0524l*","Yainer Diaz","HOU","C","641","FA","27","@PHI Wed 6:40PM","44.67","52%","-1%"
"*066eo*","Cole Carrigg","COL","SS,INF,OF","642","FA","24","@NYY Wed 7:05PM","44.56","66%","-2%"
"*051fp*","Jack Weisenburger","NYM","SP,RP","643","FA","28","@MIA Wed 6:40PM","44.52","0%","0%"
"*02n3l*","Taylor Rogers","MIN","RP","644","FA","35","MIN 2<br/>@DET 7 F","44.25","9%","0%"
"*05yay*","Tyler Samaniego","BOS","SP,RP","645","FA","27","LAA Wed 6:45PM","44.22","2%","0%"
"*0310z*","J.P. Crawford","SEA","3B,SS,INF","646","FA","31","TEX 1<br/>@SEA 3","44.06","39%","-1%"
"*06m7f*","Welinton Herrera","COL","RP","647","FA","22","@NYY Wed 7:05PM","43.96","2%","0%"
"*06rjn*","Jack Sinclair","WSH","RP","648","FA","27","WSH 2<br/>@SD 5","43.96","0%","0%"
"*06ckl*","Luis De Leon","BAL","SP","649","FA","23","CLE Wed 6:35PM","43.88","20%","-1%"
"*05u3u*","Konnor Griffin","PIT","SS,INF","650","NYX","20","@CHW Wed 7:40PM","43.82","95%","0%"
"*03pj4*","Cody Ponce","TOR","SP","651","FA","32","TOR 0<br/>@ATH 2 F","43.76","41%","0%"
"*04eoj*","Jared Young","NYM","1B,INF","652","2xChamp","31","@MIA Wed 6:40PM","43.69","12%","-2%"
"*03dv0*","Zach Pop","MIA","RP","653","FA","29","NYM Wed 6:40PM","43.64","1%","0%"
"*04pvs*","Blaze Alexander","BAL","2B,3B,SS,INF,OF","654","FA","27","CLE Wed 6:35PM","43.63","34%","-2%"
"*059bx*","Brady House","WSH","3B,INF","655","FA","23","WSH 2<br/>@SD 5","43.63","44%","0%"
"*041rf*","Shane Bieber","TOR","SP","656","FA","31","TOR 0<br/>@ATH 2 F","43.52","68%","-1%"
"*0515o*","Brandon Sproat","MIL","SP","657","FA","25","CHC Wed 7:40PM","43.43","44%","-1%"
"*04px1*","Antoine Kelly","CHC","RP","658","FA","26","@MIL Wed 7:40PM","43.42","1%","0%"
"*02c2h*","Chris Bassitt","BAL","SP","659","FA","37","CLE Wed 6:35PM","43.39","39%","-3%"
"*02of2*","Carl Edwards Jr.","DET","RP","660","FA","35","MIN 2<br/>@DET 7 F","43.38","0%","0%"
"*02z0s*","Aaron Judge","NYY","OF","661","2xChamp","34","COL Wed 7:05PM","43.37","99%","0%"
"*05rcd*","Joe Mack","MIA","C","662","FA","23","NYM Wed 6:40PM","43.31","36%","-1%"
"*04si2*","Andrew Vaughn","MIL","1B,3B,INF","663","W <small>(Thu)</small>","28","CHC Wed 7:40PM","43.28","52%","-1%"
"*01scl*","Craig Kimbrel","KC","RP","664","FA","38","ARI Wed 7:40PM","43.25","2%","0%"
"*051dw*","Brandon Eisert","PIT","SP,RP","665","FA","28","@CHW Wed 7:40PM","43.18","1%","0%"
"*04eld*","J.P. Sears","SD","SP","666","FA","30","WSH 2<br/>@SD 5","43.18","15%","0%"
"*04pvl*","Mike Burrows","HOU","SP","667","FA","26","@PHI Wed 6:40PM","43.12","33%","-1%"
"*064ny*","Zach Agnos","COL","SP,RP","668","FA","26","@NYY Wed 7:05PM","43.1","3%","0%"
"*05y4m*","Tim Tawa","ARI","1B,2B,3B,INF,OF","669","FA","27","@KC Wed 7:40PM","43.09","27%","-8%"
"*046yd*","Dennis Santana","ARI","RP","670","FA","30","@KC Wed 7:40PM","43.05","25%","0%"
"*041ps*","Nick Lodolo","CIN","SP","671","iKnoBall","28","@LAD Wed 10:10PM","42.99","75%","-1%"
"*0311r*","Sam Moll","CIN","RP","672","FA","34","@LAD Wed 10:10PM","42.96","2%","0%"
"*05xu0*","Drew Gilbert","SF","OF","673","FA","25","STL 6<br/>@SF 1","42.93","18%","-2%"
"*0423c*","Carlos Cortes","ATH","OF,RP","674","MG","29","TOR 0<br/>@ATH 2 F","42.88","15%","-1%"
"*03di6*","Jordan Romano","COL","RP","675","FA","33","@NYY Wed 7:05PM","42.88","26%","-1%"
"*05ybv*","Jackson Holliday","BAL","2B,INF","676","THG","22","CLE Wed 6:35PM","42.75","80%","-2%"
"*04y9o*","Jack Leiter","TEX","SP","677","FA","26","TEX 1<br/>@SEA 3","42.72","67%","0%"
"*02i11*","Jorge Soler","LAA","OF","678","FA","34","@BOS Wed 6:45PM","42.7","28%","0%"
"*03avk*","Luis Rengifo","SD","2B,3B,INF,OF","679","FA","29","WSH 2<br/>@SD 5","42.6","20%","-2%"
"*03yui*","Alex Lange","KC","RP","680","FA","30","ARI Wed 7:40PM","42.54","9%","-1%"
"*04em6*","Will Vest","DET","RP","681","FA","31","MIN 2<br/>@DET 7 F","42.39","20%","0%"
"*031dw*","Mike Yastrzemski","ATL","OF","682","FA","36","TB Wed 7:15PM","42.34","20%","0%"
"*04ya2*","Daniel Espino","CLE","SP,RP","683","FA","25","@BAL Wed 6:35PM","42.34","22%","0%"
"*05rbw*","Esmerlyn Valdez","PIT","OF","684","FA","22","@CHW Wed 7:40PM","42.33","63%","-5%"
"*05rfu*","Kyle Manzardo","CLE","1B,INF","685","FA","26","@BAL Wed 6:35PM","42.3","44%","0%"
"*04pun*","Tanner Andrews","TOR","RP","686","FA","30","TOR 0<br/>@ATH 2 F","42.25","0%","0%"
"*04g7n*","Oswald Peraza","LAA","1B,2B,3B,SS,INF","687","FA","26","@BOS Wed 6:45PM","42.23","16%","-1%"
"*041qo*","Zac Gallen","ARI","SP","688","FA","31","@KC Wed 7:40PM","42.22","56%","+1%"
"*04vvy*","Andruw Monasterio","BOS","1B,2B,SS,INF","689","AF","29","LAA Wed 6:45PM","42.22","16%","-4%"
"*05jqy*","Mitchell Parker","WSH","SP,RP","690","FA","26","WSH 2<br/>@SD 5","42.2","6%","0%"
"*0514j*","Gavin Hollowell","CHC","RP","691","FA","28","@MIL Wed 7:40PM","42.12","1%","0%"
"*0514o*","Cody Bradford","TEX","SP,RP","692","FA","28","TEX 1<br/>@SEA 3","42.12","29%","-5%"
"*05t5k*","Wilber Dotel","PIT","SP,RP","693","FA","23","@CHW Wed 7:40PM","42.04","8%","-1%"
"*02nax*","Matt Strahm","KC","RP","694","FA","34","ARI Wed 7:40PM","42.03","13%","0%"
"*03zbp*","Jose Fermin","STL","2B,3B,INF,OF","695","FA","27","STL 6<br/>@SF 1","41.92","7%","-1%"
"*04w53*","Jaden Hill","COL","RP","696","FA","26","@NYY Wed 7:05PM","41.91","4%","0%"
"*04ana*","Julian Fernandez","(N/A)","RP","697","FA","30","","41.87","0%","0%"
"*03dbu*","Sam Hentges","SF","RP","698","FA","30","STL 6<br/>@SF 1","41.81","2%","0%"
"*06htl*","Ty Johnson","TB","SP","699","FA","24","@ATL Wed 7:15PM","41.81","25%","0%"
"*04ali*","Edward Cabrera","CHC","SP","700","FA","28","@MIL Wed 7:40PM","41.69","70%","0%"
"*04y6o*","Guillo Zuniga","NYM","RP","701","FA","27","@MIA Wed 6:40PM","41.69","0%","0%"
"*03d6s*","Matt Chapman","SF","3B,INF","702","FA","33","STL 6<br/>@SF 1","41.61","63%","0%"
"*05rb1*","Sal Frelick","MIL","OF","703","FA","26","CHC Wed 7:40PM","41.44","50%","-1%"
"*05128*","Jared Triolo","PIT","1B,2B,3B,SS,INF","704","FA","28","@CHW Wed 7:40PM","41.43","13%","0%"
"*06kwi*","Kyle Backhus","PHI","RP","705","FA","28","HOU Wed 6:40PM","41.42","1%","0%"
"*066b1*","Cameron Weston","NYM","SP","706","FA","26","@MIA Wed 6:40PM","41.36","2%","0%"
"*02c1b*","Burch Smith","DET","RP","707","FA","36","MIN 2<br/>@DET 7 F","41.33","1%","0%"
"*05xtz*","Dalton Rushing","LAD","C","708","FA","25","CIN Wed 10:10PM","41.28","52%","-2%"
"*02z96*","Dominic Smith","ATL","1B,INF","709","FA","31","TB Wed 7:15PM","41.24","13%","-1%"
"*05ybe*","Travis Adams","MIN","RP","710","FA","26","MIN 2<br/>@DET 7 F","41.24","1%","0%"
"*05249*","Austin Martin","MIN","OF","711","FA","27","MIN 2<br/>@DET 7 F","41.07","14%","0%"
"*04mn2*","Griffin Conine","MIA","1B,INF,OF","712","THG","29","NYM Wed 6:40PM","41.02","36%","-3%"
"*0440h*","Jose Urquidy","CHW","RP","713","FA","31","PIT Wed 7:40PM","40.99","8%","-3%"
"*04ppz*","Jake Irvin","WSH","SP","714","FA","29","WSH 2<br/>@SD 5","40.96","21%","-1%"
"*03r06*","Ryan Feltner","COL","SP","715","FA","30","@NYY Wed 7:05PM","40.92","10%","0%"
"*03ab0*","Luis Severino","ATH","SP","716","FA","32","TOR 0<br/>@ATH 2 F","40.85","38%","0%"
"*05g3x*","Maikel Garcia","KC","2B,3B,SS,INF","717","MG","26","ARI Wed 7:40PM","40.75","87%","0%"
"*0311f*","Victor Caratini","MIN","C,1B,INF","718","FA","33","MIN 2<br/>@DET 7 F","40.72","16%","-1%"
"*05u2k*","Hao-Yu Lee","DET","2B,3B,INF","719","FA","23","MIN 2<br/>@DET 7 F","40.61","17%","-1%"
"*04ehj*","Dane Myers","CIN","OF","720","FA","30","@LAD Wed 10:10PM","40.61","8%","0%"
"*05rks*","Luis Mey","CIN","RP","721","FA","25","@LAD Wed 10:10PM","40.46","11%","-1%"
"*0514m*","Chris Murphy","CHW","RP","722","FA","28","PIT Wed 7:40PM","40.44","2%","0%"
"*06cqy*","Yunior Marte","SF","SP","723","FA","23","STL 6<br/>@SF 1","40.33","4%","-1%"
"*0579z*","Bradley Blalock","MIA","SP","724","FA","25","NYM Wed 6:40PM","40.32","2%","0%"
"*05xop*","Cade Povich","BAL","SP","725","FA","26","CLE Wed 6:35PM","40.32","18%","0%"
"*05u4l*","Daniel Palencia","CHC","RP","726","FA","26","@MIL Wed 7:40PM","40.29","66%","-7%"
"*04t3y*","Alejandro Kirk","TOR","C","727","FA","27","TOR 0<br/>@ATH 2 F","40.24","69%","-3%"
"*05t6u*","Beau Brieske","DET","RP","728","FA","28","MIN 2<br/>@DET 7 F","40.24","1%","0%"
"*05ubl*","Gabriel Hughes","COL","SP","729","FA","25","@NYY Wed 7:05PM","40.12","13%","-1%"
"*04ml0*","Yusei Kikuchi","LAA","SP","730","FA","35","@BOS Wed 6:45PM","40.08","43%","-2%"
"*0515h*","Xzavion Curry","NYM","RP","731","FA","28","@MIA Wed 6:40PM","40.06","1%","0%"
"*03vcw*","Jordan Hicks","CHW","SP,RP","732","FA","30","PIT Wed 7:40PM","40.05","9%","-1%"
"*041sq*","Tommy Edman","LAD","2B,3B,INF,OF","733","BHB","31","CIN Wed 10:10PM","40.05","66%","0%"
"*05gwz*","Bobby Miller","LAD","SP,RP","734","FA","27","CIN Wed 10:10PM","40.01","15%","-1%"
"*0429q*","Michael Rucker","SEA","RP","735","FA","32","TEX 1<br/>@SEA 3","39.98","1%","0%"
"*04pqf*","Nick Fortes","TB","C","736","FA","29","@ATL Wed 7:15PM","39.93","13%","-1%"
"*041ts*","Luke Raley","SEA","1B,INF,OF","737","FA","31","TEX 1<br/>@SEA 3","39.91","27%","0%"
"*05y5l*","Franco Aleman","CLE","RP","738","FA","26","@BAL Wed 6:35PM","39.83","5%","0%"
"*0406v*","Esteury Ruiz","MIA","OF","739","FA","27","NYM Wed 6:40PM","39.77","21%","-2%"
"*05gwu*","Dax Fulton","MIA","SP,RP","740","FA","24","NYM Wed 6:40PM","39.59","6%","0%"
"*051h5*","Ben Peoples","TEX","RP","741","FA","25","TEX 1<br/>@SEA 3","39.51","1%","0%"
"*05ahg*","Austin Wells","NYY","C","742","FA","27","COL Wed 7:05PM","39.51","30%","0%"
"*0473m*","Zach McKinstry","DET","2B,3B,SS,INF,OF","743","FA","31","MIN 2<br/>@DET 7 F","39.51","25%","-1%"
"*051c3*","Andrew Nardi","MIA","RP","744","FA","28","NYM Wed 6:40PM","39.45","4%","0%"
"*04pxp*","Victor Vodnik","MIA","RP","745","FA","26","NYM Wed 6:40PM","39.44","11%","0%"
"*04aea*","Hunter Greene","CIN","SP","746","FA","27","@LAD Wed 10:10PM","39.26","71%","0%"
"*03qmh*","Jake Cronenworth","SD","1B,2B,SS,INF","747","FA","32","WSH 2<br/>@SD 5","39.24","29%","-1%"
"*0310n*","Ryan McMahon","NYY","3B,INF","748","FA","31","COL Wed 7:05PM","39.21","23%","0%"
"*05l9f*","Landon Knack","LAD","SP","749","FA","29","CIN Wed 10:10PM","39.21","6%","0%"
"*060o9*","Juan Mejia","COL","RP","750","FA","26","@NYY Wed 7:05PM","39.2","3%","0%"
"*05zq4*","Ryan Johnson","LAA","SP,RP","751","FA","24","@BOS Wed 6:45PM","39.12","22%","+1%"
"*03yx9*","Elieser Hernandez","ATL","RP","752","FA","31","TB Wed 7:15PM","39.07","0%","0%"
"*04yuu*","Patrick Bailey","CLE","C","753","FA","27","@BAL Wed 6:35PM","39.04","14%","0%"
"*02buh*","Scott Barlow","KC","RP","754","FA","33","ARI Wed 7:40PM","39.02","4%","0%"
"*03nqc*","Jose Suarez","ATH","RP","755","FA","28","TOR 0<br/>@ATH 2 F","39.01","3%","0%"
"*004ee*","Max Scherzer","TOR","SP","756","FA","42","TOR 0<br/>@ATH 2 F","39","31%","-6%"
"*04eek*","Griffin Canning","SD","SP,RP","757","FA","30","WSH 2<br/>@SD 5","38.85","10%","0%"
"*041w0*","Richard Lovelady","WSH","SP,RP","758","MG","31","WSH 2<br/>@SD 5","38.83","4%","0%"
"*02i31*","Chris Devenski","NYM","RP","759","FA","35","@MIA Wed 6:40PM","38.8","0%","0%"
"*06ktn*","Tatsuya Imai","HOU","SP","760","FA","28","@PHI Wed 6:40PM","38.77","64%","-1%"
"*06686*","Brian Fitzpatrick","MIL","RP","761","FA","26","CHC Wed 7:40PM","38.77","1%","0%"
"*05tce*","Connor Norby","COL","1B,2B,3B,INF","762","FA","26","@NYY Wed 7:05PM","38.75","39%","-10%"
"*02hir*","Michael Lorenzen","TOR","SP,RP","763","FA","34","TOR 0<br/>@ATH 2 F","38.74","12%","+1%"
"*02z0t*","Michael Conforto","CHC","OF","764","FA","33","@MIL Wed 7:40PM","38.69","9%","0%"
"*06plg*","Jose Cabrera","ARI","SP","765","FA","24","@KC Wed 7:40PM","38.58","7%","-1%"
"*051e5*","Matt Waldron","WSH","SP,RP","766","FA","29","WSH 2<br/>@SD 5","38.57","4%","0%"
"*02mx2*","Tyrone Taylor","CHC","OF","767","FA","32","@MIL Wed 7:40PM","38.52","9%","-2%"
"*05xty*","Dylan Beavers","BAL","OF","768","FA","25","CLE Wed 6:35PM","38.5","46%","-3%"
"*066cn*","Wade Meckler","LAA","OF","769","FA","26","@BOS Wed 6:45PM","38.3","11%","0%"
"*04prz*","Austin Warren","NYM","RP","770","FA","30","@MIA Wed 6:40PM","38.23","2%","0%"
"*02bqj*","Michael Fulmer","NYY","RP","771","FA","33","COL Wed 7:05PM","38.23","1%","0%"
"*03nru*","Jesus Sanchez","TOR","OF","772","FA","28","TOR 0<br/>@ATH 2 F","38.22","31%","-1%"
"*01s9c*","Randal Grichuk","CHW","OF,UT","773","FA","35","PIT Wed 7:40PM","37.97","6%","0%"
"*041ah*","Josh Lowe","LAA","OF","774","FA","28","@BOS Wed 6:45PM","37.96","25%","0%"
"*02nqg*","Luis Torrens","NYM","C","775","FA","30","@MIA Wed 6:40PM","37.92","7%","-1%"
"*05rcg*","Braden Montgomery","CHW","OF","776","THG","23","PIT Wed 7:40PM","37.89","58%","-1%"
"*03de9*","Rhys Hoskins","CLE","1B,INF","777","FA","33","@BAL Wed 6:35PM","37.88","14%","0%"
"*06fz3*","Mitch Farris","LAA","SP,RP","778","FA","25","@BOS Wed 6:45PM","37.87","4%","0%"
"*05rc3*","Masataka Yoshida","BOS","UT","779","FA","33","LAA Wed 6:45PM","37.79","16%","0%"
"*05jpa*","Beck Way","KC","RP","780","FA","27","ARI Wed 7:40PM","37.75","1%","0%"
"*05ajh*","Garrett Crochet","BOS","SP","781","jd","27","LAA Wed 6:45PM","37.75","94%","0%"
"*0614c*","Jordan Leasure","CHW","RP","782","FA","28","PIT Wed 7:40PM","37.66","9%","0%"
"*01t9q*","Gary Sanchez","MIL","C","783","FA","33","CHC Wed 7:40PM","37.56","17%","-1%"
"*03ql5*","Ryan Helsley","BAL","RP","784","FA","32","CLE Wed 6:35PM","37.51","67%","0%"
"*03qqb*","Myles Straw","TOR","OF","785","FA","31","TOR 0<br/>@ATH 2 F","37.47","5%","0%"
"*03qln*","Jimmy Herget","COL","SP,RP","786","FA","33","@NYY Wed 7:05PM","37.4","3%","0%"
"*04eew*","Ryan Vilade","TB","1B,2B,INF,OF","787","FA","27","@ATL Wed 7:15PM","37.36","9%","-1%"
"*03zcy*","Mark Vientos","NYM","1B,3B,INF","788","FA","26","@MIA Wed 6:40PM","37.31","35%","0%"
"*04pko*","Grayson Rodriguez","LAA","SP","789","FA","26","@BOS Wed 6:45PM","37.23","58%","-3%"
"*05jpk*","Joe Boyle","TB","SP","790","FA","27","@ATL Wed 7:15PM","37.2","24%","0%"
"*03d6q*","Derek Hill","PHI","OF","791","FA","30","HOU Wed 6:40PM","37.16","3%","0%"
"*02c47*","Shawn Armstrong","CLE","RP","792","FA","35","@BAL Wed 6:35PM","37.16","8%","0%"
"*06rtp*","Mike Paredes","MIN","SP,RP","793","FA","26","MIN 2<br/>@DET 7 F","37.08","2%","0%"
"*03dbo*","Jordan Montgomery","TEX","SP,RP","794","FA","33","TEX 1<br/>@SEA 3","36.91","9%","0%"
"*0515j*","Jack Ralston","MIA","RP","795","FA","29","NYM Wed 6:40PM","36.9","1%","0%"
"*04yi8*","Spencer Jones","NYY","OF","796","2xChamp","25","COL Wed 7:05PM","36.87","70%","0%"
"*05rb0*","Jackson Jobe","DET","SP","797","THG","24","MIN 2<br/>@DET 7 F","36.86","64%","-3%"
"*041rq*","Brenan Hanifee","DET","RP","798","FA","28","MIN 2<br/>@DET 7 F","36.75","2%","0%"
"*05t9l*","Max Muncy","ATH","2B,3B,INF","799","FA","24","TOR 0<br/>@ATH 2 F","36.69","29%","0%"
"*05mrv*","Eric Orze","MIN","RP","800","FA","29","MIN 2<br/>@DET 7 F","36.68","2%","0%"
"*05mre*","Spencer Strider","ATL","SP","801","FA","27","TB Wed 7:15PM","36.49","80%","0%"
"*06dqd*","Ben Williamson","TB","2B,3B,SS,INF,RP","802","FA","25","@ATL Wed 7:15PM","36.45","11%","0%"
"*04eqw*","Isaac Mattson","PIT","RP","803","XBLADZ","31","@CHW Wed 7:40PM","36.41","3%","0%"
"*06dmr*","Matt Wilkinson","SF","SP","804","FA","23","STL 6<br/>@SF 1","36.41","17%","-2%"
"*05uc7*","Noah Schultz","CHW","SP","805","FA","23","PIT Wed 7:40PM","36.36","52%","0%"
"*0515q*","Adam Macko","TEX","SP,RP","806","FA","25","TEX 1<br/>@SEA 3","36.3","5%","0%"
"*04egr*","Bruce Zimmermann","(N/A)","SP","807","FA","31","","36.27","0%","0%"
"*066d2*","Cade Gibson","MIA","RP","808","FA","28","NYM Wed 6:40PM","36.09","2%","0%"
"*051as*","Cody Laweryson","MIN","RP","809","FA","28","MIN 2<br/>@DET 7 F","36.08","1%","0%"
"*01as6*","Carlos Carrasco","(N/A)","SP,RP","810","FA","39","","36.08","1%","0%"
"*060mz*","Jose Cuas","KC","RP","811","FA","32","ARI Wed 7:40PM","36.01","0%","0%"
"*04aoq*","Jason Foley","SF","RP","812","FA","30","STL 6<br/>@SF 1","36.01","3%","0%"
"*060gd*","Quinn Mathews","STL","SP","813","iKnoBall","25","STL 6<br/>@SF 1","35.99","55%","0%"
"*05tzo*","J.R. Ritchie","ATL","SP,RP","814","FA","23","TB Wed 7:15PM","35.89","42%","0%"
"*05yj3*","Josh Ekness","MIA","RP","815","FA","24","NYM Wed 6:40PM","35.89","6%","0%"
"*05mrp*","Marco Raya","MIN","SP,RP","816","FA","24","MIN 2<br/>@DET 7 F","35.88","5%","0%"
"*04sxv*","Jose Tena","WSH","2B,3B,INF,OF","817","FA","25","WSH 2<br/>@SD 5","35.66","5%","0%"
"*067xj*","Cooper Pratt","MIL","SS,INF","818","FA","22","CHC Wed 7:40PM","35.65","49%","0%"
"*05oxc*","Henry Davis","PIT","C","819","FA","26","@CHW Wed 7:40PM","35.59","11%","0%"
"*041rd*","Corbin Burnes","ARI","SP","820","THG","31","@KC Wed 7:40PM","35.56","73%","+1%"
"*04pta*","Joey Gerber","NYM","RP","821","FA","29","@MIA Wed 6:40PM","35.51","1%","0%"
"*04ppo*","Kyle Isbel","KC","OF","822","FA","29","ARI Wed 7:40PM","35.45","12%","-1%"
"*03poq*","Tony Santillan","CIN","RP","823","FA","29","@LAD Wed 10:10PM","35.45","20%","-1%"
"*05gsg*","Justin Foscue","TEX","1B,2B,INF","824","FA","27","TEX 1<br/>@SEA 3","35.32","11%","0%"
"*02zpf*","Edmundo Sosa","PHI","2B,3B,SS,INF,OF","825","FA","30","HOU Wed 6:40PM","35.22","9%","-1%"
"*051em*","Kerry Carpenter","DET","OF","826","FA","29","MIN 2<br/>@DET 7 F","35.18","54%","0%"
"*05a1t*","Jorbit Vivas","WSH","2B,3B,INF","827","FA","25","WSH 2<br/>@SD 5","35.14","6%","0%"
"*06dlz*","Ryan Waldschmidt","ARI","OF","828","THG","23","@KC Wed 7:40PM","35.08","51%","-1%"
"*06bs4*","Daniel Schneemann","CLE","2B,3B,SS,INF,OF","829","FA","29","@BAL Wed 6:35PM","35","12%","0%"
"*04efc*","Tyler Freeman","COL","2B,INF,OF","830","FA","27","@NYY Wed 7:05PM","34.92","13%","0%"
"*04pxq*","Gus Varland","WSH","RP","831","FA","29","WSH 2<br/>@SD 5","34.83","3%","0%"
"*05vy9*","Pedro Ramirez","CHC","2B,3B,SS,INF","832","FA","22","@MIL Wed 7:40PM","34.67","40%","-4%"
"*03amq*","German Marquez","MIN","SP","833","FA","31","MIN 2<br/>@DET 7 F","34.6","7%","0%"
"*02yh5*","Amed Rosario","NYY","2B,3B,INF","834","FA","30","COL Wed 7:05PM","34.53","8%","0%"
"*03qne*","Chris Paddack","(N/A)","SP,RP","835","FA","30","","34.49","5%","0%"
"*05rbs*","Moises Ballesteros","LAA","C","836","XBLADZ","22","@BOS Wed 6:45PM","34.41","45%","-1%"
"*04pmt*","Jeremiah Jackson","BAL","2B,3B,INF,OF","837","FA","26","CLE Wed 6:35PM","34.4","13%","0%"
"*04enz*","Robert Garcia","TEX","RP","838","FA","30","TEX 1<br/>@SEA 3","34.38","27%","-1%"
"*04pt2*","Lars Nootbaar","ARI","OF","839","FA","29","@KC Wed 7:40PM","34.27","34%","-2%"
"*03qpi*","Patrick Sandoval","BOS","SP","840","FA","29","LAA Wed 6:45PM","34.25","29%","-3%"
"*066qr*","Tyler Uberstine","ATL","SP","841","FA","27","TB Wed 7:15PM","34.25","2%","0%"
"*03b6k*","Jorge Mateo","TB","SS,INF,OF","842","FA","31","@ATL Wed 7:15PM","34.15","6%","0%"
"*05rgq*","Kendry Rojas","MIN","SP,RP","843","FA","23","MIN 2<br/>@DET 7 F","34.15","19%","0%"
"*03pol*","Jake Woodford","TB","RP","844","FA","29","@ATL Wed 7:15PM","34.11","1%","0%"
"*0569p*","Coleman Crow","MIL","SP","845","FA","25","CHC Wed 7:40PM","34.02","15%","0%"
"*05g4k*","Mick Abel","MIN","SP","846","FA","25","MIN 2<br/>@DET 7 F","34","51%","0%"
"*051gc*","Bradley Hanner","NYY","RP","847","FA","27","COL Wed 7:05PM","33.98","1%","0%"
"*04erh*","CJ Van Eyk","TOR","SP","848","FA","27","TOR 0<br/>@ATH 2 F","33.91","2%","0%"
"*05rko*","Brandon Valenzuela","TOR","C","849","FA","25","TOR 0<br/>@ATH 2 F","33.9","11%","-1%"
"*04pqq*","Matt Vierling","DET","OF","850","FA","29","MIN 2<br/>@DET 7 F","33.86","8%","0%"
"*04erc*","Ron Marinaccio","MIN","RP","851","FA","31","MIN 2<br/>@DET 7 F","33.85","1%","0%"
"*06am5*","Luinder Avila","KC","SP,RP","852","FA","25","ARI Wed 7:40PM","33.83","8%","0%"
"*02n6w*","Ryan Borucki","CLE","RP","853","FA","32","@BAL Wed 6:35PM","33.76","1%","0%"
"*05oyw*","Nick Davila","SEA","RP","854","FA","27","TEX 1<br/>@SEA 3","33.73","1%","0%"
"*041am*","Lucas Erceg","KC","RP","855","FA","31","ARI Wed 7:40PM","33.72","20%","0%"
"*051b2*","Paxton Schultz","WSH","RP","856","FA","28","WSH 2<br/>@SD 5","33.68","2%","0%"
"*02i3l*","Miguel Andujar","SD","3B,INF,OF","857","FA","31","WSH 2<br/>@SD 5","33.68","16%","0%"
"*03qtv*","Brett Sullivan","COL","C,RP","858","FA","32","@NYY Wed 7:05PM","33.5","3%","0%"
"*04y79*","Victor Mesa Jr.","TB","OF","859","FA","25","@ATL Wed 7:15PM","33.48","12%","-1%"
"*04eep*","Luis Campusano","SD","C","860","W <small>(Fri)</small>","27","WSH 2<br/>@SD 5","33.47","16%","-1%"
"*045kb*","Cristian Javier","HOU","SP,RP","861","FA","29","@PHI Wed 6:40PM","33.43","35%","-1%"
"*029us*","Christian Vazquez","HOU","C","862","FA","36","@PHI Wed 6:40PM","33.42","7%","0%"
"*0406n*","Andres Chaparro","WSH","1B,INF","863","FA","27","WSH 2<br/>@SD 5","33.39","13%","-2%"
"*042sz*","Will Smith","LAD","C","864","ThePhils","31","CIN Wed 10:10PM","33.38","85%","-2%"
"*04q56*","Logan O'Hoppe","TEX","C","865","FA","26","TEX 1<br/>@SEA 3","33.26","32%","0%"
"*02yk4*","Tyler O'Neill","BAL","OF","866","FA","31","CLE Wed 6:35PM","33.12","21%","0%"
"*03xs3*","Miguel Amaya","CHC","C","867","FA","27","@MIL Wed 7:40PM","33.05","12%","0%"
"*05yf9*","Carlos Rodriguez","MIL","RP","868","FA","24","CHC Wed 7:40PM","32.97","5%","0%"
"*041py*","Keegan Akin","BAL","SP,RP","869","FA","31","CLE Wed 6:35PM","32.96","4%","0%"
"*051dl*","Edouard Julien","COL","1B,2B,INF","870","FA","27","@NYY Wed 7:05PM","32.89","9%","0%"
"*05jpo*","Nick Frasso","COL","SP,RP","871","FA","27","@NYY Wed 7:05PM","32.72","5%","0%"
"*03qyb*","Donovan Walton","ATH","2B,3B,SS,INF","872","FA","32","TOR 0<br/>@ATH 2 F","32.65","5%","0%"
"*047l7*","Luis Robert Jr.","BAL","OF","873","FA","29","CLE Wed 6:35PM","32.45","68%","-4%"
"*041w3*","Eli White","BOS","OF","874","FA","32","LAA Wed 6:45PM","32.37","4%","0%"
"*02mwq*","Zach Eflin","BAL","SP","875","FA","32","CLE Wed 6:35PM","32.37","26%","0%"
"*04elu*","Tom Cosgrove","WSH","RP","876","FA","30","WSH 2<br/>@SD 5","32.35","1%","0%"
"*051cl*","Joey Estes","ATH","SP","877","FA","24","TOR 0<br/>@ATH 2 F","32.26","3%","0%"
"*04eoy*","Hunter Stratton","SD","RP","878","FA","29","WSH 2<br/>@SD 5","32.25","1%","0%"
"*04eqd*","Cam Sanders","BAL","RP","879","FA","29","CLE Wed 6:35PM","32.22","1%","0%"
"*041ma*","Cole Ragans","KC","SP","880","FA","28","ARI Wed 7:40PM","32.18","70%","0%"
"*04efi*","Connor Wong","BOS","C","881","FA","30","LAA Wed 6:45PM","32.12","6%","0%"
"*05132*","Ryan Kreidler","MIN","2B,SS,INF,OF","882","FA","28","MIN 2<br/>@DET 7 F","32","4%","0%"
"*0658b*","Jonah Tong","NYM","SP","883","iKnoBall","23","@MIA Wed 6:40PM","31.97","65%","-1%"
"*04efn*","Keegan Thompson","COL","RP","884","FA","31","@NYY Wed 7:05PM","31.94","1%","0%"
"*025kd*","Jose Quintana","COL","SP","885","FA","37","@NYY Wed 7:05PM","31.93","10%","0%"
"*04oc6*","Jhonathan Diaz","SEA","RP","886","FA","29","TEX 1<br/>@SEA 3","31.92","1%","0%"
"*03fhx*","Elias Diaz","TEX","C","887","FA","35","TEX 1<br/>@SEA 3","31.85","3%","0%"
"*04pql*","Ethan Roberts","CHC","RP","888","FA","29","@MIL Wed 7:40PM","31.82","1%","0%"
"*06am0*","Mickey Gasper","BOS","C,1B,INF","889","FA","30","LAA Wed 6:45PM","31.77","39%","-2%"
"*04ai4*","Nolan Gorman","STL","2B,3B,INF","890","FA","26","STL 6<br/>@SF 1","31.74","26%","-1%"
"*02brk*","Austin Hedges","CLE","C","891","FA","34","@BAL Wed 6:35PM","31.68","3%","0%"
"*05rkq*","Jose Fernandez","ARI","1B,3B,SS,INF","892","FA","22","@KC Wed 7:40PM","31.64","18%","-1%"
"*01usi*","Marcell Ozuna","PIT","UT","893","FA","35","@CHW Wed 7:40PM","31.55","23%","0%"
"*0519u*","Tyler Tolbert","KC","2B,SS,INF,OF,RP","894","FA","28","ARI Wed 7:40PM","31.55","11%","-1%"
"*0648k*","Paul Gervase","LAD","RP","895","FA","26","CIN Wed 10:10PM","31.45","1%","0%"
"*06657*","Mason Adams","COL","SP","896","FA","26","@NYY Wed 7:05PM","31.44","9%","-1%"
"*0310c*","Hunter Harvey","CHC","RP","897","FA","31","@MIL Wed 7:40PM","31.29","7%","0%"
"*066m0*","Kohl Drake","ARI","SP","898","FA","26","@KC Wed 7:40PM","31.28","9%","0%"
"*041pq*","Taylor Trammell","HOU","OF","899","FA","28","@PHI Wed 6:40PM","31.2","4%","0%"
"*043r7*","Caleb Ferguson","STL","RP","900","FA","30","STL 6<br/>@SF 1","31.17","3%","0%"
"*06aw2*","Samuel Aldegheri","LAA","SP,RP","901","FA","24","@BOS Wed 6:45PM","31.16","7%","0%"
"*039vx*","Jose Siri","LAA","OF","902","FA","31","@BOS Wed 6:45PM","31.13","4%","0%"
"*03111*","Marco Gonzales","TEX","SP","903","FA","34","TEX 1<br/>@SEA 3","31.1","1%","0%"
"*02j77*","Chris Martin","TEX","RP","904","FA","40","TEX 1<br/>@SEA 3","31","5%","0%"
"*041sg*","Nicky Lopez","TEX","2B,3B,SS,INF","905","FA","31","TEX 1<br/>@SEA 3","30.88","3%","0%"
"*04z6k*","Luisangel Acuna","CHW","2B,SS,INF,OF","906","FA","24","PIT Wed 7:40PM","30.79","25%","0%"
"*050s3*","Blake Walston","ARI","SP","907","FA","25","@KC Wed 7:40PM","30.74","5%","0%"
"*05m1b*","Denzer Guzman","LAA","3B,SS,INF","908","FA","22","@BOS Wed 6:45PM","30.69","11%","-1%"
"*05xq0*","Alek Jacob","SD","RP","909","FA","28","WSH 2<br/>@SD 5","30.68","1%","0%"
"*062pn*","David Sandlin","CHW","SP,RP","910","FA","25","PIT Wed 7:40PM","30.68","14%","0%"
"*03mgq*","Jonathan Hernandez","LAD","RP","911","FA","30","CIN Wed 10:10PM","30.66","1%","0%"
"*04a2t*","Kodai Senga","NYM","SP,RP","912","Ka-Chow","33","@MIA Wed 6:40PM","30.59","61%","0%"
"*060ub*","Colt Emerson","SEA","3B,SS,INF","913","THG","21","TEX 1<br/>@SEA 3","30.31","62%","0%"
"*06elo*","Matt Svanson","STL","RP","914","FA","27","STL 6<br/>@SF 1","30.23","5%","0%"
"*03drx*","Connor Seabold","KC","RP","915","FA","30","ARI Wed 7:40PM","30.22","1%","0%"
"*0512u*","Jack Kochanowicz","LAA","SP","916","FA","25","@BOS Wed 6:45PM","30.21","13%","0%"
"*05r1d*","Jordan Wicks","CHC","RP","917","FA","27","@MIL Wed 7:40PM","30.19","4%","0%"
"*04el7*","Max Lazar","PHI","RP","918","FA","27","HOU Wed 6:40PM","30","1%","0%"
"*01ucb*","Drew Pomeranz","(N/A)","SP,RP","919","FA","37","","29.86","3%","0%"
"*050c3*","Jasson Dominguez","NYY","OF","920","XBLADZ","23","COL Wed 7:05PM","29.85","59%","-1%"
"*067xm*","George Klassen","LAA","SP","921","FA","24","@BOS Wed 6:45PM","29.81","41%","-2%"
"*04z6m*","Agustin Ramirez","MIA","C","922","iKnoBall","24","NYM Wed 6:40PM","29.81","55%","-2%"
"*04aq4*","Adolis Garcia","PHI","OF","923","FA","33","HOU Wed 6:40PM","29.7","38%","0%"
"*05jp3*","Logan Allen","CLE","SP,RP","924","FA","28","@BAL Wed 6:35PM","29.63","14%","-2%"
"*061mp*","Peter Strzelecki","STL","RP","925","FA","31","STL 6<br/>@SF 1","29.6","0%","0%"
"*05r3s*","Alejandro Osuna","TEX","OF","926","FA","23","TEX 1<br/>@SEA 3","29.6","6%","0%"
"*066a8*","David Morgan","SD","RP","927","FA","26","WSH 2<br/>@SD 5","29.55","2%","0%"
"*03dp8*","Ramon Laureano","SD","OF","928","FA","32","WSH 2<br/>@SD 5","29.53","36%","0%"
"*05tzp*","Jacob Gonzalez","PIT","1B,2B,SS,INF","929","FA","24","@CHW Wed 7:40PM","29.48","19%","-1%"
"*06c36*","Brice Matthews","HOU","2B,INF,OF","930","FA","24","@PHI Wed 6:40PM","29.42","21%","0%"
"*06309*","Trevor Martin","LAA","RP","931","FA","25","@BOS Wed 6:45PM","29.32","1%","0%"
"*05a06*","Nick Mears","KC","RP","932","FA","29","ARI Wed 7:40PM","29.21","3%","0%"
"*05jqk*","Carson Seymour","SF","SP,RP","933","FA","27","STL 6<br/>@SF 1","29.12","4%","-1%"
"*02bqh*","Trevor Story","BOS","SS,INF","934","FA","33","LAA Wed 6:45PM","29.07","59%","-1%"
"*03di1*","Matt Gage","SF","RP","935","FA","33","STL 6<br/>@SF 1","29.07","3%","0%"
"*04e2u*","Brent Rooker","ATH","OF,UT","936","ThePhils","31","TOR 0<br/>@ATH 2 F","28.95","71%","0%"
"*05xq2*","Mitch Bratt","ARI","SP","937","XBLADZ","23","@KC Wed 7:40PM","28.87","20%","-1%"
"*05yer*","Patrick Monteverde","MIA","RP","938","FA","28","NYM Wed 6:40PM","28.82","1%","0%"
"*04pwl*","Hunter Feduccia","LAD","C","939","FA","29","CIN Wed 10:10PM","28.66","3%","0%"
"*05lo5*","Freddy Fermin","SD","C","940","FA","31","WSH 2<br/>@SD 5","28.63","8%","0%"
"*0529l*","Endy Rodriguez","PIT","C,1B,INF","941","FA","26","@CHW Wed 7:40PM","28.62","23%","-1%"
"*04puc*","Bennett Sousa","HOU","RP","942","FA","31","@PHI Wed 6:40PM","28.58","4%","0%"
"*04n0o*","Cole Wilcox","SEA","RP","943","FA","27","TEX 1<br/>@SEA 3","28.54","4%","0%"
"*03xmd*","John Brebbia","BOS","RP","944","FA","36","LAA Wed 6:45PM","28.53","1%","0%"
"*03dqv*","Tanner Banks","PHI","RP","945","FA","34","HOU Wed 6:40PM","28.53","2%","0%"
"*0519f*","Nick Sogard","BOS","1B,2B,INF","946","FA","29","LAA Wed 6:45PM","28.53","24%","-4%"
"*05xor*","Christian Encarnacion-Strand","BAL","1B,3B,INF","947","ThePhils","26","CLE Wed 6:35PM","28.46","37%","-5%"
"*01t5w*","Miguel Rojas","LAD","2B,3B,SS,INF","948","FA","37","CIN Wed 10:10PM","28.42","7%","0%"
"*06lqo*","Chris Roycroft","ATH","RP","949","FA","29","TOR 0<br/>@ATH 2 F","28.42","0%","0%"
"*02n9l*","Dietrich Enns","BAL","SP,RP","950","FA","35","CLE Wed 6:35PM","28.36","1%","0%"
"*04eiw*","Eli Morgan","NYY","RP","951","FA","30","COL Wed 7:05PM","28.33","1%","0%"
"*0513l*","Brenton Doyle","CHW","OF","952","FA","28","PIT Wed 7:40PM","28.2","32%","-1%"
"*05t66*","TJ Shook","COL","RP","953","FA","28","@NYY Wed 7:05PM","28.12","0%","0%"
"*05gs3*","Alika Williams","ATH","2B,3B,SS,INF","954","FA","27","TOR 0<br/>@ATH 2 F","28.03","5%","0%"
"*06fqh*","Jared Simpson","WSH","RP","955","FA","26","WSH 2<br/>@SD 5","27.97","1%","0%"
"*01shb*","Robert Stock","NYM","SP,RP","956","FA","36","@MIA Wed 6:40PM","27.95","5%","0%"
"*04otv*","Alan Rangel","PHI","SP,RP","957","FA","29","HOU Wed 6:40PM","27.94","2%","0%"
"*04yk6*","Geoff Hartlieb","ATH","RP","958","FA","32","TOR 0<br/>@ATH 2 F","27.89","0%","0%"
"*05r9j*","Marcelo Mayer","SF","2B,3B,SS,INF","959","FA","23","STL 6<br/>@SF 1","27.86","52%","0%"
"*02bra*","James McCann","ARI","C","960","FA","36","@KC Wed 7:40PM","27.85","4%","0%"
"*05xu1*","Alex Freeland","LAD","2B,3B,INF","961","FA","25","CIN Wed 10:10PM","27.81","18%","-1%"
"*02hxd*","Danny Coulombe","(N/A)","RP","962","FA","36","","27.8","2%","0%"
"*063vu*","Matt Shaw","CHC","2B,3B,INF,OF","963","FA","24","@MIL Wed 7:40PM","27.79","52%","-1%"
"*04s1h*","Luis Gil","NYY","SP","964","FA","28","COL Wed 7:05PM","27.75","38%","-1%"
"*03qwa*","Phil Maton","CHC","RP","965","FA","33","@MIL Wed 7:40PM","27.71","8%","0%"
"*01usr*","Kyle Higashioka","TEX","C","966","FA","36","TEX 1<br/>@SEA 3","27.65","7%","0%"
"*0515a*","Noah Murdock","PIT","RP","967","FA","28","@CHW Wed 7:40PM","27.61","1%","0%"
"*05wbc*","Luke Murphy","LAA","RP","968","FA","26","@BOS Wed 6:45PM","27.57","3%","0%"
"*06ala*","Osvaldo Bido","(N/A)","SP,RP","969","FA","30","","27.55","2%","0%"
"*026l1*","Lance McCullers Jr.","MIL","SP","970","FA","32","CHC Wed 7:40PM","27.51","14%","0%"
"*052ru*","Josh Smith","TOR","1B,2B,3B,SS,INF,OF","971","FA","29","TOR 0<br/>@ATH 2 F","27.44","21%","0%"
"*04nq4*","Blaze Jordan","STL","1B,3B,INF","972","FA","23","STL 6<br/>@SF 1","27.41","28%","0%"
"*04y9p*","Anthony Volpe","NYY","SS,INF","973","FA","25","COL Wed 7:05PM","27.36","38%","0%"
"*05js6*","Ricky Tiedemann","TOR","SP","974","FA","24","TOR 0<br/>@ATH 2 F","27.36","36%","-1%"
"*05jn0*","Adrian Del Castillo","ARI","C","975","FA","26","@KC Wed 7:40PM","27.33","7%","0%"
"*04qnd*","Noelvi Marte","CIN","3B,INF,OF","976","FA","24","@LAD Wed 10:10PM","27","45%","0%"
"*04eme*","Tristan Gray","MIN","2B,3B,SS,INF","977","FA","30","MIN 2<br/>@DET 7 F","26.74","4%","0%"
"*05rkx*","Braxton Roxby","SF","RP","978","FA","27","STL 6<br/>@SF 1","26.67","0%","0%"
"*04afk*","Tristan Beck","SF","RP","979","FA","30","STL 6<br/>@SF 1","26.65","1%","0%"
"*051dq*","Sammy Peralta","LAA","RP","980","FA","28","@BOS Wed 6:45PM","26.56","0%","0%"
"*03qxr*","Cole Sands","MIN","SP,RP","981","FA","29","MIN 2<br/>@DET 7 F","26.4","8%","0%"
"*05koh*","Luke Little","KC","RP","982","FA","26","ARI Wed 7:40PM","26.39","2%","0%"
"*0420n*","Seth Martinez","BOS","RP","983","FA","32","LAA Wed 6:45PM","26.39","0%","0%"
"*031b3*","Isiah Kiner-Falefa","BOS","2B,3B,SS,INF","984","FA","31","LAA Wed 6:45PM","26.24","8%","-1%"
"*066n3*","Ryan Walker","SF","RP","985","FA","30","STL 6<br/>@SF 1","26.16","25%","0%"
"*04pwx*","Jonathan Heasley","TB","SP,RP","986","FA","29","@ATL Wed 7:15PM","26.08","0%","0%"
"*04qnh*","Gerardo Carrillo","ARI","RP","987","FA","27","@KC Wed 7:40PM","25.98","2%","0%"
"*0511r*","Drey Jameson","ARI","RP","988","FA","29","@KC Wed 7:40PM","25.92","3%","0%"
"*05gwx*","Petey Halpin","CLE","OF","989","FA","24","@BAL Wed 6:35PM","25.91","4%","0%"
"*045gu*","TJ Friedl","CIN","OF","990","FA","31","@LAD Wed 10:10PM","25.82","26%","0%"
"*04ei3*","Parker Mushinski","COL","RP","991","FA","30","@NYY Wed 7:05PM","25.81","0%","0%"
"*02hqe*","Kent Emanuel","CIN","RP","992","FA","34","@LAD Wed 10:10PM","25.81","0%","0%"
"*05un2*","Edgar Quero","CHW","C","993","FA","23","PIT Wed 7:40PM","25.78","19%","0%"
"*05ybh*","Garrett Acton","MIN","RP","994","FA","28","MIN 2<br/>@DET 7 F","25.73","1%","0%"
"*04er0*","Seth Lonsway","SF","SP","995","FA","27","STL 6<br/>@SF 1","25.72","0%","0%"
"*060yn*","Luis Lara","MIL","OF","996","FA","21","CHC Wed 7:40PM","25.56","41%","-2%"
"*026mn*","Javier Baez","DET","2B,3B,SS,INF,OF","997","FA","33","MIN 2<br/>@DET 7 F","25.55","19%","-1%"
"*05yfi*","Colton Gordon","MIL","SP,RP","998","FA","27","CHC Wed 7:40PM","25.48","4%","0%"
"*05jpu*","Daniel Susac","SF","C","999","FA","25","STL 6<br/>@SF 1","25.42","10%","0%"
"*048tn*","Carlos Narvaez","BAL","C","1000","FA","27","CLE Wed 6:35PM","25.42","16%","0%"
"*04n0k*","Carlos Hernandez","CLE","RP","1001","FA","29","@BAL Wed 6:35PM","25.38","1%","0%"
"*0514k*","Pedro Pages","STL","C","1002","FA","27","STL 6<br/>@SF 1","25.36","8%","0%"
"*04z8z*","Yohendrick Pinango","TOR","OF","1003","FA","24","TOR 0<br/>@ATH 2 F","25.31","10%","0%"
"*03nqg*","Kolby Allard","PHI","RP","1004","FA","29","HOU Wed 6:40PM","25.17","1%","0%"
"*04674*","Johan Oviedo","BOS","SP","1005","FA","28","LAA Wed 6:45PM","25.13","21%","0%"
"*05r3g*","Mason Black","KC","RP","1006","FA","26","ARI Wed 7:40PM","24.95","4%","0%"
"*05jpe*","Connor Phillips","CIN","RP","1007","FA","25","@LAD Wed 10:10PM","24.88","8%","0%"
"*031el*","Danny Jansen","TEX","C","1008","FA","31","TEX 1<br/>@SEA 3","24.84","9%","0%"
"*05jr5*","Blake Dunn","CIN","OF","1009","FA","28","@LAD Wed 10:10PM","24.75","7%","0%"
"*05198*","Gavin Collyer","TEX","SP,RP","1010","FA","25","TEX 1<br/>@SEA 3","24.73","2%","0%"
"*04an8*","Wenceel Perez","DET","OF","1011","FA","26","MIN 2<br/>@DET 7 F","24.72","13%","0%"
"*06hny*","Bryan Torres","STL","C,2B,INF,OF","1012","FA","29","STL 6<br/>@SF 1","24.72","8%","-1%"
"*04psu*","James Outman","DET","OF","1013","FA","29","MIN 2<br/>@DET 7 F","24.69","4%","0%"
"*05ydp*","Kade Anderson","SEA","SP","1014","XBLADZ","22","TEX 1<br/>@SEA 3","24.61","78%","-4%"
"*04pmp*","Simeon Woods-Richardson","SEA","SP,RP","1015","FA","25","TEX 1<br/>@SEA 3","24.58","14%","0%"
"*05jqv*","Max Rajcic","STL","SP,RP","1016","FA","25","STL 6<br/>@SF 1","24.53","2%","0%"
"*04pr7*","Nolan Hoffman","KC","RP","1017","FA","29","ARI Wed 7:40PM","24.52","0%","0%"
"*05ocn*","Zach Brzykcy","MIA","RP","1018","FA","27","NYM Wed 6:40PM","24.36","1%","0%"
"*0516v*","Zak Kent","WSH","RP","1019","FA","28","WSH 2<br/>@SD 5","24.3","1%","0%"
"*041qv*","Alex Call","LAD","OF","1020","FA","31","CIN Wed 10:10PM","24.17","4%","0%"
"*0630h*","Mason Barnett","ATH","SP,RP","1021","FA","25","TOR 0<br/>@ATH 2 F","24.07","6%","0%"
"*0404s*","Gregory Santos","(N/A)","RP","1022","FA","27","","24.03","1%","0%"
"*0648z*","Victor Scott","STL","OF","1023","FA","25","STL 6<br/>@SF 1","24.03","22%","0%"
"*05lg1*","Carter Baumler","TEX","RP","1024","FA","24","TEX 1<br/>@SEA 3","24","4%","0%"
"*05gwr*","Drew Romo","CHW","C","1025","FA","25","PIT Wed 7:40PM","23.96","5%","0%"
"*04prq*","Codi Heuer","BAL","RP","1026","FA","30","CLE Wed 6:35PM","23.93","0%","0%"
"*070bf*","Sung Mun Song","SD","2B,3B,SS,INF","1027","FA","30","WSH 2<br/>@SD 5","23.91","19%","0%"
"*04pkq*","Anthony Seigler","BOS","2B,3B,INF","1028","FA","27","LAA Wed 6:45PM","23.85","8%","-1%"
"*0414h*","Gabriel Arias","CHC","2B,3B,SS,INF","1029","FA","26","@MIL Wed 7:40PM","23.77","10%","0%"
"*05xoo*","Elmer Rodriguez","NYY","SP","1030","FA","23","COL Wed 7:05PM","23.77","42%","-4%"
"*0665x*","Matt Pushard","MIA","RP","1031","FA","28","NYM Wed 6:40PM","23.74","1%","0%"
"*051dm*","Joe La Sorsa","BOS","RP","1032","FA","28","LAA Wed 6:45PM","23.74","0%","0%"
"*02i2q*","Carlos Correa","HOU","3B,SS,INF","1033","FA","31","@PHI Wed 6:40PM","23.66","52%","0%"
"*05xze*","Jason Alexander","HOU","SP,RP","1034","FA","33","@PHI Wed 6:40PM","23.63","2%","0%"
"*0318i*","Justin Topa","NYY","RP","1035","FA","35","COL Wed 7:05PM","23.59","2%","0%"
"*05u38*","Peyton Pallette","CHW","SP,RP","1036","FA","25","PIT Wed 7:40PM","23.48","4%","0%"
"*04efs*","Nick Allen","HOU","2B,3B,SS,INF","1037","FA","27","@PHI Wed 6:40PM","23.35","3%","0%"
"*03nri*","Lourdes Gurriel Jr.","ARI","OF","1038","FA","32","@KC Wed 7:40PM","23.32","21%","-1%"
"*02mw7*","Lucas Sims","(N/A)","RP","1039","FA","32","","23.29","1%","0%"
"*04ydi*","Ronel Blanco","HOU","SP","1040","FA","33","@PHI Wed 6:40PM","23.19","13%","-1%"
"*0321h*","Luis Garcia","(N/A)","RP","1041","FA","39","","23.12","1%","0%"
"*04pse*","Brendan Donovan","SEA","2B,3B,INF,OF","1042","NYX","29","TEX 1<br/>@SEA 3","23.08","73%","-1%"
"*06bpq*","Antwone Kelly","PIT","SP","1043","FA","23","@CHW Wed 7:40PM","23.06","7%","0%"
"*03df0*","Jose Trevino","CIN","C,RP","1044","FA","33","@LAD Wed 10:10PM","23.03","3%","0%"
"*03pp6*","Jahmai Jones","BOS","OF","1045","FA","29","LAA Wed 6:45PM","23.01","3%","0%"
"*03c65*","Victor Robles","SEA","OF","1046","FA","29","TEX 1<br/>@SEA 3","22.97","14%","0%"
"*06f14*","Ethan Pecko","HOU","SP","1047","FA","24","@PHI Wed 6:40PM","22.78","17%","-1%"
"*0513x*","Connor Thomas","KC","RP","1048","FA","28","ARI Wed 7:40PM","22.72","1%","0%"
"*0519h*","Hunter Bigge","TB","RP","1049","FA","28","@ATL Wed 7:15PM","22.7","3%","0%"
"*06ek4*","Jonah Cox","SF","OF","1050","FA","25","STL 6<br/>@SF 1","22.66","24%","-1%"
"*04ydt*","Christian Koss","SF","2B,3B,SS,INF","1051","FA","28","STL 6<br/>@SF 1","22.6","4%","0%"
"*05tdd*","Joe Rock","ATH","RP","1052","FA","26","TOR 0<br/>@ATH 2 F","22.56","3%","0%"
"*05u9z*","Roman Anthony","BOS","OF","1053","NYX","22","LAA Wed 6:45PM","22.54","97%","0%"
"*05ad7*","Manuel Rodriguez","TB","RP","1054","FA","30","@ATL Wed 7:15PM","22.47","3%","0%"
"*05mru*","Thomas Saggese","STL","2B,3B,SS,INF,OF","1055","BHB","24","STL 6<br/>@SF 1","22.4","42%","0%"
"*04yij*","Riley Cornelio","WSH","SP,RP","1056","FA","26","WSH 2<br/>@SD 5","22.35","5%","0%"
"*03pp7*","Tanner Rainey","DET","RP","1057","FA","33","MIN 2<br/>@DET 7 F","22.28","0%","0%"
"*04mrb*","Jorge Barrosa","HOU","OF","1058","FA","25","@PHI Wed 6:40PM","22.22","3%","0%"
"*066f4*","Duncan Davitt","ATL","SP","1059","FA","26","TB Wed 7:15PM","22.2","1%","0%"
"*041qm*","Shaun Anderson","LAA","RP","1060","FA","31","@BOS Wed 6:45PM","22.19","0%","0%"
"*04up8*","Lazaro Estrada","TOR","RP","1061","FA","27","TOR 0<br/>@ATH 2 F","22.14","2%","0%"
"*05120*","Brandon Williamson","CIN","SP","1062","FA","28","@LAD Wed 10:10PM","22.12","10%","-1%"
"*01s9k*","Starling Marte","KC","OF,UT","1063","FA","37","ARI Wed 7:40PM","22.1","4%","0%"
"*05qzx*","Angel Zerpa","MIL","RP","1064","FA","26","CHC Wed 7:40PM","22.09","4%","0%"
"*041vt*","Samad Taylor","SD","OF,UT","1065","FA","28","WSH 2<br/>@SD 5","22.07","15%","-2%"
"*03qq9*","Justin Lawrence","WSH","RP","1066","FA","31","WSH 2<br/>@SD 5","22.06","2%","0%"
"*05lb8*","Zach McCambley","CIN","SP,RP","1067","FA","27","@LAD Wed 10:10PM","22.05","1%","0%"
"*05gs4*","Cole Henry","WSH","RP","1068","FA","27","WSH 2<br/>@SD 5","21.81","4%","0%"
"*05j93*","Jose Franco","CIN","SP,RP","1069","FA","25","@LAD Wed 10:10PM","21.81","4%","0%"
"*04psr*","David Fry","CLE","OF,UT","1070","FA","30","@BAL Wed 6:35PM","21.78","4%","0%"
"*06rkk*","Eduardo Valencia","DET","C,1B,INF","1071","FA","26","MIN 2<br/>@DET 7 F","21.74","27%","-3%"
"*0420h*","Weston Wilson","SEA","2B,3B,INF,OF","1072","FA","31","TEX 1<br/>@SEA 3","21.73","2%","0%"
"*05tp7*","Tommy White","ATH","1B,3B,INF","1073","FA","23","TOR 0<br/>@ATH 2 F","21.72","28%","-2%"
"*02my5*","Edwin Diaz","LAD","RP","1074","ThePhils","32","CIN Wed 10:10PM","21.69","84%","-1%"
"*03pji*","Ke'Bryan Hayes","CIN","3B,INF","1075","FA","29","@LAD Wed 10:10PM","21.65","13%","0%"
"*03av1*","Jake Rogers","CHW","C","1076","FA","31","PIT Wed 7:40PM","21.64","3%","0%"
"*04ni4*","Leo Jimenez","MIA","1B,2B,3B,INF","1077","FA","25","NYM Wed 6:40PM","21.62","3%","0%"
"*05y7v*","Carson Whisenhunt","SF","SP","1078","FA","25","STL 6<br/>@SF 1","21.61","19%","0%"
"*06f0k*","Rafael Flores","PIT","C,1B,INF","1079","FA","25","@CHW Wed 7:40PM","21.61","24%","-6%"
"*05u9y*","Max Clark","DET","OF","1080","ThePhils","21","MIN 2<br/>@DET 7 F","21.47","74%","-1%"
"*0513s*","John Rave","KC","OF","1081","FA","28","ARI Wed 7:40PM","21.44","3%","0%"
"*05uws*","Chayce McDermott","NYM","RP","1082","FA","28","@MIA Wed 6:40PM","21.34","5%","0%"
"*031cd*","Mitch Garver","NYY","C","1083","FA","35","COL Wed 7:05PM","21.33","3%","0%"
"*06dqg*","Kade Morris","ATH","SP","1084","FA","24","TOR 0<br/>@ATH 2 F","21.17","4%","0%"
"*06in4*","Hyeseong Kim","LAD","2B,SS,INF,OF","1085","FA","27","CIN Wed 10:10PM","21.02","26%","0%"
"*05ybw*","Carson Palmquist","WSH","SP,RP","1086","FA","25","WSH 2<br/>@SD 5","21.01","2%","0%"
"*05jse*","Tommy Troy","ARI","2B,INF,OF","1087","FA","24","@KC Wed 7:40PM","20.91","28%","-1%"
"*06fpn*","Brett Bateman","TOR","OF","1088","FA","24","TOR 0<br/>@ATH 2 F","20.9","29%","0%"
"*06434*","Jimmy Crooks","STL","C","1089","FA","25","STL 6<br/>@SF 1","20.77","9%","0%"
"*05y40*","Eduardo Rivera","BOS","SP","1090","FA","23","LAA Wed 6:45PM","20.73","11%","0%"
"*05xpp*","Chad Dallas","TOR","SP","1091","FA","26","TOR 0<br/>@ATH 2 F","20.72","2%","0%"
"*04ehs*","Cody Bolton","HOU","SP,RP","1092","FA","28","@PHI Wed 6:40PM","20.6","2%","0%"
"*025dq*","Taijuan Walker","(N/A)","SP,RP","1093","FA","34","","20.57","3%","0%"
"*04mn4*","Joey Bart","CHW","C","1094","FA","29","PIT Wed 7:40PM","20.47","7%","0%"
"*06fqx*","Seth Halvorsen","LAD","RP","1095","FA","26","CIN Wed 10:10PM","20.44","6%","0%"
"*06nuj*","Jackson Kent","WSH","SP","1096","FA","23","WSH 2<br/>@SD 5","20.37","17%","-1%"
"*05rcf*","Joshua Baez","STL","OF","1097","XBLADZ","23","STL 6<br/>@SF 1","20.27","76%","-1%"
"*066lr*","Graham Pauley","MIA","1B,3B,INF","1098","FA","25","NYM Wed 6:40PM","20.24","5%","0%"
"*05145*","Darell Hernaiz","ATH","2B,3B,SS,INF","1099","FA","25","TOR 0<br/>@ATH 2 F","20.18","5%","0%"
"*04afl*","Brendon Little","TOR","RP","1100","FA","30","TOR 0<br/>@ATH 2 F","20.14","5%","0%"
"*04emt*","Jake Meyers","HOU","OF","1101","FA","30","@PHI Wed 6:40PM","20.1","12%","0%"
"*04pqd*","Drew Rom","ATH","SP,RP","1102","FA","26","TOR 0<br/>@ATH 2 F","20.07","2%","0%"
"*0511t*","Seth Johnson","ATH","RP","1103","FA","27","TOR 0<br/>@ATH 2 F","19.93","2%","0%"
"*0515f*","Drew Millas","WSH","C","1104","FA","28","WSH 2<br/>@SD 5","19.92","2%","0%"
"*04efo*","Nick Raquet","BAL","RP","1105","FA","30","CLE Wed 6:35PM","19.89","0%","0%"
"*06ahu*","Sean Sullivan","COL","SP","1106","FA","24","@NYY Wed 7:05PM","19.84","5%","0%"
"*06hx4*","Kaelen Culpepper","MIN","SS,INF","1107","THG","23","MIN 2<br/>@DET 7 F","19.8","60%","-1%"
"*05yhl*","Ben Malgeri","DET","OF","1108","FA","26","MIN 2<br/>@DET 7 F","19.77","3%","0%"
"*0316t*","Adam Frazier","LAA","2B,INF,OF","1109","FA","34","@BOS Wed 6:45PM","19.73","4%","0%"
"*02n1c*","Tyler Heineman","LAA","C,RP","1110","FA","35","@BOS Wed 6:45PM","19.7","2%","0%"
"*04prc*","Brandon Lockridge","MIL","OF","1111","FA","29","CHC Wed 7:40PM","19.47","5%","0%"
"*03qo2*","LaMonte Wade Jr.","HOU","1B,INF,OF","1112","FA","32","@PHI Wed 6:40PM","19.42","3%","0%"
"*04ni5*","Osleivis Basabe","SF","2B,3B,SS,INF","1113","FA","25","STL 6<br/>@SF 1","19.33","12%","-1%"
"*04w0m*","Yovanny Cruz","WSH","RP","1114","FA","27","WSH 2<br/>@SD 5","19.25","6%","0%"
"*03aru*","Joel Payamps","ATL","RP","1115","FA","32","TB Wed 7:15PM","19.19","1%","0%"
"*05xse*","Hector Rodriguez","CIN","OF","1116","FA","22","@LAD Wed 10:10PM","19.11","44%","0%"
"*02i37*","Lucas Giolito","SD","SP","1117","FA","32","WSH 2<br/>@SD 5","19.06","27%","0%"
"*01uc9*","Nick Castellanos","(N/A)","OF","1118","FA","34","","18.95","16%","0%"
"*03drc*","Aaron Bummer","KC","RP","1119","FA","32","ARI Wed 7:40PM","18.88","1%","0%"
"*06hps*","Drew Cavanaugh","SF","C","1120","FA","24","STL 6<br/>@SF 1","18.8","3%","0%"
"*05uab*","Philip Abner","SF","RP","1121","FA","24","STL 6<br/>@SF 1","18.79","1%","0%"
"*05uv5*","Abimelec Ortiz","WSH","1B,INF,OF","1122","FA","24","WSH 2<br/>@SD 5","18.6","31%","-5%"
"*05rcj*","Edwin Arroyo","CIN","2B,SS,INF","1123","FA","23","@LAD Wed 10:10PM","18.58","24%","-1%"
"*051b4*","Jordan Beck","COL","OF","1124","FA","25","@NYY Wed 7:05PM","18.57","28%","0%"
"*04is5*","Everson Pereira","STL","OF","1125","FA","25","STL 6<br/>@SF 1","18.47","8%","0%"
"*04eey*","MJ Melendez","NYM","OF","1126","FA","27","@MIA Wed 6:40PM","18.45","3%","0%"
"*01vja*","Max Kepler","ARI","OF","1127","FA","33","@KC Wed 7:40PM","18.41","4%","0%"
"*05192*","Kade Strowd","ARI","RP","1128","FA","28","@KC Wed 7:40PM","18.41","2%","0%"
"*05r1m*","Jordan Lawlar","ARI","3B,INF,OF","1129","XBLADZ","24","@KC Wed 7:40PM","18.38","68%","-2%"
"*04pmw*","Alek Thomas","LAD","OF","1130","FA","26","CIN Wed 10:10PM","18.11","11%","0%"
"*06i08*","Woo-Suk Go","MIN","RP","1131","FA","28","MIN 2<br/>@DET 7 F","18.1","2%","0%"
"*05xsf*","Jefry Yan","NYM","RP","1132","FA","30","@MIA Wed 6:40PM","18.06","2%","0%"
"*06ian*","John Klein","TOR","SP,RP","1133","FA","24","TOR 0<br/>@ATH 2 F","18.06","1%","0%"
"*05rau*","Kahlil Watson","CLE","SS,INF,OF","1134","FA","23","@BAL Wed 6:35PM","17.95","19%","0%"
"*05taw*","Doug Nikhazy","CHC","SP,RP","1135","FA","27","@MIL Wed 7:40PM","17.8","3%","0%"
"*061pi*","Yaramil Hiraldo","BAL","RP","1136","FA","30","CLE Wed 6:35PM","17.75","1%","0%"
"*0630e*","Colby Thomas","PHI","OF","1137","FA","25","HOU Wed 6:40PM","17.65","12%","0%"
"*052ij*","Domingo Gonzalez","SEA","SP,RP","1138","FA","26","TEX 1<br/>@SEA 3","17.54","1%","0%"
"*05raw*","Harry Ford","WSH","C","1139","FA","23","WSH 2<br/>@SD 5","17.44","38%","-1%"
"*04y9i*","Tyler Callihan","PIT","OF","1140","FA","26","@CHW Wed 7:40PM","17.35","5%","0%"
"*05wxy*","Kyle Teel","CHW","C","1141","THG","24","PIT Wed 7:40PM","17.34","57%","-1%"
"*05jq3*","Joey Wiemer","CHW","OF","1142","FA","27","PIT Wed 7:40PM","17.33","10%","0%"
"*06ex9*","Brandan Bidois","MIA","RP","1143","FA","25","NYM Wed 6:40PM","17.21","2%","0%"
"*051hq*","Taylor Rashi","ATH","RP","1144","FA","30","TOR 0<br/>@ATH 2 F","17.19","0%","0%"
"*041rp*","Easton McGee","KC","RP","1145","FA","28","ARI Wed 7:40PM","17.14","1%","0%"
"*05uy5*","AJ Smith-Shawver","ATL","SP","1146","FA","23","TB Wed 7:15PM","17.12","42%","-3%"
"*01cdf*","Giancarlo Stanton","NYY","OF,UT","1147","FA","36","COL Wed 7:05PM","17.07","55%","-1%"
"*04eh9*","Nelson Velazquez","HOU","OF","1148","FA","27","@PHI Wed 6:40PM","17.06","3%","0%"
"*04qri*","Braden Shewmake","HOU","2B,3B,SS,INF","1149","FA","28","@PHI Wed 6:40PM","17.05","3%","0%"
"*05r5e*","Angel Genao","CLE","2B,3B,SS,INF","1150","FA","22","@BAL Wed 6:35PM","17.04","47%","-2%"
"*04oct*","Josh Rojas","KC","2B,3B,INF","1151","FA","32","ARI Wed 7:40PM","17.03","2%","0%"
"*051i0*","Jayden Murray","CHC","RP","1152","FA","29","@MIL Wed 7:40PM","17.02","1%","0%"
"*06mc1*","Trey Gibson","BAL","SP","1153","FA","24","CLE Wed 6:35PM","16.98","20%","0%"
"*0614b*","Josh Simpson","SEA","RP","1154","FA","29","TEX 1<br/>@SEA 3","16.95","1%","0%"
"*04o78*","Matt Wallner","MIN","OF","1155","FA","28","MIN 2<br/>@DET 7 F","16.94","23%","0%"
"*04yd8*","Jhonny Pereda","SEA","C","1156","FA","30","TEX 1<br/>@SEA 3","16.91","1%","0%"
"*05yfl*","Joey Loperfido","HOU","OF","1157","FA","27","@PHI Wed 6:40PM","16.89","8%","0%"
"*05xsv*","Hayden Juenger","ATH","RP","1158","FA","26","TOR 0<br/>@ATH 2 F","16.87","1%","0%"
"*04o2x*","Davis Schneider","TOR","2B,INF,OF","1159","FA","27","TOR 0<br/>@ATH 2 F","16.79","5%","0%"
"*06kv1*","Rolddy Munoz","ATL","RP","1160","FA","26","TB Wed 7:15PM","16.74","1%","0%"
"*03eet*","Yoan Moncada","LAA","3B,INF","1161","FA","31","@BOS Wed 6:45PM","16.69","9%","0%"
"*051wu*","Victor Bericoto","SF","1B,INF,OF","1162","FA","24","STL 6<br/>@SF 1","16.62","9%","0%"
"*05gx2*","Jeff Criswell","COL","SP","1163","FA","27","@NYY Wed 7:05PM","16.55","1%","0%"
"*061lj*","Winston Santos","TEX","SP","1164","FA","24","TEX 1<br/>@SEA 3","16.54","10%","0%"
"*02bq6*","Joe Ross","TEX","RP","1165","FA","33","TEX 1<br/>@SEA 3","16.46","1%","0%"
"*06b72*","George Lombard Jr.","NYY","SS,INF","1166","XBLADZ","21","COL Wed 7:05PM","16.44","64%","-4%"
"*03qjv*","Harrison Bader","SF","OF","1167","FA","32","STL 6<br/>@SF 1","16.37","19%","0%"
"*0513y*","Ken Waldichuk","WSH","SP,RP","1168","FA","28","WSH 2<br/>@SD 5","16.36","2%","0%"
"*041ru*","Cole Irvin","LAD","SP","1169","FA","32","CIN Wed 10:10PM","16.35","1%","0%"
"*06gjo*","Jim Jarvis","ATL","SS,INF","1170","FA","25","TB Wed 7:15PM","16.3","6%","0%"
"*02yoi*","Alex Jackson","MIN","C","1171","FA","30","MIN 2<br/>@DET 7 F","15.95","1%","0%"
"*041rz*","Brian Serven","ATH","C","1172","FA","31","TOR 0<br/>@ATH 2 F","15.95","1%","0%"
"*04eg2*","Charlie Barnes","LAD","SP,RP","1173","FA","30","CIN Wed 10:10PM","15.8","0%","0%"
"*04pq7*","Ryan Weiss","HOU","SP,RP","1174","FA","29","@PHI Wed 6:40PM","15.72","5%","0%"
"*0518m*","Jase Bowen","SD","OF","1175","FA","26","WSH 2<br/>@SD 5","15.59","2%","0%"
"*05js7*","Nick Yorke","PIT","2B,3B,INF","1176","FA","24","@CHW Wed 7:40PM","15.59","12%","0%"
"*0518r*","Dustin Harris","SD","OF","1177","FA","27","WSH 2<br/>@SD 5","15.47","5%","0%"
"*04q24*","Max Schuemann","NYY","2B,3B,SS,INF,OF","1178","FA","29","COL Wed 7:05PM","15.36","2%","0%"
"*03dew*","Brandon Leibrandt","CIN","SP","1179","FA","33","@LAD Wed 10:10PM","15.23","0%","0%"
"*04llv*","Lenyn Sosa","TOR","1B,2B,INF","1180","FA","26","TOR 0<br/>@ATH 2 F","15.21","19%","0%"
"*06nue*","Joshua Kuroda-Grauer","ATH","3B,SS,INF","1181","FA","23","TOR 0<br/>@ATH 2 F","15.11","29%","-1%"
"*06f0z*","Charles McAdoo","TOR","2B,3B,INF","1182","FA","24","TOR 0<br/>@ATH 2 F","15.09","10%","-1%"
"*03zcx*","Will Benson","CIN","OF","1183","FA","28","@LAD Wed 10:10PM","15.07","5%","0%"
"*065j5*","Alex Cook","TB","RP","1184","FA","25","@ATL Wed 7:15PM","14.96","0%","0%"
"*03pp5*","Blake Perkins","CLE","OF","1185","FA","29","@BAL Wed 6:35PM","14.79","2%","0%"
"*04nb5*","Hunter Barco","PIT","RP","1186","FA","25","@CHW Wed 7:40PM","14.76","21%","0%"
"*05y29*","Andrew Hoffmann","PHI","RP","1187","FA","26","HOU Wed 6:40PM","14.67","2%","0%"
"*03aoy*","Sean Murphy","ATL","C","1188","FA","31","TB Wed 7:15PM","14.58","20%","-1%"
"*05yc9*","Braxton Fulford","COL","C","1189","FA","27","@NYY Wed 7:05PM","14.55","2%","0%"
"*041qd*","Jake Fraley","TB","OF","1190","FA","31","@ATL Wed 7:15PM","14.53","7%","0%"
"*04de0*","Ramon Urias","STL","2B,3B,INF","1191","FA","32","STL 6<br/>@SF 1","14.47","4%","0%"
"*03qni*","Danny Young","ATL","RP","1192","FA","32","TB Wed 7:15PM","14.47","1%","0%"
"*04pmm*","Nick Sandlin","DET","RP","1193","FA","29","MIN 2<br/>@DET 7 F","14.42","1%","0%"
"*02mzf*","Rob Refsnyder","SEA","OF,UT","1194","FA","35","TEX 1<br/>@SEA 3","14.42","3%","0%"
"*05jp5*","Christian Roa","HOU","RP","1195","FA","27","@PHI Wed 6:40PM","14.38","1%","0%"
"*041qs*","Austin Hays","SD","OF","1196","FA","31","WSH 2<br/>@SD 5","14.35","16%","0%"
"*04ave*","Leo Rivas","SEA","2B,3B,SS,INF","1197","FA","28","TEX 1<br/>@SEA 3","14.21","3%","0%"
"*052c7*","Valente Bellozo","COL","SP,RP","1198","FA","26","@NYY Wed 7:05PM","14.12","2%","0%"
"*02bv2*","Eric Haase","ATL","C","1199","FA","33","TB Wed 7:15PM","14.08","1%","0%"
"*0513g*","Cody Freeman","TEX","2B,3B,INF","1200","FA","25","TEX 1<br/>@SEA 3","14.01","5%","-1%"
"*06mil*","Hancel Rincon","STL","SP","1201","FA","24","STL 6<br/>@SF 1","14","1%","0%"
"*0429r*","Max Kranick","WSH","RP","1202","FA","29","WSH 2<br/>@SD 5","13.94","1%","0%"
"*06nvj*","Turner Hill","SF","OF","1203","FA","27","STL 6<br/>@SF 1","13.77","6%","-1%"
"*02yd1*","Jorge Polanco","NYM","2B,INF","1204","FA","33","@MIA Wed 6:40PM","13.74","33%","0%"
"*0648f*","Zach Maxwell","CIN","RP","1205","FA","25","@LAD Wed 10:10PM","13.64","4%","0%"
"*031ce*","Thomas Pannone","MIL","SP","1206","FA","32","CHC Wed 7:40PM","13.49","0%","0%"
"*04yj5*","Rodolfo Duran","SD","C","1207","FA","28","WSH 2<br/>@SD 5","13.43","1%","0%"
"*03bud*","Bryan De La Cruz","PHI","OF","1208","FA","29","HOU Wed 6:40PM","13.4","3%","0%"
"*04ent*","J.C. Escarra","NYY","C","1209","FA","31","COL Wed 7:05PM","13.3","2%","0%"
"*05jsc*","Sterlin Thompson","COL","OF","1210","FA","25","@NYY Wed 7:05PM","13.19","10%","0%"
"*033lr*","Ali Sanchez","NYY","C","1211","FA","29","COL Wed 7:05PM","13.15","1%","0%"
"*052h8*","Jesus Rodriguez","SF","C","1212","FA","24","STL 6<br/>@SF 1","13.09","8%","0%"
"*03ql8*","Bailey Falter","ATL","SP","1213","FA","29","TB Wed 7:15PM","12.86","4%","0%"
"*05uce*","Brendan Beck","NYY","SP","1214","FA","27","COL Wed 7:05PM","12.78","4%","0%"
"*0516g*","Ryan Ward","LAD","1B,INF,OF","1215","FA","28","CIN Wed 10:10PM","12.78","8%","0%"
"*0316l*","Austin Voth","(N/A)","SP,RP","1216","FA","34","","12.58","0%","0%"
"*04mrn*","Bo Naylor","MIL","C","1217","FA","26","CHC Wed 7:40PM","12.56","15%","0%"
"*0641c*","Zach Dezenzo","HOU","OF","1218","FA","26","@PHI Wed 6:40PM","12.53","5%","0%"
"*05yhe*","Juan Brito","CIN","2B,SS,INF","1219","FA","24","@LAD Wed 10:10PM","12.51","13%","0%"
"*061yt*","Alan Roden","MIN","OF","1220","FA","26","MIN 2<br/>@DET 7 F","12.41","7%","0%"
"*0512r*","Grant McCray","SF","OF","1221","FA","25","STL 6<br/>@SF 1","12.29","2%","0%"
"*04ysv*","Adael Amador","COL","2B,INF","1222","FA","23","@NYY Wed 7:05PM","12.27","23%","+1%"
"*061mh*","Robby Snelling","MIA","SP","1223","THG","22","NYM Wed 6:40PM","12.14","56%","0%"
"*03dg7*","Austin Slater","TB","OF","1224","FA","33","@ATL Wed 7:15PM","12.13","1%","0%"
"*03o43*","Luis Urias","TOR","2B,INF","1225","FA","29","TOR 0<br/>@ATH 2 F","12.12","2%","0%"
"*000dp*","Justin Verlander","DET","SP","1226","FA","43","MIN 2<br/>@DET 7 F","12.04","21%","0%"
"*0630f*","Gabriel Rincones Jr.","PHI","OF","1227","FA","25","HOU Wed 6:40PM","12.03","8%","0%"
"*05ymh*","Luis Curvelo","TEX","RP","1228","FA","25","TEX 1<br/>@SEA 3","12.02","1%","0%"
"*041w8*","Ian Hamilton","ATL","RP","1229","FA","31","TB Wed 7:15PM","12.02","2%","0%"
"*04ggr*","Jarred Kelenic","NYY","OF","1230","FA","27","COL Wed 7:05PM","11.69","3%","0%"
"*04q0o*","Romy Gonzalez","BOS","1B,2B,INF","1231","FA","30","LAA Wed 6:45PM","11.61","9%","0%"
"*06cq8*","Christian Moore","LAA","2B,INF","1232","FA","23","@BOS Wed 6:45PM","11.54","37%","-1%"
"*04aod*","Sebastian Rivero","LAA","C","1233","FA","27","@BOS Wed 6:45PM","11.51","1%","0%"
"*02h98*","Enrique Hernandez","LAD","1B,2B,3B,INF,OF,RP","1234","FA","35","CIN Wed 10:10PM","11.46","5%","0%"
"*01s99*","Travis d'Arnaud","LAA","C","1235","FA","37","@BOS Wed 6:45PM","11.41","3%","0%"
"*05gbg*","Zac Veen","COL","OF","1236","AF","24","@NYY Wed 7:05PM","11.36","43%","-3%"
"*041vp*","Santiago Espinal","ARI","2B,3B,INF,OF","1237","FA","31","@KC Wed 7:40PM","11.36","2%","0%"
"*04pmo*","Lyon Richardson","MIL","RP","1238","FA","26","CHC Wed 7:40PM","11.29","1%","0%"
"*05jqi*","Shay Whitcomb","SF","2B,3B,INF","1239","FA","27","STL 6<br/>@SF 1","11.23","5%","0%"
"*01c1g*","Andrew McCutchen","ATL","OF,UT","1240","FA","39","TB Wed 7:15PM","11.16","3%","0%"
"*06kvo*","Spencer Bivens","SF","RP","1241","FA","32","STL 6<br/>@SF 1","11.16","1%","0%"
"*03yr2*","Yohel Pozo","BAL","C","1242","FA","29","CLE Wed 6:35PM","11.1","1%","0%"
"*04py3*","J.P. France","SD","RP","1243","FA","31","WSH 2<br/>@SD 5","11.02","2%","0%"
"*05jp2*","Jared Shuster","STL","RP","1244","FA","28","STL 6<br/>@SF 1","10.99","1%","0%"
"*062q0*","Brycen Mautz","STL","SP","1245","FA","25","STL 6<br/>@SF 1","10.9","5%","0%"
"*02ccf*","Tommy Kahnle","BOS","RP","1246","FA","37","LAA Wed 6:45PM","10.82","2%","0%"
"*06jbm*","Yunior Tur","ATH","SP,RP","1247","FA","27","TOR 0<br/>@ATH 2 F","10.76","1%","0%"
"*05y46*","Billy Cook","PIT","OF","1248","FA","27","@CHW Wed 7:40PM","10.75","2%","0%"
"*04egq*","Josh Fleming","STL","RP","1249","FA","30","STL 6<br/>@SF 1","10.75","0%","0%"
"*05ajg*","Ha-seong Kim","ATL","SS,INF","1250","FA","30","TB Wed 7:15PM","10.68","15%","0%"
"*06at1*","Yariel Rodriguez","TOR","RP","1251","FA","29","TOR 0<br/>@ATH 2 F","10.67","4%","0%"
"*05xu8*","Tyler Locklear","ARI","1B,INF","1252","FA","25","@KC Wed 7:40PM","10.64","11%","0%"
"*0420t*","Wyatt Mills","WSH","RP","1253","FA","31","WSH 2<br/>@SD 5","10.6","0%","0%"
"*05uvx*","Cameron Cauley","TEX","2B,SS,INF,OF","1254","FA","23","TEX 1<br/>@SEA 3","10.58","10%","0%"
"*04alq*","Pavin Smith","ARI","1B,INF","1255","FA","30","@KC Wed 7:40PM","10.56","7%","0%"
"*0403l*","Rafael Marchan","PHI","C","1256","FA","27","HOU Wed 6:40PM","10.54","2%","0%"
"*031cs*","Austin Wynns","CHC","C","1257","FA","35","@MIL Wed 7:40PM","10.3","1%","0%"
"*04nx3*","Jonathan India","KC","2B,3B,INF,OF","1258","FA","29","ARI Wed 7:40PM","10.27","29%","0%"
"*06oo7*","Sean Keys","TOR","1B,3B,INF","1259","FA","23","TOR 0<br/>@ATH 2 F","10.18","18%","0%"
"*03qm3*","Tyler Gilbert","CHW","SP,RP","1260","FA","32","PIT Wed 7:40PM","10.16","1%","0%"
"*05rcw*","Leo Bernal","STL","C","1261","FA","22","STL 6<br/>@SF 1","10.07","22%","0%"
"*02i1q*","Orlando Arcia","CIN","1B,2B,3B,SS,INF","1262","FA","32","@LAD Wed 10:10PM","10.07","2%","0%"
"*0617q*","Bryce Teodosio","LAA","OF","1263","FA","27","@BOS Wed 6:45PM","10.06","1%","0%"
"*04pbp*","Christopher Morel","NYM","1B,INF,OF","1264","FA","27","@MIA Wed 6:40PM","10","10%","0%"
"*03qu7*","Nick Madrigal","TB","2B,3B,INF","1265","FA","29","@ATL Wed 7:15PM","9.92","2%","0%"
"*0310j*","Matt Krook","WSH","RP","1266","FA","31","WSH 2<br/>@SD 5","9.88","0%","0%"
"*06dn4*","Brock Rodden","SEA","SS,INF","1267","FA","26","TEX 1<br/>@SEA 3","9.87","4%","0%"
"*066db*","Zach Cole Jr.","HOU","OF","1268","FA","26","@PHI Wed 6:40PM","9.81","12%","0%"
"*05unf*","Denzel Clarke","ATH","OF","1269","FA","26","TOR 0<br/>@ATH 2 F","9.8","14%","-1%"
"*0662m*","Luis Morales","ATH","SP","1270","FA","23","TOR 0<br/>@ATH 2 F","9.71","23%","0%"
"*03qn0*","Garrett Stubbs","PHI","C","1271","FA","33","HOU Wed 6:40PM","9.69","1%","0%"
"*04emu*","Eric Wagaman","NYM","1B,INF,OF","1272","FA","29","@MIA Wed 6:40PM","9.69","4%","0%"
"*0603p*","Hurston Waldrep","ATL","SP","1273","FA","24","TB Wed 7:15PM","9.67","43%","0%"
"*066lh*","Cameron Foster","BAL","RP","1274","FA","27","CLE Wed 6:35PM","9.6","0%","0%"
"*04ehv*","Bryce Johnson","SD","OF","1275","FA","30","WSH 2<br/>@SD 5","9.36","1%","0%"
"*06hvg*","Brett Callahan","DET","OF","1276","FA","24","MIN 2<br/>@DET 7 F","9.3","7%","-1%"
"*05ylp*","Jared Koenig","MIL","RP","1277","FA","32","CHC Wed 7:40PM","9.27","7%","0%"
"*05y34*","Tsung-Che Cheng","BOS","SS,INF","1278","FA","25","LAA Wed 6:45PM","9.17","3%","0%"
"*04en9*","Gage Workman","SD","3B,INF","1279","FA","26","WSH 2<br/>@SD 5","8.98","4%","0%"
"*04pmn*","Parker Meadows","DET","OF","1280","FA","26","MIN 2<br/>@DET 7 F","8.92","23%","0%"
"*04y9h*","Kameron Misner","PHI","OF","1281","FA","28","HOU Wed 6:40PM","8.76","3%","0%"
"*0558r*","Junior Perez","CHW","OF","1282","FA","25","PIT Wed 7:40PM","8.65","5%","0%"
"*04ps5*","Raynel Delgado","HOU","2B,INF","1283","FA","26","@PHI Wed 6:40PM","8.63","2%","0%"
"*06dqb*","Shane Smith","CHW","SP","1284","FA","26","PIT Wed 7:40PM","8.62","37%","0%"
"*031bn*","Brian Navarreto","MIA","C","1285","FA","31","NYM Wed 6:40PM","8.56","0%","0%"
"*05yj5*","LuJames Groover","ARI","3B,INF","1286","FA","24","@KC Wed 7:40PM","8.48","14%","0%"
"*05xpv*","Chase Lee","TOR","RP","1287","FA","28","TOR 0<br/>@ATH 2 F","8.41","2%","0%"
"*05gd5*","Luis Perales","WSH","SP,RP","1288","FA","23","WSH 2<br/>@SD 5","8.4","20%","-1%"
"*05xzr*","Jedixson Paez","BOS","SP","1289","FA","22","LAA Wed 6:45PM","8.34","5%","-1%"
"*04fyo*","Ronny Mauricio","NYM","3B,SS,INF","1290","FA","25","@MIA Wed 6:40PM","8.26","14%","0%"
"*05u2u*","Tyler Black","MIL","1B,INF","1291","FA","26","CHC Wed 7:40PM","8.13","17%","0%"
"*03d6y*","Connor Joe","SEA","OF,UT","1292","FA","34","TEX 1<br/>@SEA 3","8.12","1%","0%"
"*04eii*","Brewer Hicklen","ATL","OF","1293","FA","30","TB Wed 7:15PM","8.06","2%","0%"
"*056c8*","Chadwick Tromp","LAD","C","1294","FA","31","CIN Wed 10:10PM","8.01","0%","0%"
"*05l9g*","Kyle Nicolas","WSH","RP","1295","FA","27","WSH 2<br/>@SD 5","8","1%","0%"
"*05t25*","Ronny Simon","PIT","OF","1296","FA","26","@CHW Wed 7:40PM","7.98","4%","0%"
"*04afj*","Corbin Martin","CHC","RP","1297","FA","30","@MIL Wed 7:40PM","7.95","1%","0%"
"*05yhg*","Will Wagner","SD","1B,3B,INF","1298","FA","28","WSH 2<br/>@SD 5","7.94","3%","0%"
"*057zc*","Jonatan Clase","TOR","OF","1299","FA","24","TOR 0<br/>@ATH 2 F","7.82","8%","0%"
"*05y4k*","Ben Casparius","LAD","SP,RP","1300","FA","27","CIN Wed 10:10PM","7.68","8%","0%"
"*041t8*","Andrew Knizner","SF","C","1301","FA","31","STL 6<br/>@SF 1","7.63","1%","0%"
"*04qow*","Kevin Alcantara","CHC","OF","1302","FA","24","@MIL Wed 7:40PM","7.48","31%","0%"
"*06ek5*","Andrew Pinckney","WSH","OF","1303","FA","25","WSH 2<br/>@SD 5","7.4","4%","0%"
"*030ud*","Eloy Jimenez","TOR","OF","1304","FA","29","TOR 0<br/>@ATH 2 F","7.33","3%","0%"
"*05js4*","Yohandy Morales","WSH","1B,3B,INF","1305","AF","24","WSH 2<br/>@SD 5","7.33","37%","-2%"
"*02n1q*","Luke Maile","KC","C","1306","FA","35","ARI Wed 7:40PM","7.31","0%","0%"
"*06alu*","Andre Granillo","DET","RP","1307","FA","26","MIN 2<br/>@DET 7 F","7.3","1%","0%"
"*04eoi*","Ricky Vanasco","ATL","SP,RP","1308","FA","27","TB Wed 7:15PM","7.29","1%","0%"
"*04fqi*","George Valera","CLE","OF","1309","FA","25","@BAL Wed 6:35PM","7.25","12%","0%"
"*03qz9*","Sam Haggerty","CIN","OF","1310","FA","32","@LAD Wed 10:10PM","7.19","1%","0%"
"*04nb4*","Rece Hinds","BAL","OF","1311","FA","26","CLE Wed 6:35PM","7.17","7%","0%"
"*04q3n*","Nate Eaton","BOS","3B,INF,OF","1312","FA","29","LAA Wed 6:45PM","7.16","2%","0%"
"*05gx5*","Jose Corniell","TEX","RP","1313","FA","23","TEX 1<br/>@SEA 3","7.14","9%","0%"
"*031d9*","Lou Trivino","PHI","RP","1314","FA","34","HOU Wed 6:40PM","7.12","0%","0%"
"*0420g*","Zack Short","NYM","SS,INF","1315","FA","31","@MIA Wed 6:40PM","6.99","1%","0%"
"*05u3v*","Walker Jenkins","MIN","OF","1316","XBLADZ","21","MIN 2<br/>@DET 7 F","6.91","71%","-5%"
"*0517z*","Mitch Spence","KC","SP,RP","1317","FA","28","ARI Wed 7:40PM","6.88","2%","0%"
"*05t9n*","Carson Williams","TB","SS,INF","1318","FA","23","@ATL Wed 7:15PM","6.87","40%","0%"
"*04yfw*","Alek Manoah","LAA","SP","1319","FA","28","@BOS Wed 6:45PM","6.85","6%","0%"
"*05j8u*","Jhostynxon Garcia","PIT","OF","1320","FA","23","@CHW Wed 7:40PM","6.81","23%","0%"
"*05jrs*","Tanner Murray","CHW","2B,3B,SS,INF,OF","1321","FA","27","PIT Wed 7:40PM","6.64","3%","0%"
"*04psq*","Andrew Wantz","CHC","RP","1322","FA","30","@MIL Wed 7:40PM","6.51","0%","0%"
"*02mws*","Patrick Wisdom","SEA","1B,3B,INF","1323","FA","35","TEX 1<br/>@SEA 3","6.5","1%","0%"
"*05rfc*","Lazaro Montes","SEA","OF","1324","FA","21","TEX 1<br/>@SEA 3","6.5","54%","-2%"
"*0630k*","Blake Burkhalter","ATL","SP,RP","1325","FA","25","TB Wed 7:15PM","6.47","2%","0%"
"*04ug3*","Eliezer Alfonzo","LAD","C","1326","FA","26","CIN Wed 10:10PM","6.45","1%","0%"
"*05rb2*","Jonathan Cannon","CHW","SP,RP","1327","FA","26","PIT Wed 7:40PM","6.43","4%","0%"
"*05t5r*","Michael Stefanic","ATH","2B,INF","1328","FA","30","TOR 0<br/>@ATH 2 F","6.36","1%","0%"
"*05r1e*","Eric Cerantola","SF","SP,RP","1329","FA","26","STL 6<br/>@SF 1","6.36","1%","0%"
"*05rb5*","Christian Franklin","BAL","OF","1330","FA","26","CLE Wed 6:35PM","6.33","3%","0%"
"*02bqn*","Michael Kelly","(N/A)","RP","1331","FA","34","","6.3","2%","0%"
"*06qjw*","Lucas Spence","HOU","OF","1332","FA","23","@PHI Wed 6:40PM","6.2","2%","0%"
"*05xp6*","Felix Reyes","PHI","1B,INF,OF","1333","FA","25","HOU Wed 6:40PM","6.18","4%","0%"
"*06gju*","Rikuu Nishida","CHW","2B,INF,OF","1334","FA","25","PIT Wed 7:40PM","6.12","4%","0%"
"*0310a*","Reese McGuire","(N/A)","C","1335","FA","31","","6.1","1%","0%"
"*03qqe*","P.J. Higgins","CIN","C,1B,3B,INF","1336","FA","33","@LAD Wed 10:10PM","6.03","1%","0%"
"*060uf*","John Peck","DET","3B,SS,INF","1337","FA","24","MIN 2<br/>@DET 7 F","5.98","6%","-1%"
"*05ss9*","Roddery Munoz","HOU","RP","1338","FA","26","@PHI Wed 6:40PM","5.91","1%","0%"
"*04pvp*","Michael Helman","TEX","OF","1339","FA","30","TEX 1<br/>@SEA 3","5.91","1%","0%"
"*02zg5*","Daz Cameron","TOR","OF","1340","FA","29","TOR 0<br/>@ATH 2 F","5.9","1%","0%"
"*041rn*","Joey Lucchesi","(N/A)","RP","1341","FA","33","","5.74","1%","0%"
"*03yux*","Jose Azocar","ATL","OF","1342","FA","30","TB Wed 7:15PM","5.73","1%","0%"
"*04egt*","Buddy Kennedy","WSH","3B,INF","1343","FA","27","WSH 2<br/>@SD 5","5.55","1%","0%"
"*06dn6*","CJ Kayfus","CLE","1B,INF,OF","1344","FA","24","@BAL Wed 6:35PM","5.53","16%","0%"
"*04eel*","Stuart Fairchild","SEA","OF","1345","FA","30","TEX 1<br/>@SEA 3","5.37","1%","0%"
"*0630l*","Nick Morabito","NYM","OF","1346","FA","23","@MIA Wed 6:40PM","5.32","6%","0%"
"*041yi*","Miles Mastrobuoni","SEA","2B,3B,INF,OF","1347","FA","30","TEX 1<br/>@SEA 3","5.19","2%","0%"
"*05y6t*","Kenny Piper","TB","C","1348","FA","28","@ATL Wed 7:15PM","5.17","0%","0%"
"*041q7*","Ben Rortvedt","LAD","C","1349","FA","28","CIN Wed 10:10PM","5.14","1%","0%"
"*02c6c*","Aramis Garcia","ARI","C","1350","FA","33","@KC Wed 7:40PM","5.11","0%","0%"
"*04mdf*","Jerar Encarnacion","(N/A)","OF","1351","FA","28","","5.1","2%","0%"
"*041tq*","Sam Huff","BAL","C","1352","FA","28","CLE Wed 6:35PM","5.09","1%","0%"
"*05oz7*","Jose Butto","SF","RP","1353","FA","28","STL 6<br/>@SF 1","4.98","4%","0%"
"*031c4*","Trey Mancini","(N/A)","1B,INF","1354","FA","34","","4.97","0%","0%"
"*06agh*","Yilber Diaz","DET","RP","1355","FA","26","MIN 2<br/>@DET 7 F","4.92","5%","0%"
"*05uo4*","Emiliano Teodo","TEX","SP,RP","1356","FA","25","TEX 1<br/>@SEA 3","4.91","8%","0%"
"*04q01*","Justin Dean","CHC","OF","1357","FA","29","@MIL Wed 7:40PM","4.9","1%","0%"
"*06487*","Nate Furman","SF","2B,INF","1358","FA","25","STL 6<br/>@SF 1","4.88","2%","0%"
"*041e3*","Braxton Garrett","CHC","SP","1359","iKnoBall","29","@MIL Wed 7:40PM","4.76","24%","0%"
"*0312h*","Kyle Farmer","ATL","1B,2B,3B,SS,INF","1360","FA","36","TB Wed 7:15PM","4.7","2%","0%"
"*04pvw*","Nolan Kingham","SEA","SP,RP","1361","FA","30","TEX 1<br/>@SEA 3","4.69","0%","0%"
"*032gq*","Rowdy Tellez","ATL","1B,INF","1362","FA","31","TB Wed 7:15PM","4.49","2%","0%"
"*02jtq*","Sandy Leon","ATL","C","1363","FA","37","TB Wed 7:15PM","4.48","0%","0%"
"*04q63*","Hayden Senger","NYM","C","1364","FA","29","@MIA Wed 6:40PM","4.39","0%","0%"
"*04tjk*","Jonathan Ornelas","MIL","SS,INF","1365","FA","26","CHC Wed 7:40PM","4.36","1%","0%"
"*03pjl*","Ryan Mountcastle","BAL","1B,INF","1366","FA","29","CLE Wed 6:35PM","4.33","14%","0%"
"*04yte*","Jackson Rutledge","(N/A)","RP","1367","FA","27","","4.3","2%","0%"
"*04ok3*","Michael Toglia","CIN","1B,INF","1368","FA","28","@LAD Wed 10:10PM","4.23","5%","0%"
"*03et7*","Joey Meneses","ATH","1B,INF","1369","FA","34","TOR 0<br/>@ATH 2 F","4.14","1%","0%"
"*04yi6*","Carlos Duran","KC","RP","1370","FA","25","ARI Wed 7:40PM","4.14","1%","0%"
"*062jx*","Jared Serna","MIA","2B,SS,INF","1371","FA","24","NYM Wed 6:40PM","4.13","4%","0%"
"*05nsq*","Deyvison De Los Santos","MIA","1B,3B,INF","1372","FA","23","NYM Wed 6:40PM","4.12","23%","0%"
"*06dpu*","Gustavo Campero","LAA","OF","1373","FA","28","@BOS Wed 6:45PM","4.04","2%","0%"
"*04y11*","Luis Matos","MIL","OF","1374","FA","24","CHC Wed 7:40PM","3.96","5%","0%"
"*05xu2*","Ryan Ritter","COL","2B,SS,INF","1375","FA","25","@NYY Wed 7:05PM","3.85","6%","0%"
"*03yxa*","Yunior Marte","(N/A)","RP","1376","FA","31","","3.74","0%","0%"
"*06f0p*","Cooper Ingle","CLE","C","1377","FA","24","@BAL Wed 6:35PM","3.74","24%","0%"
"*03mm4*","Andy Ibanez","SEA","2B,3B,INF","1378","FA","33","TEX 1<br/>@SEA 3","3.64","2%","0%"
"*068xz*","Shawn Ross","TOR","C","1379","FA","26","TOR 0<br/>@ATH 2 F","3.51","0%","0%"
"*027fx*","Jeimer Candelario","LAA","3B,INF","1380","FA","32","@BOS Wed 6:45PM","3.5","2%","0%"
"*06tae*","Matt Seelinger","NYM","RP","1381","FA","31","@MIA Wed 6:40PM","3.49","0%","0%"
"*065j4*","Collin Price","HOU","C,1B,INF","1382","FA","26","@PHI Wed 6:40PM","3.37","0%","0%"
"*04yk8*","Wilkin Ramos","SF","RP","1383","FA","25","STL 6<br/>@SF 1","3.31","0%","0%"
"*04244*","Chuckie Robinson","ATL","C","1384","FA","31","TB Wed 7:15PM","3.28","0%","0%"
"*04yia*","Will Wilson","SEA","2B,3B,INF","1385","FA","28","TEX 1<br/>@SEA 3","3.27","2%","0%"
"*04qii*","Addison Barger","TOR","3B,INF,OF","1386","FA","26","TOR 0<br/>@ATH 2 F","3.24","52%","0%"
"*01cfr*","Carlos Santana","ATL","1B,INF","1387","FA","40","TB Wed 7:15PM","3.22","5%","0%"
"*05gdq*","Cesar Prieto","STL","2B,INF","1388","FA","27","STL 6<br/>@SF 1","3.21","2%","0%"
"*04gdw*","Johnathan Rodriguez","ATH","OF","1389","FA","26","TOR 0<br/>@ATH 2 F","3.11","4%","0%"
"*04gdz*","Greg Jones","CHC","OF","1390","FA","28","@MIL Wed 7:40PM","3.06","2%","0%"
"*041px*","Ben Bowden","ATH","RP","1391","FA","31","TOR 0<br/>@ATH 2 F","3.04","0%","0%"
"*05rcs*","Gabriel Gonzalez","MIN","OF","1392","FA","22","MIN 2<br/>@DET 7 F","3","19%","0%"
"*065nn*","Blake Adams","COL","SP,RP","1393","FA","25","@NYY Wed 7:05PM","2.97","0%","0%"
"*0513f*","Ivan Johnson","CIN","OF","1394","FA","27","@LAD Wed 10:10PM","2.92","1%","0%"
"*041sd*","Daniel Johnson","(N/A)","OF","1395","FA","31","","2.92","0%","0%"
"*04psg*","Cesar Salazar","HOU","C","1396","FA","30","@PHI Wed 6:40PM","2.87","1%","0%"
"*066al*","Otto Kemp","PHI","1B,3B,INF,OF","1397","FA","27","HOU Wed 6:40PM","2.86","5%","0%"
"*05yfu*","Chad Stevens","COL","2B,INF","1398","FA","27","@NYY Wed 7:05PM","2.85","1%","0%"
"*05rf5*","Carlos Jorge","CIN","OF","1399","FA","22","@LAD Wed 10:10PM","2.82","8%","0%"
"*03yxd*","Vidal Brujan","NYM","3B,SS,INF,OF","1400","FA","28","@MIA Wed 6:40PM","2.81","2%","0%"
"*05j94*","Logan Porter","LAA","C","1401","FA","31","@BOS Wed 6:45PM","2.79","0%","0%"
"*05zyb*","Josh White","MIA","SP,RP","1402","FA","25","NYM Wed 6:40PM","2.76","3%","0%"
"*04yi5*","Eddys Leonard","SF","2B,3B,INF,OF","1403","FA","25","STL 6<br/>@SF 1","2.72","3%","0%"
"*04eit*","Corey Julks","DET","OF","1404","FA","30","MIN 2<br/>@DET 7 F","2.71","1%","0%"
"*0518b*","Oliver Dunn","TB","3B,INF","1405","FA","29","@ATL Wed 7:15PM","2.62","1%","0%"
"*05xpj*","Tanner McDougal","CHW","SP","1406","FA","23","PIT Wed 7:40PM","2.56","29%","0%"
"*04yic*","Matthew Lugo","KC","OF","1407","FA","25","ARI Wed 7:40PM","2.53","3%","0%"
"*05165*","Will Brennan","SF","OF","1408","FA","28","STL 6<br/>@SF 1","2.49","2%","0%"
"*05ge4*","Jair Camargo","ATL","C","1409","FA","27","TB Wed 7:15PM","2.47","0%","0%"
"*03pjc*","Scott Kingery","(N/A)","2B,INF","1410","FA","32","","2.47","1%","0%"
"*03qml*","Dylan Moore","PHI","1B,2B,3B,INF,OF","1411","FA","34","HOU Wed 6:40PM","2.42","4%","0%"
"*03mnq*","Carlos Estevez","KC","RP","1412","FA","33","ARI Wed 7:40PM","2.4","50%","-2%"
"*02bwv*","Aaron Brooks","TB","SP,RP","1413","FA","36","@ATL Wed 7:15PM","2.37","0%","0%"
"*04lcq*","Ji-Hwan Bae","MIL","OF","1414","FA","27","CHC Wed 7:40PM","2.36","1%","0%"
"*02n0e*","Andrew Velazquez","KC","2B,SS,INF","1415","FA","32","ARI Wed 7:40PM","2.33","0%","0%"
"*05ucf*","James Triantos","CHC","2B,3B,INF,OF","1416","FA","23","@MIL Wed 7:40PM","2.29","21%","0%"
"*05tzg*","Jace Jung","DET","3B,INF","1417","FA","25","MIN 2<br/>@DET 7 F","2.28","17%","0%"
"*04eia*","Jared Oliva","TB","OF","1418","FA","30","@ATL Wed 7:15PM","2.17","1%","0%"
"*06aw4*","Omar Martinez","LAA","C","1419","FA","25","@BOS Wed 6:45PM","2.11","0%","0%"
"*05tc7*","Ryan Bliss","SEA","2B,INF","1420","FA","26","TEX 1<br/>@SEA 3","2.08","5%","0%"
"*041q1*","Nick Solak","SD","1B,INF","1421","FA","31","WSH 2<br/>@SD 5","2","0%","0%"
"*05y6v*","BJ Murray Jr.","CHC","1B,3B,INF","1422","FA","26","@MIL Wed 7:40PM","1.97","3%","0%"
"*03xlc*","Cristian Pache","NYM","OF","1423","FA","27","@MIA Wed 6:40PM","1.97","1%","0%"
"*04q5b*","Jonah Bride","TEX","3B,INF","1424","FA","30","TEX 1<br/>@SEA 3","1.8","1%","0%"
"*04yew*","Steward Berroa","PHI","OF","1425","FA","27","HOU Wed 6:40PM","1.77","1%","0%"
"*0596f*","Heston Kjerstad","BAL","OF","1426","FA","27","CLE Wed 6:35PM","1.71","12%","-1%"
"*05yhm*","Kyler Fedko","PIT","1B,INF,OF","1427","FA","26","@CHW Wed 7:40PM","1.64","2%","0%"
"*04069*","Luken Baker","(N/A)","UT","1428","FA","29","","1.49","1%","0%"
"*05yca*","Brett Harris","SF","3B,INF","1429","FA","28","STL 6<br/>@SF 1","1.46","1%","0%"
"*025fx*","Tommy Pham","CHW","OF","1430","FA","38","PIT Wed 7:40PM","1.46","2%","0%"
"*041mc*","Dylan Carlson","(N/A)","OF","1431","FA","27","","1.39","1%","0%"
"*06658*","Ben Ross","MIN","3B,SS,INF,OF","1432","FA","25","MIN 2<br/>@DET 7 F","1.39","2%","0%"
"*04ens*","Luis Vazquez","BAL","3B,SS,INF","1433","FA","26","CLE Wed 6:35PM","1.39","1%","0%"
"*050s0*","Kyren Paris","LAA","2B,INF,OF","1434","FA","24","@BOS Wed 6:45PM","1.28","6%","0%"
"*05gss*","Jeferson Quero","MIL","C","1435","FA","23","CHC Wed 7:40PM","1.26","26%","0%"
"*05yid*","Michael Arroyo","SEA","2B,INF,OF","1436","FA","21","TEX 1<br/>@SEA 3","1.23","39%","0%"
"*04n1p*","Will Banfield","CIN","C","1437","FA","26","@LAD Wed 10:10PM","1.23","1%","0%"
"*0630j*","Jack Brannigan","PIT","SS,INF","1438","FA","25","@CHW Wed 7:40PM","1.23","2%","0%"
"*042no*","Oswaldo Cabrera","NYY","3B,INF","1439","FA","27","COL Wed 7:05PM","1.23","3%","0%"
"*05gsd*","Trei Cruz","DET","3B,SS,INF,OF","1440","FA","28","MIN 2<br/>@DET 7 F","1.23","2%","0%"
"*0514r*","Maverick Handley","ATL","C","1441","FA","28","TB Wed 7:15PM","1.23","0%","0%"
"*04efb*","Blake Hunt","SD","C","1442","FA","27","WSH 2<br/>@SD 5","1.23","1%","0%"
"*03qok*","Vimael Machin","COL","3B,INF","1443","FA","32","@NYY Wed 7:05PM","1.23","0%","0%"
"*04ppl*","Owen Miller","CHC","2B,INF","1444","FA","29","@MIL Wed 7:40PM","1.23","1%","0%"
"*05ybr*","Ethan Salas","SD","C","1445","FA","20","WSH 2<br/>@SD 5","1.23","50%","-2%"
"*04pqb*","Michael Siani","DET","OF","1446","FA","27","MIN 2<br/>@DET 7 F","1.23","1%","0%"
"*0511s*","Davis Wendzel","(N/A)","SS,INF","1447","FA","29","","1.23","0%","0%"
"*03qk3*","Luke Williams","ATL","SS,INF,RP","1448","FA","30","TB Wed 7:15PM","1.23","0%","0%"
"*05r6h*","Dailoui Abad","LAD","RP","1449","FA","24","CIN Wed 10:10PM","0","0%","0%"
"*01viz*","Fernando Abad","(N/A)","RP","1450","FA","40","","0","0%","0%"
"*04ef6*","Cory Abbott","(N/A)","SP","1451","FA","30","","0","0%","0%"
"*05jp8*","Kevin Abel","CIN","SP","1452","FA","27","@LAD Wed 10:10PM","0","1%","0%"
"*06cme*","Ben Abeldt","TEX","RP","1453","FA","22","TEX 1<br/>@SEA 3","0","1%","0%"
"*06kk9*","Jay Abernathy","(N/A)","2B,INF","1454","FA","20","","0","0%","0%"
"*06r0a*","Blane Abeyta","ATL","RP","1455","FA","28","TB Wed 7:15PM","0","0%","0%"
"*05y70*","Alaska Abney","CLE","RP","1456","FA","26","@BAL Wed 6:35PM","0","0%","0%"
"*03xy4*","Albert Abreu","(N/A)","RP","1457","FA","30","","0","0%","0%"
"*070ks*","Angel Abreu","CLE","OF","1458","FA","18","@BAL Wed 6:35PM","0","1%","0%"
"*06rta*","Anthony Abreu","MIA","3B,INF","1459","FA","18","NYM Wed 6:40PM","0","0%","0%"
"*0779q*","Ariel Abreu","TEX","SS,INF","1460","FA","17","TEX 1<br/>@SEA 3","0","0%","0%"
"*06rqy*","Cristobal Abreu","ATL","RP","1461","FA","20","TB Wed 7:15PM","0","0%","0%"
"*0792k*","Jeferson Abreu","(N/A)","C","1462","FA","17","","0","0%","0%"
"*06rhh*","Jesus Abreu","(N/A)","C","1463","FA","20","","0","0%","0%"
"*06rw6*","Ranciel Abreu","NYY","SP","1464","FA","19","COL Wed 7:05PM","0","0%","0%"
"*06ifk*","Jhorvic Abreus","CLE","2B,INF","1465","FA","20","@BAL Wed 6:35PM","0","0%","0%"
"*06z51*","Moises Acacio","LAD","2B,INF","1466","FA","18","CIN Wed 10:10PM","0","1%","0%"
"*066m4*","Andy Acevedo","(N/A)","OF","1467","FA","20","","0","0%","0%"
"*03bam*","Domingo Acevedo","COL","RP","1468","FA","32","@NYY Wed 7:05PM","0","0%","0%"
"*06rlp*","Eduardo Acevedo","(N/A)","OF","1469","FA","20","","0","0%","0%"
"*06qzl*","Javier Acevedo","PIT","C,1B,INF","1470","FA","19","@CHW Wed 7:40PM","0","0%","0%"
"*072hg*","Jose Luis Acevedo","BAL","SS,INF","1471","FA","17","CLE Wed 6:35PM","0","2%","0%"
"*051m5*","Stiven Acevedo","(N/A)","OF","1472","FA","24","","0","0%","0%"
"*078vt*","Nathan Aceves","ATH","SP","1473","FA","21","TOR 0<br/>@ATH 2 F","0","0%","0%"
"*06qsv*","Cohen Achen","BAL","SP,RP","1474","FA","25","CLE Wed 6:35PM","0","0%","0%"
"*06qv6*","Nate Ackenhausen","KC","RP","1475","FA","24","ARI Wed 7:40PM","0","0%","0%"
"*051hu*","Dane Acker","TEX","RP","1476","FA","27","TEX 1<br/>@SEA 3","0","0%","0%"
"*06fhz*","Adrian Acosta","(N/A)","RP","1477","FA","21","","0","0%","0%"
"*061tn*","Agustin Acosta","LAD","OF","1478","FA","22","CIN Wed 10:10PM","0","0%","0%"
"*04nr0*","Aldry Acosta","(N/A)","RP","1479","FA","27","","0","0%","0%"
"*06uj5*","Angel Acosta","KC","2B,INF","1480","FA","23","ARI Wed 7:40PM","0","0%","0%"
"*06xv5*","Cesar Acosta","NYM","C","1481","FA","18","@MIA Wed 6:40PM","0","0%","0%"
"*070dm*","Cesar Acosta","NYY","SP","1482","FA","20","COL Wed 7:05PM","0","0%","0%"
"*06ro2*","Cristopher Acosta","MIL","SS,INF","1483","FA","18","CHC Wed 7:40PM","0","0%","0%"
"*04c0s*","Daison Acosta","SD","RP","1484","FA","28","WSH 2<br/>@SD 5","0","0%","0%"
"*058ls*","Jose Acosta","(N/A)","2B,INF","1485","FA","26","","0","0%","0%"
"*06rsv*","Julio Acosta","CHC","OF","1486","FA","18","@MIL Wed 7:40PM","0","0%","0%"
"*0744n*","Maikel Acosta","MIA","SS,INF","1487","FA","17","NYM Wed 6:40PM","0","0%","0%"
"*0568a*","Maximo Acosta","MIA","3B,INF","1488","FA","23","NYM Wed 6:40PM","0","7%","0%"
"*05r96*","Victor Acosta","CIN","2B,SS,INF","1489","FA","22","@LAD Wed 10:10PM","0","3%","0%"
"*06rwq*","Yeison Acosta","BAL","C","1490","FA","18","CLE Wed 6:35PM","0","0%","0%"
"*0790w*","Brodey Acres","SF","3B,SS,INF","1491","FA","22","STL 6<br/>@SF 1","0","0%","0%"
"*05xso*","Bryan Acuna","MIN","3B,SS,INF","1492","FA","21","MIN 2<br/>@DET 7 F","0","3%","0%"
"*04mm0*","Francisco Acuna","SD","SS,INF","1493","FA","26","WSH 2<br/>@SD 5","0","0%","0%"
"*05iym*","Jose Acuna","CIN","SP","1494","FA","23","@LAD Wed 10:10PM","0","1%","0%"
"*06hth*","Josh Adamczewski","MIL","SS,INF","1495","FA","21","CHC Wed 7:40PM","0","27%","0%"
"*03mgf*","Jose Adames","(N/A)","RP","1496","FA","33","","0","0%","0%"
"*065jb*","Joe Adametz","TEX","RP","1497","FA","26","TEX 1<br/>@SEA 3","0","0%","0%"
"*066jy*","Mark Adamiak","ATH","RP","1498","FA","25","TOR 0<br/>@ATH 2 F","0","0%","0%"
"*02yxi*","Austin Adams","(N/A)","RP","1499","FA","35","","0","0%","0%"
"*06tlh*","Cooper Adams","BOS","RP","1500","FA","26","LAA Wed 6:45PM","0","0%","0%"
"*06af9*","Gavin Adams","PIT","RP","1501","FA","23","@CHW Wed 7:40PM","0","0%","0%"
"*06582*","Luke Adams","MIL","1B,3B,INF","1502","FA","22","CHC Wed 7:40PM","0","19%","0%"
"*04azt*","Riley Adams","WSH","C","1503","FA","30","WSH 2<br/>@SD 5","0","1%","0%"
"*03d77*","Spencer Adams","TEX","SP","1504","FA","30","TEX 1<br/>@SEA 3","0","0%","0%"
"*078of*","Will Adams","DET","1B,INF","1505","FA","18","MIN 2<br/>@DET 7 F","0","0%","0%"
"*06dql*","Zane Adams","BAL","SP","1506","FA","22","CLE Wed 6:35PM","0","0%","0%"
"*06hve*","Cody Adcock","CIN","RP","1507","FA","24","@LAD Wed 10:10PM","0","0%","0%"
"*077y8*","Nile Adcock","ATL","RP","1508","FA","22","TB Wed 7:15PM","0","0%","0%"
"*0516e*","Ty Adcock","SD","RP","1509","FA","29","WSH 2<br/>@SD 5","0","0%","0%"
"*078sr*","Michael Addari","HOU","RP","1510","FA","22","@PHI Wed 6:40PM","0","0%","0%"
"*06kja*","Bohan Adderley","NYM","SS,INF","1511","FA","19","@MIA Wed 6:40PM","0","0%","0%"
"*06ht8*","Zac Addkison","(N/A)","SP","1512","FA","24","","0","0%","0%"
"*077rb*","Kide Adetuyi","BOS","SP","1513","FA","21","LAA Wed 6:45PM","0","0%","0%"
"*076ql*","Chase Adkins","LAD","RP","1514","FA","31","CIN Wed 10:10PM","0","0%","0%"
"*06hu2*","Chase Adkison","LAD","C","1515","FA","26","CIN Wed 10:10PM","0","0%","0%"
"*06483*","Eric Adler","(N/A)","RP","1516","FA","25","","0","0%","0%"
"*04pwa*","Ross Adolph","(N/A)","OF","1517","FA","29","","0","0%","0%"
"*04ywo*","Joan Adon","(N/A)","SP","1518","FA","28","","0","0%","0%"
"*06r7b*","Jarren Advincula","LAA","2B,INF","1519","FA","21","@BOS Wed 6:45PM","0","1%","0%"
"*06fzk*","Jonah Advincula","CLE","OF","1520","FA","25","@BAL Wed 6:35PM","0","0%","0%"
"*06z9x*","Brady Afthim","CIN","RP","1521","FA","23","@LAD Wed 10:10PM","0","0%","0%"
"*06zgv*","Bruin Agbayani","NYM","2B,INF","1522","FA","19","@MIA Wed 6:40PM","0","4%","0%"
"*06cq5*","Matt Ager","PIT","SP","1523","FA","23","@CHW Wed 7:40PM","0","1%","0%"
"*05rhq*","Gabriel Agostini","(N/A)","RP","1524","FA","22","","0","0%","0%"
"*06cqu*","Ismael Agreda","TEX","SP","1525","FA","22","TEX 1<br/>@SEA 3","0","0%","0%"
"*078s5*","Adam Agresti","LAD","C","1526","FA","21","CIN Wed 10:10PM","0","0%","0%"
"*073ng*","Aiden Aguayo","(N/A)","SS,INF","1527","FA","20","","0","0%","0%"
"*06qzm*","Erlin Aguero","(N/A)","SP","1528","FA","21","","0","0%","0%"
"*05yg3*","Julian Aguiar","CIN","SP","1529","FA","25","@LAD Wed 10:10PM","0","3%","0%"
"*064oa*","Roinny Aguiar","(N/A)","2B,INF","1530","FA","22","","0","0%","0%"
"*06hwa*","Luis Aguilar","HOU","SP,RP","1531","FA","22","@PHI Wed 6:40PM","0","0%","0%"
"*076po*","Manuel Aguilar","NYY","OF","1532","FA","17","COL Wed 7:05PM","0","0%","0%"
"*05rbc*","Starlin Aguilar","SEA","3B,INF","1533","FA","22","TEX 1<br/>@SEA 3","0","1%","0%"
"*066b0*","Tayler Aguilar","(N/A)","OF","1534","FA","26","","0","0%","0%"
"*06qyb*","Dony Aguilera","CIN","SP","1535","FA","19","@LAD Wed 10:10PM","0","0%","0%"
"*05ud8*","Gabriel Aguilera","(N/A)","SP","1536","FA","26","","0","0%","0%"
"*06qzu*","Luis Aguilera","DET","SS,INF","1537","FA","19","MIN 2<br/>@DET 7 F","0","0%","0%"
"*078ok*","Garrett Ahern","NYY","SP","1538","FA","21","COL Wed 7:05PM","0","0%","0%"
"*06uv7*","Hyun Min Ahn","(N/A)","OF","1539","FA","23","","0","0%","0%"
"*0622u*","Maui Ahuna","SF","SS,INF","1540","FA","24","STL 6<br/>@SF 1","0","1%","0%"
"*06pgr*","Blake Aita","STL","SP","1541","FA","23","STL 6<br/>@SF 1","0","1%","0%"
"*06r7x*","Allen Ajoti","LAD","C","1542","FA","20","CIN Wed 10:10PM","0","0%","0%"
"*06igz*","Yuto Akihiro","(N/A)","1B,INF","1543","FA","23","","0","0%","0%"
"*074a6*","Daniel Alana","SEA","C","1544","FA","17","TEX 1<br/>@SEA 3","0","0%","0%"
"*06kvr*","Luiyin Alastre","MIL","OF","1545","FA","20","CHC Wed 7:40PM","0","0%","0%"
"*078kc*","Jaden Alba","STL","RP","1546","FA","21","STL 6<br/>@SF 1","0","0%","0%"
"*0665o*","Max Alba","DET","SP","1547","FA","27","MIN 2<br/>@DET 7 F","0","0%","0%"
"*078zu*","Tyler Albanese","CLE","RP","1548","FA","20","@BAL Wed 6:35PM","0","0%","0%"
"*06zal*","Hunter Alberini","KC","RP","1549","FA","24","ARI Wed 7:40PM","0","0%","0%"
"*06mef*","Albert Alberto","(N/A)","OF","1550","FA","20","","0","0%","0%"
"*05rh5*","Alexander Alberto","TB","RP","1551","FA","24","@ATL Wed 7:15PM","0","2%","0%"
"*04070*","Jose Albertos","CHC","RP","1552","FA","27","@MIL Wed 7:40PM","0","0%","0%"
"*06428*","Alexander Albertus","CHW","3B,INF","1553","FA","21","PIT Wed 7:40PM","0","2%","0%"
"*06hez*","Lou Albrecht","PHI","C","1554","FA","24","HOU Wed 6:40PM","0","0%","0%"
"*05tb4*","Luke Albright","(N/A)","RP","1555","FA","26","","0","0%","0%"
"*05xo6*","Mason Albright","COL","SP","1556","FA","23","@NYY Wed 7:05PM","0","1%","0%"
"*06ooc*","Dash Albus","KC","RP","1557","FA","24","ARI Wed 7:40PM","0","0%","0%"
"*06l0s*","Damian Alcala","(N/A)","RP","1558","FA","21","","0","0%","0%"
"*06rip*","Henniel Alcala","CHC","C","1559","FA","20","@MIL Wed 7:40PM","0","0%","0%"
"*04ata*","Jorge Alcala","TOR","RP","1560","FA","31","TOR 0<br/>@ATH 2 F","0","1%","0%"
"*06ukl*","Marcelo Alcala","CHW","OF","1561","FA","20","PIT Wed 7:40PM","0","0%","0%"
"*0642a*","Moises Alcala","ARI","C","1562","FA","23","@KC Wed 7:40PM","0","0%","0%"
"*060oe*","Eliander Alcalde","(N/A)","RP","1563","FA","23","","0","0%","0%"
"*06akh*","Alfredo Alcantara","CIN","2B,3B,INF","1564","FA","20","@LAD Wed 10:10PM","0","1%","0%"
"*06uvu*","Derik Alcantara","CHC","OF","1565","FA","21","@MIL Wed 7:40PM","0","0%","0%"
"*06u6m*","Eudry Alcantara","CLE","RP","1566","FA","21","@BAL Wed 6:35PM","0","0%","0%"
"*06yr8*","Fabian Alcantara","SD","OF","1567","FA","20","WSH 2<br/>@SD 5","0","0%","0%"
"*06s46*","Henry Alcantara","SEA","RP","1568","FA","18","TEX 1<br/>@SEA 3","0","0%","0%"
"*05uoo*","Ismael Alcantara","(N/A)","OF","1569","FA","27","","0","0%","0%"
"*06r3a*","Jhon Alcantara","(N/A)","SP","1570","FA","20","","0","0%","0%"
"*076g5*","Jonathan Alcantara","PHI","SS,INF","1571","FA","18","HOU Wed 6:40PM","0","0%","0%"
"*06ak2*","Kelvin Alcantara","SEA","OF","1572","FA","20","TEX 1<br/>@SEA 3","0","0%","0%"
"*061x3*","Marvin Alcantara","BOS","2B,SS,INF","1573","FA","21","LAA Wed 6:45PM","0","1%","0%"
"*060fv*","Raul Alcantara","(N/A)","RP","1574","FA","25","","0","0%","0%"
"*02yh9*","Sergio Alcantara","(N/A)","3B,SS,INF","1575","FA","30","","0","0%","0%"
"*06uqg*","Stanly Alcantara","NYY","RP","1576","FA","22","COL Wed 7:05PM","0","0%","0%"
"*05r6k*","Austin Aldeano","(N/A)","SP","1577","FA","22","","0","0%","0%"
"*06ahe*","Kemp Alderman","MIA","OF","1578","FA","24","NYM Wed 6:40PM","0","16%","0%"
"*05geb*","Pablo Aldonis","(N/A)","RP","1579","FA","24","","0","0%","0%"
"*051b7*","Carter Aldrete","(N/A)","2B,INF","1580","FA","28","","0","0%","0%"
"*05rcu*","Fran Alduey","(N/A)","3B,INF","1581","FA","22","","0","0%","0%"
"*05aof*","Delvis Alegre","(N/A)","SP","1582","FA","25","","0","0%","0%"
"*068z4*","Jerson Alejandro","NYY","SP","1583","FA","20","COL Wed 7:05PM","0","1%","0%"
"*06o13*","Frailin Alejo","(N/A)","RP","1584","FA","19","","0","0%","0%"
"*06bn4*","Eliesbert Alejos","ARI","3B,INF","1585","FA","20","@KC Wed 7:40PM","0","0%","0%"
"*06qov*","Bryce Alewine","DET","RP","1586","FA","21","MIN 2<br/>@DET 7 F","0","0%","0%"
"*04q23*","CJ Alexander","HOU","1B,3B,INF","1587","FA","30","@PHI Wed 6:40PM","0","0%","0%"
"*06mhw*","Jesus Alexander","(N/A)","1B,INF","1588","FA","21","","0","0%","0%"
"*02hi5*","Scott Alexander","KC","RP","1589","FA","37","ARI Wed 7:40PM","0","0%","0%"
"*0429o*","A.J. Alexy","(N/A)","SP","1590","FA","28","","0","0%","0%"
"*06s3r*","Jervis Alfaro","CLE","SP","1591","FA","22","@BAL Wed 6:35PM","0","0%","0%"
"*025iy*","Jorge Alfaro","KC","C","1592","FA","33","ARI Wed 7:40PM","0","0%","0%"
"*04epe*","Pedro Alfonseca","(N/A)","RP","1593","FA","29","","0","0%","0%"
"*06r5i*","Dayquer Alfonzo","SD","1B,INF","1594","FA","19","WSH 2<br/>@SD 5","0","0%","0%"
"*06rt6*","Eliezer Alfonzo","BOS","2B,INF","1595","FA","18","LAA Wed 6:45PM","0","0%","0%"
"*05m6e*","Omar Alfonzo","NYY","C,1B,INF","1596","FA","23","COL Wed 7:05PM","0","1%","0%"
"*02my8*","Anthony Alford","(N/A)","OF","1597","FA","32","","0","0%","0%"
"*06rpa*","Peyton Alford","SEA","RP","1598","FA","29","TEX 1<br/>@SEA 3","0","0%","0%"
"*06yzk*","Slate Alford","LAA","UT","1599","FA","24","@BOS Wed 6:45PM","0","0%","0%"
"*078td*","Edwin Alicea","DET","SP","1600","FA","21","MIN 2<br/>@DET 7 F","0","0%","0%"
"*05yeh*","Pablo Aliendo","CIN","C,1B,INF","1601","FA","25","@LAD Wed 10:10PM","0","0%","0%"
"*078zk*","John Alkire II","CHC","SP,RP","1602","FA","22","@MIL Wed 7:40PM","0","0%","0%"
"*04yi7*","Matt Allan","NYM","SP","1603","FA","25","@MIA Wed 6:40PM","0","3%","0%"
"*04q67*","Cam Alldred","(N/A)","SP","1604","FA","30","","0","0%","0%"
"*03qkr*","Austin Allen","(N/A)","C","1605","FA","32","","0","0%","0%"
"*05y4h*","Brady Allen","(N/A)","OF","1606","FA","27","","0","0%","0%"
"*0791y*","Colby Allen","TB","RP","1607","FA","23","@ATL Wed 7:15PM","0","0%","0%"
"*078h1*","Cooper Allen","WSH","SP","1608","FA","21","WSH 2<br/>@SD 5","0","0%","0%"
"*03dez*","Greg Allen","(N/A)","OF","1609","FA","33","","0","0%","0%"
"*06z01*","Hunter Allen","BAL","SP","1610","FA","23","CLE Wed 6:35PM","0","0%","0%"
"*06mc3*","Iverson Allen","PIT","OF","1611","FA","19","@CHW Wed 7:40PM","0","0%","0%"
"*05t9f*","Jay Allen","CIN","OF","1612","FA","23","@LAD Wed 10:10PM","0","4%","0%"
"*03qnb*","Logan Allen","(N/A)","SP,RP","1613","FA","29","","0","0%","0%"
"*0665h*","Giullianno Allende","(N/A)","OF","1614","FA","23","","0","0%","0%"
"*065nv*","Bubba Alleyne","(N/A)","OF","1615","FA","27","","0","0%","0%"
"*06ukk*","Jay Allmer","BOS","RP","1616","FA","24","LAA Wed 6:45PM","0","0%","0%"
"*06oo0*","Chase Allsup","BAL","SP","1617","FA","23","CLE Wed 6:35PM","0","1%","0%"
"*06zeh*","Darwin Almanzar","MIN","3B,INF","1618","FA","18","MIN 2<br/>@DET 7 F","0","0%","0%"
"*0730r*","Franyel Almanzar","CHC","SS,INF","1619","FA","17","@MIL Wed 7:40PM","0","0%","0%"
"*0737h*","Luis Almanzar","TB","OF","1620","FA","17","@ATL Wed 7:15PM","0","0%","0%"
"*06ytu*","Santiago Almao","TEX","2B,INF","1621","FA","18","TEX 1<br/>@SEA 3","0","0%","0%"
"*06qzn*","Jhan Almeida","CIN","SP","1622","FA","21","@LAD Wed 10:10PM","0","0%","0%"
"*074x9*","Luis Almeida","PIT","SS,INF","1623","FA","18","@CHW Wed 7:40PM","0","0%","0%"
"*06s3a*","Manuel Almeida","SEA","C","1624","FA","18","TEX 1<br/>@SEA 3","0","0%","0%"
"*05u6l*","Luis Almeyda","BAL","3B,SS,INF","1625","FA","20","CLE Wed 6:35PM","0","1%","0%"
"*06ky7*","Alexander Almonte","NYY","SP","1626","FA","19","COL Wed 7:05PM","0","0%","0%"
"*0765e*","Aneudy Almonte","LAD","SP","1627","FA","19","CIN Wed 10:10PM","0","0%","0%"
"*05m1a*","Ariel Almonte","(N/A)","OF","1628","FA","22","","0","1%","0%"
"*06ukj*","Dawil Almonte","(N/A)","RP","1629","FA","24","","0","0%","0%"
"*06c4v*","Hancel Almonte","(N/A)","1B,INF","1630","FA","20","","0","0%","0%"
"*06rhg*","Jeremy Almonte","MIA","C","1631","FA","20","NYM Wed 6:40PM","0","0%","0%"
"*075s7*","Jhon Almonte","LAA","SP","1632","FA","19","@BOS Wed 6:45PM","0","0%","0%"
"*06ru4*","Keuri Almonte","PIT","SP","1633","FA","20","@CHW Wed 7:40PM","0","0%","0%"
"*0770q*","Manny Almonte","ARI","1B,INF,OF","1634","FA","17","@KC Wed 7:40PM","0","0%","0%"
"*07610*","Raminel Almonte","ARI","SP","1635","FA","19","@KC Wed 7:40PM","0","0%","0%"
"*02n7z*","Yency Almonte","LAD","RP","1636","FA","32","CIN Wed 10:10PM","0","0%","0%"
"*02i2o*","Albert Almora Jr.","(N/A)","OF","1637","FA","32","","0","0%","0%"
"*078s9*","Dylan Alonso","KC","RP","1638","FA","22","ARI Wed 7:40PM","0","0%","0%"
"*05r66*","Juan Alonso","(N/A)","OF","1639","FA","22","","0","0%","0%"
"*06rqs*","Kuhio Aloy","NYM","1B,INF","1640","FA","21","@MIA Wed 6:40PM","0","0%","0%"
"*06c7b*","Wehiwa Aloy","BAL","SS,INF","1641","FA","22","CLE Wed 6:35PM","0","21%","0%"
"*06krv*","Jose Alpuria","ARI","OF","1642","FA","21","@KC Wed 7:40PM","0","0%","0%"
"*066s2*","Leandro Alsinois","CHW","OF","1643","FA","22","PIT Wed 7:40PM","0","0%","0%"
"*060yv*","Garvin Alston","(N/A)","RP","1644","FA","29","","0","0%","0%"
"*03dec*","Dan Altavilla","MIN","RP","1645","FA","34","MIN 2<br/>@DET 7 F","0","0%","0%"
"*066do*","Nick Altermatt","CHW","RP","1646","FA","26","PIT Wed 7:40PM","0","0%","0%"
"*066ot*","Carlos Altuve","(N/A)","1B,INF","1647","FA","21","","0","0%","0%"
"*06yty*","Juan Alva","MIA","1B,INF","1648","FA","20","NYM Wed 6:40PM","0","0%","0%"
"*06mi8*","Christopher Alvarado","BOS","3B,INF","1649","FA","19","LAA Wed 6:45PM","0","0%","0%"
"*040q1*","Cristian Alvarado","SF","SP","1650","FA","31","STL 6<br/>@SF 1","0","0%","0%"
"*0749x*","Cristian Alvarado","SEA","SP","1651","FA","23","TEX 1<br/>@SEA 3","0","0%","0%"
"*06qxe*","Jose Alvarado","TEX","SP","1652","FA","20","TEX 1<br/>@SEA 3","0","0%","0%"
"*075ex*","Wilfred Alvarado","ATH","RP","1653","FA","20","TOR 0<br/>@ATH 2 F","0","0%","0%"
"*076wg*","Alonzo Alvarez","(N/A)","C","1654","FA","20","","0","0%","0%"
"*06sas*","Anderson Alvarez","TB","SP","1655","FA","18","@ATL Wed 7:15PM","0","0%","0%"
"*051h2*","Andres Alvarez","(N/A)","SS,INF","1656","FA","29","","0","0%","0%"
"*0420k*","Armando Alvarez","(N/A)","3B,INF","1657","FA","32","","0","0%","0%"
"*06r9q*","Carlos Alvarez","SD","SP","1658","FA","18","WSH 2<br/>@SD 5","0","1%","0%"
"*06phb*","Edgar Alvarez","CHC","OF","1659","FA","25","@MIL Wed 7:40PM","0","0%","0%"
"*06upx*","Efren Alvarez","STL","SP","1660","FA","18","STL 6<br/>@SF 1","0","0%","0%"
"*067zo*","Erick Alvarez","(N/A)","OF","1661","FA","21","","0","0%","0%"
"*06kj3*","Frank Alvarez","(N/A)","RP","1662","FA","27","","0","0%","0%"
"*06jfc*","Hayden Alvarez","LAA","OF","1663","FA","19","@BOS Wed 6:45PM","0","18%","0%"
"*0785t*","Israel Alvarez","CLE","SS,INF","1664","FA","17","@BAL Wed 6:35PM","0","0%","0%"
"*04si4*","Jhosmer Alvarez","(N/A)","RP","1665","FA","25","","0","0%","0%"
"*0763f*","Juan Alvarez","ARI","1B,INF","1666","FA","20","@KC Wed 7:40PM","0","0%","0%"
"*06psn*","Kevin Alvarez","HOU","OF","1667","FA","18","@PHI Wed 6:40PM","0","30%","0%"
"*06m7y*","Luis Alvarez","NYM","RP","1668","FA","23","@MIA Wed 6:40PM","0","0%","0%"
"*076vo*","Miguel Alvarez","SD","RP","1669","FA","21","WSH 2<br/>@SD 5","0","0%","0%"
"*064da*","Nacho Alvarez","LAA","3B,INF","1670","FA","23","@BOS Wed 6:45PM","0","7%","0%"
"*04q53*","Nelson Alvarez","(N/A)","RP","1671","FA","28","","0","0%","0%"
"*07772*","Robert Alvarez","CLE","C","1672","FA","18","@BAL Wed 6:35PM","0","0%","0%"
"*06akl*","Xavier Alvero","BAL","SP","1673","FA","20","CLE Wed 6:35PM","0","0%","0%"
"*077qy*","Luke Alwood","CHC","RP","1674","FA","22","@MIL Wed 7:40PM","0","0%","0%"
"*06r84*","Alexander Alzi","(N/A)","1B,INF","1675","FA","19","","0","0%","0%"
"*03aqz*","Adbert Alzolay","(N/A)","RP","1676","FA","31","","0","2%","0%"
"*0669s*","Alex Amalfi","TOR","SP,RP","1677","FA","25","TOR 0<br/>@ATH 2 F","0","0%","0%"
"*06hsg*","Austin Amaral","WSH","RP","1678","FA","24","WSH 2<br/>@SD 5","0","0%","0%"
"*04pxk*","Daniel Amaral","SEA","OF","1679","FA","29","TEX 1<br/>@SEA 3","0","0%","0%"
"*06rn0*","Juan Amarante","PHI","SP","1680","FA","22","HOU Wed 6:40PM","0","0%","0%"
"*05wdl*","Carlos Amaya","(N/A)","C","1681","FA","24","","0","0%","0%"
"*04elh*","Jacob Amaya","ARI","SS,INF","1682","FA","28","@KC Wed 7:40PM","0","1%","0%"
"*0737j*","Loidel Amaya","ARI","OF","1683","FA","17","@KC Wed 7:40PM","0","0%","0%"
"*06fz5*","Kyle Amendt","ARI","RP","1684","FA","26","@KC Wed 7:40PM","0","1%","0%"
"*06cgg*","Billy Amick","NYM","1B,3B,INF","1685","FA","23","@MIA Wed 6:40PM","0","7%","0%"
"*06giv*","Ryan Ammons","NYM","RP","1686","FA","25","@MIA Wed 6:40PM","0","0%","0%"
"*06kyb*","Brayan Amoroso","STL","1B,INF","1687","FA","19","STL 6<br/>@SF 1","0","0%","0%"
"*06qva*","Luis Amoroso","(N/A)","RP","1688","FA","26","","0","0%","0%"
"*066nw*","Edwin Amparo","BAL","2B,INF","1689","FA","0","CLE Wed 6:35PM","0","0%","0%"
"*06ifj*","Felix Amparo","BAL","2B,INF","1690","FA","20","CLE Wed 6:35PM","0","0%","0%"
"*06v4w*","Yunior Amparo","NYM","1B,INF","1691","FA","19","@MIA Wed 6:40PM","0","1%","0%"
"*04psp*","Jake Anchia","(N/A)","C","1692","FA","29","","0","0%","0%"
"*078in*","Wilson Andersen","(N/A)","SP","1693","FA","18","","0","0%","0%"
"*06m5g*","Aidan Anderson","CHW","RP","1694","FA","29","PIT Wed 7:40PM","0","0%","0%"
"*05yiu*","Antonio Anderson","BOS","1B,3B,INF","1695","FA","21","LAA Wed 6:45PM","0","1%","0%"
"*0519l*","Ben Anderson","TEX","SP","1696","FA","28","TEX 1<br/>@SEA 3","0","0%","0%"
"*06gjs*","Casey Anderson","ARI","SP,RP","1697","FA","26","@KC Wed 7:40PM","0","0%","0%"
"*026k6*","Chase Anderson","(N/A)","SP,RP","1698","FA","38","","0","0%","0%"
"*06r8a*","Colin Anderson","(N/A)","3B,INF","1699","FA","16","","0","0%","0%"
"*06dqr*","Ethan Anderson","BAL","C,1B,INF","1700","FA","22","CLE Wed 6:35PM","0","3%","0%"
"*041m0*","Ian Anderson","(N/A)","RP","1701","FA","28","","0","1%","0%"
"*078oi*","Jimmy Anderson","BAL","SS,INF","1702","FA","21","CLE Wed 6:35PM","0","0%","0%"
"*06me6*","Jose Anderson","MIL","OF","1703","FA","19","CHC Wed 7:40PM","0","3%","0%"
"*03do2*","Justin Anderson","(N/A)","RP","1704","FA","33","","0","0%","0%"
"*06ugt*","Luke Anderson","(N/A)","SP","1705","FA","28","","0","0%","0%"
"*06dmp*","Max Anderson","DET","2B,INF","1706","FA","24","MIN 2<br/>@DET 7 F","0","22%","0%"
"*077ni*","Michael Anderson","TEX","1B,INF","1707","FA","22","TEX 1<br/>@SEA 3","0","0%","0%"
"*0519k*","Ryan Anderson","(N/A)","RP","1708","FA","28","","0","0%","0%"
"*03110*","Tim Anderson","(N/A)","2B,SS,INF","1709","FA","33","","0","0%","0%"
"*026mq*","Tyler Anderson","(N/A)","SP","1710","FA","36","","0","1%","0%"
"*064r6*","Bryan Andrade","ATH","3B,INF","1711","FA","21","TOR 0<br/>@ATH 2 F","0","0%","0%"
"*06rl1*","Kleyderve Andrade","PHI","RP","1712","FA","23","HOU Wed 6:40PM","0","0%","0%"
"*06qhs*","Ryan Andrade","TB","SP","1713","FA","23","@ATL Wed 7:15PM","0","0%","0%"
"*04pzw*","Clayton Andrews","(N/A)","SP","1714","FA","29","","0","0%","0%"
"*05xst*","EJ Andrews","(N/A)","OF","1715","FA","25","","0","0%","0%"
"*078zv*","Heath Andrews","CLE","SP","1716","FA","22","@BAL Wed 6:35PM","0","0%","0%"
"*02bsc*","Matt Andriese","(N/A)","RP","1717","FA","37","","0","0%","0%"
"*04ug1*","Axel Andueza","(N/A)","RP","1718","FA","27","","0","0%","0%"
"*06ibr*","Ashly Andujar","COL","SS,INF","1719","FA","19","@NYY Wed 7:05PM","0","1%","0%"
"*06z4f*","Louis Andujar","BOS","3B,INF","1720","FA","18","LAA Wed 6:45PM","0","2%","0%"
"*06v2z*","Luis Andujar","BAL","RP","1721","FA","21","CLE Wed 6:35PM","0","0%","0%"
"*04nat*","Nick Anello","(N/A)","RP","1722","FA","0","","0","0%","0%"
"*051jv*","Euribiel Angeles","ATH","2B,3B,SS,INF","1723","FA","24","TOR 0<br/>@ATH 2 F","0","1%","0%"
"*06zb5*","Gensi Angeles","ATL","RP","1724","FA","18","TB Wed 7:15PM","0","0%","0%"
"*06gja*","Roman Angelo","ARI","SP","1725","FA","26","@KC Wed 7:40PM","0","0%","0%"
"*06v50*","Alan Angulo","KC","2B,INF","1726","FA","18","ARI Wed 7:40PM","0","0%","0%"
"*070d8*","Beau Ankeney","DET","1B,INF","1727","FA","23","MIN 2<br/>@DET 7 F","0","0%","0%"
"*066fq*","Eli Ankeney","NYM","RP","1728","FA","25","@MIA Wed 6:40PM","0","0%","0%"
"*06z3w*","Jack Anker","PIT","RP","1729","FA","22","@CHW Wed 7:40PM","0","0%","0%"
"*036ll*","Tomohiro Anraku","(N/A)","SP","1730","FA","29","","0","0%","0%"
"*062e7*","Keaton Anthony","PHI","1B,INF","1731","FA","25","HOU Wed 6:40PM","0","1%","0%"
"*05y44*","Mike Antico","COL","OF","1732","FA","28","@NYY Wed 7:05PM","0","0%","0%"
"*05zju*","Ariel Antigua","(N/A)","SS,INF","1733","FA","21","","0","0%","0%"
"*060p3*","Donovan Antonia","(N/A)","2B,INF","1734","FA","23","","0","0%","0%"
"*051e1*","Aaron Antonini","(N/A)","C","1735","FA","28","","0","0%","0%"
"*078pa*","Enyer Antonio","MIA","1B,2B,3B,INF","1736","FA","17","NYM Wed 6:40PM","0","0%","0%"
"*06rnz*","Rayven Antonio","ATL","SP","1737","FA","20","TB Wed 7:15PM","0","1%","0%"
"*06k7w*","Andreimi Antunez","TB","SS,INF","1738","FA","19","@ATL Wed 7:15PM","0","2%","0%"
"*06r5o*","Brailyn Antunez","MIL","OF","1739","FA","18","CHC Wed 7:40PM","0","14%","0%"
"*061yx*","Wuilfredo Antunez","PHI","OF","1740","FA","24","HOU Wed 6:40PM","0","1%","0%"
"*077r4*","Caden Aoki","TEX","SP","1741","FA","24","TEX 1<br/>@SEA 3","0","0%","0%"
"*06qxj*","Koyo Aoyagi","(N/A)","SP,RP","1742","FA","32","","0","0%","0%"
"*072yw*","Tom Apfelbaum","LAD","SP","1743","FA","17","CIN Wed 10:10PM","0","0%","0%"
"*06rpo*","Garrett Apker","HOU","RP","1744","FA","26","@PHI Wed 6:40PM","0","0%","0%"
"*073k3*","Jeremias Aponte Aponte","CHW","OF","1745","FA","18","PIT Wed 7:40PM","0","0%","0%"
"*06rno*","Liberts Aponte","CIN","SS,INF","1746","FA","18","@LAD Wed 10:10PM","0","2%","0%"
"*06rn4*","Oswaldo Aponte","MIA","SP","1747","FA","20","NYM Wed 6:40PM","0","0%","0%"
"*05rgp*","Yhoangel Aponte","(N/A)","OF","1748","FA","22","","0","0%","0%"
"*06pgm*","Jackson Appel","CHW","C","1749","FA","25","PIT Wed 7:40PM","0","0%","0%"
"*06qyv*","Cam Appenzeller","(N/A)","SP","1750","FA","19","","0","1%","0%"
"*06ptv*","Cesar Aquino","PIT","RP","1751","FA","21","@CHW Wed 7:40PM","0","0%","0%"
"*06rvy*","Derik Aquino","LAD","RP","1752","FA","19","CIN Wed 10:10PM","0","0%","0%"
"*062po*","Patricio Aquino","MIL","RP","1753","FA","23","CHC Wed 7:40PM","0","0%","0%"
"*06m7d*","Wellington Aracena","ARI","SP,RP","1754","FA","21","@KC Wed 7:40PM","0","3%","0%"
"*076s0*","Leudy Arache","COL","OF","1755","FA","18","@NYY Wed 7:05PM","0","0%","0%"
"*06uwm*","Luis Arana","MIA","3B,SS,INF","1756","FA","18","NYM Wed 6:40PM","0","5%","0%"
"*06l0v*","Jhonny Aranguren","TB","RP","1757","FA","19","@ATL Wed 7:15PM","0","0%","0%"
"*06y7q*","Anderson Araujo","PHI","C","1758","FA","18","HOU Wed 6:40PM","0","1%","0%"
"*06mv0*","Juan Araujo","(N/A)","2B,INF","1759","FA","19","","0","0%","0%"
"*03nrm*","Jonathan Arauz","(N/A)","2B,INF","1760","FA","28","","0","0%","0%"
"*06r19*","Adrian Aray","(N/A)","SP","1761","FA","19","","0","0%","0%"
"*06r4b*","Cristian Aray","SEA","SP","1762","FA","19","TEX 1<br/>@SEA 3","0","0%","0%"
"*070bm*","Jack Arcamone","(N/A)","C","1763","FA","22","","0","0%","0%"
"*06qia*","Nathan Archer","CHW","OF","1764","FA","23","PIT Wed 7:40PM","0","0%","0%"
"*06z9w*","Bryce Archie","CIN","RP","1765","FA","22","@LAD Wed 10:10PM","0","0%","0%"
"*06k8b*","Pascual Archila","TOR","OF","1766","FA","19","TOR 0<br/>@ATH 2 F","0","0%","0%"
"*06r1l*","Wilinyer Ardiles","CLE","SP","1767","FA","19","@BAL Wed 6:35PM","0","0%","0%"
"*06xv4*","Adrian Ardines","HOU","SP,RP","1768","FA","19","@PHI Wed 6:40PM","0","1%","0%"
"*0647o*","Silas Ardoin","BAL","C,1B,INF","1769","FA","25","CLE Wed 6:35PM","0","0%","0%"
"*06ybb*","Anderson Areinamo","HOU","SS,INF","1770","FA","19","@PHI Wed 6:40PM","0","0%","0%"
"*062l0*","Jadher Areinamo","TB","2B,SS,INF","1771","FA","22","@ATL Wed 7:15PM","0","6%","0%"
"*06o0i*","Derek Arellan","(N/A)","RP","1772","FA","20","","0","0%","0%"
"*067zh*","Joneiker Arellano","(N/A)","SP,RP","1773","FA","21","","0","0%","0%"
"*06mei*","Nathan Arends","ATH","RP","1774","FA","19","TOR 0<br/>@ATH 2 F","0","0%","0%"
"*070dw*","Bryan Arendt","ATH","C","1775","FA","23","TOR 0<br/>@ATH 2 F","0","0%","0%"
"*06iey*","Luis Arestigueta","ATL","SP","1776","FA","20","TB Wed 7:15PM","0","0%","0%"
"*05xah*","Angel Arevalo","(N/A)","SS,INF","1777","FA","22","","0","0%","0%"
"*06uow*","Marco Argudin","TEX","OF","1778","FA","20","TEX 1<br/>@SEA 3","0","0%","0%"
"*06ru3*","Anthony Arguelles","(N/A)","RP","1779","FA","26","","0","0%","0%"
"*06kkn*","Cristian Arguelles","COL","OF","1780","FA","19","@NYY Wed 7:05PM","0","16%","0%"
"*06jhk*","Joaquin Arias Jr.","TEX","OF","1781","FA","19","TEX 1<br/>@SEA 3","0","0%","0%"
"*06ic7*","Andres Arias","TOR","OF","1782","FA","19","TOR 0<br/>@ATH 2 F","0","1%","0%"
"*066ne*","Benjamin Arias","(N/A)","RP","1783","FA","24","","0","0%","0%"
"*06c2w*","Chalniel Arias","NYY","RP","1784","FA","22","COL Wed 7:05PM","0","0%","0%"
"*06rhz*","Cruzmel Arias","COL","1B,INF","1785","FA","22","@NYY Wed 7:05PM","0","0%","0%"
"*06r1h*","Dariel Arias","CLE","OF","1786","FA","19","@BAL Wed 6:35PM","0","0%","0%"
"*05yg0*","Daury Arias","(N/A)","OF","1787","FA","25","","0","0%","0%"
"*0586v*","Dayeison Arias","(N/A)","RP","1788","FA","29","","0","0%","0%"
"*04of1*","Diosbel Arias","(N/A)","SS,INF","1789","FA","30","","0","0%","0%"
"*06ukq*","Eligio Arias","PHI","RP","1790","FA","23","HOU Wed 6:40PM","0","0%","0%"
"*06id7*","Frankeli Arias","CHW","SP,RP","1791","FA","23","PIT Wed 7:40PM","0","0%","0%"
"*06c78*","Franklin Arias","BOS","SS,INF","1792","jd","20","LAA Wed 6:45PM","0","55%","0%"
"*06mt3*","Gregori Arias","MIA","SS,INF","1793","FA","19","NYM Wed 6:40PM","0","0%","0%"
"*06ukd*","Isael Arias","NYY","OF","1794","FA","21","COL Wed 7:05PM","0","0%","0%"
"*05yee*","Jaime Arias","(N/A)","RP","1795","FA","0","","0","0%","0%"
"*06ibt*","Jalvin Arias","PHI","OF","1796","FA","19","HOU Wed 6:40PM","0","1%","0%"
"*06uqf*","Jesmaylin Arias","SD","OF","1797","FA","19","WSH 2<br/>@SD 5","0","0%","0%"
"*061yn*","Jordy Arias","(N/A)","RP","1798","FA","21","","0","0%","0%"
"*05yiq*","Leandro Arias","BAL","3B,SS,INF","1799","FA","21","CLE Wed 6:35PM","0","1%","0%"
"*05l1p*","Luarbert Arias","(N/A)","RP","1800","FA","25","","0","0%","0%"
"*06bt5*","Luis Arias","WSH","3B,INF","1801","FA","21","WSH 2<br/>@SD 5","0","0%","0%"
"*06ax0*","Michael Arias","NYY","SP","1802","FA","24","COL Wed 7:05PM","0","1%","0%"
"*072fm*","Randy Arias","HOU","SS,INF","1803","FA","17","@PHI Wed 6:40PM","0","0%","0%"
"*066mw*","Rayner Arias","SF","OF","1804","FA","20","STL 6<br/>@SF 1","0","5%","0%"
"*06ibn*","Robert Arias","CLE","OF","1805","FA","19","@BAL Wed 6:35PM","0","10%","0%"
"*05gec*","Roderick Arias","NYY","SS,INF","1806","FA","22","COL Wed 7:05PM","0","11%","0%"
"*072xt*","Rubel Arias","LAD","OF","1807","FA","17","CIN Wed 10:10PM","0","1%","0%"
"*05ui6*","Victor Arias","TOR","OF","1808","FA","23","TOR 0<br/>@ATH 2 F","0","2%","0%"
"*06o0q*","Wander Arias","(N/A)","RP","1809","FA","26","","0","0%","0%"
"*06uqe*","Yeimison Arias","(N/A)","RP","1810","FA","21","","0","0%","0%"
"*05gdd*","Kohei Arihara","(N/A)","SP","1811","FA","34","","0","0%","0%"
"*06z16*","Joe Ariola","ARI","RP","1812","FA","22","@KC Wed 7:40PM","0","0%","0%"
"*05r5y*","Luis Ariza","(N/A)","SS,INF","1813","FA","22","","0","0%","0%"
"*06pgg*","Ariel Armas","CHC","C","1814","FA","23","@MIL Wed 7:40PM","0","0%","0%"
"*05yo1*","Justin Armbruester","NYM","RP","1815","FA","27","@MIA Wed 6:40PM","0","0%","0%"
"*06ukp*","Will Armbruester","SEA","RP","1816","FA","25","TEX 1<br/>@SEA 3","0","0%","0%"
"*05xnl*","Erubiel Armenta","(N/A)","RP","1817","FA","26","","0","0%","0%"
"*03yvj*","Lazaro Armenteros","(N/A)","OF","1818","FA","27","","0","0%","0%"
"*06qlf*","Eldridge Armstrong III","(N/A)","RP","1819","FA","23","","0","0%","0%"
"*0778c*","Ian Armstrong","(N/A)","C","1820","FA","20","","0","0%","0%"
"*05t91*","Ivan Armstrong","(N/A)","RP","1821","FA","26","","0","0%","0%"
"*06hun*","Sam Armstrong","MIN","SP","1822","FA","25","MIN 2<br/>@DET 7 F","0","0%","0%"
"*073kc*","Tyce Armstrong","NYY","1B,INF","1823","FA","23","COL Wed 7:05PM","0","0%","0%"
"*06htr*","Bryce Arnold","(N/A)","2B,INF,OF","1824","FA","25","","0","0%","0%"
"*07797*","Grant Arnold","(N/A)","C","1825","FA","16","","0","0%","0%"
"*06ktt*","Jamie Arnold","ATH","SP","1826","FA","22","TOR 0<br/>@ATH 2 F","0","49%","0%"
"*06hwl*","Zach Arnold","(N/A)","1B,3B,INF","1827","FA","25","","0","0%","0%"
"*04o30*","Jeremy Arocho","(N/A)","3B,INF","1828","FA","27","","0","0%","0%"
"*062xz*","Erick Arosemena","(N/A)","OF","1829","FA","21","","0","0%","0%"
"*06hss*","Pablo Arosemena","CLE","1B,INF","1830","FA","20","@BAL Wed 6:35PM","0","0%","0%"
"*06zcg*","Anson Aroz","LAD","OF","1831","FA","23","CIN Wed 10:10PM","0","0%","0%"
"*06pg6*","Aiva Arquette","MIA","SS,INF","1832","FA","22","NYM Wed 6:40PM","0","39%","0%"
"*05u1v*","Cade Arrambide","(N/A)","C","1833","FA","20","","0","0%","0%"
"*06jfj*","Angel Arredondo","LAA","3B,INF","1834","FA","19","@BOS Wed 6:45PM","0","1%","0%"
"*06r7y*","Esmeiquel Arrieche","TOR","C","1835","FA","19","TOR 0<br/>@ATH 2 F","0","0%","0%"
"*06r57*","Gregori Arrieche","SEA","SP","1836","FA","24","TEX 1<br/>@SEA 3","0","0%","0%"
"*06g2a*","Felix Arronde","KC","SP","1837","FA","23","ARI Wed 7:40PM","0","2%","0%"
"*06tn4*","Carlos Arroyo","(N/A)","2B,INF","1838","FA","25","","0","0%","0%"
"*06yjv*","Chris Arroyo","MIA","1B,INF","1839","FA","21","NYM Wed 6:40PM","0","1%","0%"
"*0310e*","Christian Arroyo","NYM","1B,INF","1840","FA","31","@MIA Wed 6:40PM","0","0%","0%"
"*06uko*","Rowell Arroyo","CHC","RP","1841","FA","21","@MIL Wed 7:40PM","0","0%","0%"
"*06r3e*","Samuel Arroyo","(N/A)","C","1842","FA","19","","0","0%","0%"
"*072fb*","Landon Arroyos","HOU","SS,INF","1843","FA","19","@PHI Wed 6:40PM","0","0%","0%"
"*0518l*","J.T. Arruda","TB","2B,SS,INF","1844","FA","28","@ATL Wed 7:15PM","0","0%","0%"
"*05gsf*","Aeverson Arteaga","SF","SS,INF","1845","FA","23","STL 6<br/>@SF 1","0","2%","0%"
"*06c2i*","Andru Arthur","(N/A)","OF","1846","FA","20","","0","0%","0%"
"*060xx*","Reny Artiles","(N/A)","RP","1847","FA","24","","0","0%","0%"
"*0749y*","German Arvayo","SEA","SP","1848","FA","19","TEX 1<br/>@SEA 3","0","0%","0%"
"*078va*","Brandon Arvidson","CHC","RP","1849","FA","22","@MIL Wed 7:40PM","0","0%","0%"
"*06tle*","Johnny Ascanio","CIN","2B,3B,INF","1850","FA","23","@LAD Wed 10:10PM","0","0%","0%"
"*06qtn*","Evan Aschenbeck","CHC","SP","1851","FA","25","@MIL Wed 7:40PM","0","0%","0%"
"*06akk*","Enderson Asencio","(N/A)","1B,INF","1852","FA","20","","0","0%","0%"
"*06ic6*","Vladimir Asencio","(N/A)","OF","1853","FA","19","","0","0%","0%"
"*064w9*","Yosander Asencio","(N/A)","OF","1854","FA","21","","0","0%","0%"
"*06tla*","Konnor Ash","(N/A)","RP","1855","FA","27","","0","0%","0%"
"*06qo7*","Micah Ashman","BAL","RP","1856","FA","24","CLE Wed 6:35PM","0","1%","0%"
"*06lfh*","Albertson Asigen","(N/A)","OF","1857","FA","25","","0","0%","0%"
"*071wa*","Wandy Asigen","NYM","SS,INF","1858","FA","17","@MIA Wed 6:40PM","0","26%","0%"
"*05ynj*","Keyshawn Askew","(N/A)","RP","1859","FA","26","","0","0%","0%"
"*06c8r*","Paulo Asprilla","STL","C","1860","FA","20","STL 6<br/>@SF 1","0","0%","0%"
"*07101*","Anthony Astudillo","TEX","SP","1861","FA","21","TEX 1<br/>@SEA 3","0","0%","0%"
"*06qxx*","Christian Astudillo","BAL","C","1862","FA","19","CLE Wed 6:35PM","0","0%","0%"
"*070ku*","Jose Astudillo","SF","OF","1863","FA","22","STL 6<br/>@SF 1","0","0%","0%"
"*05yls*","Jose Atencio","LAA","SP","1864","FA","24","@BOS Wed 6:45PM","0","0%","0%"
"*078z5*","Max Aude","ATH","C","1865","FA","22","TOR 0<br/>@ATH 2 F","0","0%","0%"
"*05y4w*","Mason Auer","(N/A)","RP","1866","FA","25","","0","1%","0%"
"*05r9x*","Brett Auerbach","(N/A)","2B,3B,INF","1867","FA","28","","0","0%","0%"
"*06pq5*","Brooks Auger","LAD","SP","1868","FA","24","CIN Wed 10:10PM","0","1%","0%"
"*078vp*","Tyler August","ATH","RP","1869","FA","21","TOR 0<br/>@ATH 2 F","0","0%","0%"
"*06raa*","Jose Aular","(N/A)","1B,INF","1870","FA","22","","0","0%","0%"
"*062e3*","Cade Austin","MIA","RP","1871","FA","24","NYM Wed 6:40PM","0","0%","0%"
"*06qle*","Channing Austin","NYM","SP,RP","1872","FA","24","@MIA Wed 6:40PM","0","0%","0%"
"*06hhl*","Kelly Austin","NYY","RP","1873","FA","25","COL Wed 7:05PM","0","0%","0%"
"*06gjb*","Morris Austin","CHW","RP","1874","FA","26","PIT Wed 7:40PM","0","0%","0%"
"*06ms6*","RJ Austin","BAL","2B,INF","1875","FA","22","CLE Wed 6:35PM","0","1%","0%"
"*06qjv*","Trevor Austin","HOU","2B,3B,INF","1876","FA","24","@PHI Wed 6:40PM","0","0%","0%"
"*02hma*","Tyler Austin","CHC","1B,INF","1877","FA","35","@MIL Wed 7:40PM","0","1%","0%"
"*06gj6*","Zack Austin","(N/A)","RP","1878","FA","25","","0","0%","0%"
"*04ycp*","Drew Avans","COL","OF","1879","FA","30","@NYY Wed 7:05PM","0","0%","0%"
"*06fzc*","Corey Avant","ATH","SP,RP","1880","FA","24","TOR 0<br/>@ATH 2 F","0","0%","0%"
"*05r68*","Carlos Avila","(N/A)","C","1881","FA","22","","0","0%","0%"
"*06rpd*","Luis Avila","PHI","RP","1882","FA","23","HOU Wed 6:40PM","0","0%","0%"
"*066sq*","Nick Avila","(N/A)","SP,RP","1883","FA","29","","0","0%","0%"
"*03to4*","Pedro Avila","(N/A)","SP,RP","1884","FA","29","","0","1%","0%"
"*03c6o*","Luis Aviles","(N/A)","SS,INF","1885","FA","31","","0","0%","0%"
"*05y4t*","Jace Avina","NYY","OF","1886","FA","23","COL Wed 7:05PM","0","2%","0%"
"*066ky*","Daniel Avitia","CHC","SP","1887","FA","23","@MIL Wed 7:40PM","0","0%","0%"
"*06iff*","Yelserth Ayala","(N/A)","2B,INF","1888","FA","20","","0","0%","0%"
"*06rqw*","Junior Aybar","BAL","OF","1889","FA","20","CLE Wed 6:35PM","0","0%","0%"
"*061zp*","Nicandro Aybar","TB","OF","1890","FA","22","@ATL Wed 7:15PM","0","0%","0%"
"*06qw3*","Cole Ayers","(N/A)","RP","1891","FA","27","","0","0%","0%"
"*06qtv*","Kyle Ayers","ARI","RP","1892","FA","23","@KC Wed 7:40PM","0","0%","0%"
"*06ool*","Owen Ayers","CHC","C","1893","FA","25","@MIL Wed 7:40PM","0","15%","0%"
"*06qp7*","Isaac Ayon","LAD","SP","1894","FA","24","CIN Wed 10:10PM","0","0%","0%"
"*06r40*","Karim Ayubi","(N/A)","OF","1895","FA","22","","0","0%","0%"
"*06nln*","Enddy Azocar","BAL","OF","1896","FA","19","CLE Wed 6:35PM","0","17%","0%"
"*07611*","Gabriel Azocar","PHI","C","1897","FA","18","HOU Wed 6:40PM","0","0%","0%"
"*06ktp*","Katsuki Azuma","(N/A)","SP","1898","FA","30","","0","0%","0%"
"*0669o*","Tyler Baca","(N/A)","OF","1899","FA","26","","0","0%","0%"
"*051e3*","Mahki Backstrom","(N/A)","1B,INF","1900","FA","24","","0","0%","0%"
"*041qi*","Akil Baddoo","MIL","OF","1901","FA","28","CHC Wed 7:40PM","0","1%","0%"
"*05iyp*","Henry Baez","ATH","SP","1902","FA","23","TOR 0<br/>@ATH 2 F","0","5%","0%"
"*06c8q*","Jarol Baez","STL","RP","1903","FA","20","STL 6<br/>@SF 1","0","0%","0%"
"*061rf*","Jesus Baez","STL","3B,SS,INF","1904","FA","21","STL 6<br/>@SF 1","0","26%","0%"
"*06ukn*","Jhoster Baez","HOU","RP","1905","FA","21","@PHI Wed 6:40PM","0","0%","0%"
"*06c2b*","Juan Baez","MIL","2B,3B,INF","1906","FA","21","CHC Wed 7:40PM","0","1%","0%"
"*060fy*","Luis Baez","(N/A)","OF","1907","FA","22","","0","2%","0%"
"*06sbq*","Malvin Baez","ARI","SP","1908","FA","18","@KC Wed 7:40PM","0","0%","0%"
"*06rtm*","Manuel Baez","SEA","C","1909","FA","21","TEX 1<br/>@SEA 3","0","0%","0%"
"*06c3t*","Mario Baez","ATL","2B,INF","1910","FA","20","TB Wed 7:15PM","0","1%","0%"
"*06rj7*","Michael Baez","(N/A)","1B,INF","1911","FA","21","","0","0%","0%"
"*04akb*","Michel Baez","(N/A)","RP","1912","FA","30","","0","0%","0%"
"*065np*","Nate Baez","BOS","C,1B,INF","1913","FA","25","LAA Wed 6:45PM","0","0%","0%"
"*06pk6*","Ethan Bagwell","ATL","SP","1914","FA","20","TB Wed 7:15PM","0","4%","0%"
"*06v61*","Carson Bailey","(N/A)","SP","1915","FA","20","","0","0%","0%"
"*06iex*","Myles Bailey","CHC","1B,INF","1916","FA","21","@MIL Wed 7:40PM","0","1%","0%"
"*06sj5*","Smith Bailey","(N/A)","SP","1917","FA","21","","0","0%","0%"
"*06mbr*","J.T. Bain","TOR","OF","1918","FA","19","TOR 0<br/>@ATH 2 F","0","0%","0%"
"*06hov*","Alec Baker","ARI","SP,RP","1919","FA","26","@KC Wed 7:40PM","0","0%","0%"
"*051co*","Andrew Baker","COL","RP","1920","FA","26","@NYY Wed 7:05PM","0","0%","0%"
"*05g47*","Darren Baker","SF","2B,INF,OF","1921","FA","27","STL 6<br/>@SF 1","0","0%","0%"
"*05uac*","Dru Baker","CHW","OF","1922","FA","26","PIT Wed 7:40PM","0","1%","0%"
"*06kug*","Tavano Baker","BOS","OF","1923","FA","19","LAA Wed 6:45PM","0","0%","0%"
"*06zax*","Trace Baker","TOR","RP","1924","FA","22","TOR 0<br/>@ATH 2 F","0","0%","0%"
"*05ynn*","Trent Baker","MIN","SP,RP","1925","FA","27","MIN 2<br/>@DET 7 F","0","0%","0%"
"*078kn*","Brayden Bakes","PHI","OF","1926","FA","21","HOU Wed 6:40PM","0","0%","0%"
"*06sb7*","Yorsua Balanta","DET","RP","1927","FA","20","MIN 2<br/>@DET 7 F","0","0%","0%"
"*041sc*","Jordan Balazovic","(N/A)","SP","1928","FA","27","","0","1%","0%"
"*066k1*","Thomas Balboni Jr.","NYY","RP","1929","FA","26","COL Wed 7:05PM","0","0%","0%"
"*05unp*","Leo Balcazar","CIN","2B,SS,INF","1930","FA","22","@LAD Wed 10:10PM","0","3%","0%"
"*060w2*","Dayker Baldallo","(N/A)","SS,INF","1931","FA","22","","0","0%","0%"
"*06hq2*","Merrick Baldo","WSH","RP","1932","FA","26","WSH 2<br/>@SD 5","0","0%","0%"
"*062z3*","Brooks Baldwin","CHW","2B,3B,SS,INF,OF","1933","FA","26","PIT Wed 7:40PM","0","8%","0%"
"*051is*","Bryce Ball","(N/A)","1B,INF","1934","FA","28","","0","0%","0%"
"*073nf*","Ethan Ball","(N/A)","2B,INF","1935","FA","19","","0","0%","0%"
"*06uwn*","Brady Ballinger","DET","1B,INF","1936","FA","21","MIN 2<br/>@DET 7 F","0","0%","0%"
"*06rsx*","Bryan Balzer","SD","SP","1937","FA","21","WSH 2<br/>@SD 5","0","1%","0%"
"*06fqt*","Scott Bandura","SF","OF","1938","FA","25","STL 6<br/>@SF 1","0","1%","0%"
"*078su*","Hagan Banks","MIN","RP","1939","FA","24","MIN 2<br/>@DET 7 F","0","0%","0%"
"*072ap*","Max Banks","CHW","SP","1940","FA","23","PIT Wed 7:40PM","0","0%","0%"
"*06qvs*","Teo Banks","WSH","OF","1941","FA","23","WSH 2<br/>@SD 5","0","0%","0%"
"*04eiz*","Rylan Bannon","(N/A)","3B,SS,INF","1942","FA","30","","0","0%","0%"
"*04eh1*","David Banuelos","MIN","UT","1943","FA","29","MIN 2<br/>@DET 7 F","0","0%","0%"
"*066mj*","Anthony Baptist","(N/A)","OF","1944","FA","20","","0","0%","0%"
"*06rw5*","Gustavo Baptista","CLE","C","1945","FA","18","@BAL Wed 6:35PM","0","0%","0%"
"*06qe0*","Sebastian Baquera","TEX","C","1946","FA","19","TEX 1<br/>@SEA 3","0","0%","0%"
"*041v3*","Caleb Baragar","(N/A)","SP,RP","1947","FA","32","","0","0%","0%"
"*078e9*","Rod Barajas Jr.","SF","C","1948","FA","22","STL 6<br/>@SF 1","0","0%","0%"
"*06z3v*","Junior Barajas","SF","C","1949","FA","22","STL 6<br/>@SF 1","0","0%","0%"
"*06rwa*","Aiverson Barazarte","ATH","1B,INF","1950","FA","18","TOR 0<br/>@ATH 2 F","0","0%","0%"
"*070c8*","Jake Barbee","TEX","SP","1951","FA","20","TEX 1<br/>@SEA 3","0","0%","0%"
"*0513p*","Colin Barber","(N/A)","OF","1952","FA","25","","0","1%","0%"
"*06hhf*","Noah Barber","KC","OF","1953","FA","21","ARI Wed 7:40PM","0","0%","0%"
"*06mvq*","Jackson Barberi","(N/A)","SP","1954","FA","20","","0","0%","0%"
"*06qiz*","Francesco Barbieri","(N/A)","OF","1955","FA","26","","0","0%","0%"
"*04ylm*","Gabriel Barbosa","PHI","SP,RP","1956","FA","24","HOU Wed 6:40PM","0","0%","0%"
"*076cc*","Daiyer Barboza","MIN","SS,INF","1957","FA","17","MIN 2<br/>@DET 7 F","0","0%","0%"
"*051bv*","Edgar Barclay","(N/A)","SP","1958","FA","28","","0","0%","0%"
"*078zt*","Colin Barczi","CHW","C","1959","FA","22","PIT Wed 7:40PM","0","0%","0%"
"*078rr*","Luke Bard","LAD","C","1960","FA","22","CIN Wed 10:10PM","0","0%","0%"
"*05t6s*","Alec Barger","(N/A)","SP","1961","FA","28","","0","0%","0%"
"*077a3*","D'Alessandro Barile","CHC","SS,INF","1962","FA","17","@MIL Wed 7:40PM","0","0%","0%"
"*078qk*","Bane Barker","MIA","SP","1963","FA","18","NYM Wed 6:40PM","0","0%","0%"
"*070ej*","Jack Barker","PHI","OF","1964","FA","21","HOU Wed 6:40PM","0","0%","0%"
"*077nf*","Ryne Barker","ATL","SP","1965","FA","19","TB Wed 7:15PM","0","0%","0%"
"*06z3u*","Isaiah Barkett","SF","3B,INF","1966","FA","22","STL 6<br/>@SF 1","0","0%","0%"
"*04aze*","Jordy Barley","(N/A)","SS,INF","1967","FA","26","","0","0%","0%"
"*0429m*","Joe Barlow","(N/A)","RP","1968","FA","30","","0","0%","0%"
"*02bwt*","Austin Barnes","(N/A)","C","1969","FA","36","","0","0%","0%"
"*02c14*","Jacob Barnes","(N/A)","RP","1970","FA","36","","0","0%","0%"
"*06s3l*","Zach Barnes","(N/A)","RP","1971","FA","27","","0","0%","0%"
"*078p0*","Michael Barnett","MIN","SP","1972","FA","22","MIN 2<br/>@DET 7 F","0","0%","0%"
"*06qo3*","Sean Barnett","SD","UT,RP","1973","FA","23","WSH 2<br/>@SD 5","0","0%","0%"
"*022vw*","Tucker Barnhart","(N/A)","C","1974","FA","35","","0","0%","0%"
"*06hpr*","Zane Barnhart","DET","RP","1975","FA","24","MIN 2<br/>@DET 7 F","0","0%","0%"
"*06fzm*","Boston Baro","NYM","3B,SS,INF","1976","FA","22","@MIA Wed 6:40PM","0","2%","0%"
"*06rmd*","Meykel Baro","BAL","SS,INF","1977","FA","18","CLE Wed 6:35PM","0","0%","0%"
"*06amk*","Sadiel Baro","(N/A)","RP","1978","FA","21","","0","0%","0%"
"*07785*","Randy Baron","CLE","RP","1979","FA","18","@BAL Wed 6:35PM","0","0%","0%"
"*070c5*","Alex Barr","ATH","SP","1980","FA","19","TOR 0<br/>@ATH 2 F","0","0%","0%"
"*06v1w*","Matt Barr","MIN","SP","1981","FA","20","MIN 2<br/>@DET 7 F","0","2%","0%"
"*02n0z*","Kyle Barraclough","(N/A)","RP","1982","FA","36","","0","0%","0%"
"*06gis*","Chris Barraza","(N/A)","SP","1983","FA","26","","0","0%","0%"
"*076sk*","Ferny Barreda","SEA","SP","1984","FA","23","TEX 1<br/>@SEA 3","0","0%","0%"
"*06hnc*","Diego Barrera","ATH","RP","1985","FA","26","TOR 0<br/>@ATH 2 F","0","0%","0%"
"*06zcw*","Emilio Barreras","MIA","3B,INF","1986","FA","22","NYM Wed 6:40PM","0","0%","0%"
"*04dwv*","Jose Barrero","BAL","2B,INF,OF","1987","FA","28","CLE Wed 6:35PM","0","1%","0%"
"*02ni1*","Franklin Barreto","(N/A)","OF","1988","FA","30","","0","0%","0%"
"*06rtc*","Yulian Barreto","SF","2B,INF","1989","FA","18","STL 6<br/>@SF 1","0","0%","0%"
"*078tq*","Hudson Barrett","COL","SP","1990","FA","22","@NYY Wed 7:05PM","0","0%","0%"
"*06qur*","Seamus Barrett","LAD","RP","1991","FA","25","CIN Wed 10:10PM","0","0%","0%"
"*03ysq*","Jaime Barria","(N/A)","SP,RP","1992","FA","30","","0","0%","0%"
"*05rfo*","Brandon Barriera","TOR","SP","1993","FA","22","TOR 0<br/>@ATH 2 F","0","9%","0%"
"*066rw*","Alberto Barriga","ARI","C","1994","FA","21","@KC Wed 7:40PM","0","1%","0%"
"*05rbt*","Gregory Barrios","TB","SS,INF","1995","FA","22","@ATL Wed 7:15PM","0","1%","0%"
"*05yiw*","Johan Barrios","(N/A)","SS,INF","1996","FA","21","","0","0%","0%"
"*077bc*","Johander Barrios","COL","SP","1997","FA","17","@NYY Wed 7:05PM","0","0%","0%"
"*06rvu*","Jose Barrios","MIN","2B,INF","1998","FA","18","MIN 2<br/>@DET 7 F","0","0%","0%"
"*06ukm*","Marco Barrios","CHW","RP","1999","FA","21","PIT Wed 7:40PM","0","0%","0%"
"*06z5y*","Nicolas Barrios","MIL","OF","2000","FA","18","CHC Wed 7:40PM","0","0%","0%"
"*05yl9*","Beycker Barroso","(N/A)","C","2001","FA","23","","0","0%","0%"
"*0770l*","Hector Barroso","COL","OF","2002","FA","18","@NYY Wed 7:05PM","0","0%","0%"
"*06fzo*","Braden Barry","(N/A)","OF","2003","FA","24","","0","0%","0%"
"*06uxn*","Justin Barry","BOS","3B,INF","2004","FA","20","LAA Wed 6:45PM","0","0%","0%"
"*04prx*","Cameron Barstad","PIT","C","2005","FA","25","@CHW Wed 7:40PM","0","0%","0%"
"*06kwv*","Blake Barthol","(N/A)","3B,INF","2006","FA","23","","0","0%","0%"
"*06hhb*","Caleb Bartolero","LAA","3B,INF","2007","FA","26","@BOS Wed 6:45PM","0","0%","0%"
"*06mmo*","Javier Bartolozzi","LAD","RP","2008","FA","21","CIN Wed 10:10PM","0","0%","0%"
"*06rfw*","Hudson Barton","(N/A)","SP","2009","FA","20","","0","0%","0%"
"*06aqh*","Andersson Barvosa","TB","RP","2010","FA","21","@ATL Wed 7:15PM","0","0%","0%"
"*060vy*","Edgar Basabe","(N/A)","OF","2011","FA","22","","0","0%","0%"
"*06fqi*","Andrew Bash","ATH","RP","2012","FA","30","TOR 0<br/>@ATH 2 F","0","0%","0%"
"*073nv*","Braston Basker","(N/A)","SS,INF","2013","FA","13","","0","0%","0%"
"*064p7*","Andy Basora","KC","RP","2014","FA","21","ARI Wed 7:40PM","0","0%","0%"
"*06hrp*","Jayson Bass","MIN","1B,INF","2015","FA","20","MIN 2<br/>@DET 7 F","0","0%","0%"
"*07923*","Reese Bassinger","TOR","RP","2016","FA","23","TOR 0<br/>@ATH 2 F","0","0%","0%"
"*061zg*","Angel Bastardo","BOS","SP","2017","FA","24","LAA Wed 6:45PM","0","2%","0%"
"*077cm*","Jaden Bastian","(N/A)","OF","2018","FA","21","","0","0%","0%"
"*072yk*","Kinon Bastian","(N/A)","2B,INF,OF","2019","FA","17","","0","0%","0%"
"*05rdo*","Abel Bastidas","(N/A)","2B,3B,INF","2020","FA","22","","0","0%","0%"
"*06z5o*","Abraham Bastidas","SD","2B,INF","2021","FA","19","WSH 2<br/>@SD 5","0","0%","0%"
"*0603r*","Jesus Bastidas","(N/A)","3B,SS,INF","2022","FA","27","","0","0%","0%"
"*06kkb*","Boston Bateman","BAL","SP","2023","FA","20","CLE Wed 6:35PM","0","9%","0%"
"*06sc3*","Adam Bates","BOS","SP,RP","2024","FA","21","LAA Wed 6:45PM","0","0%","0%"
"*06afa*","Charlie Bates","(N/A)","SS,INF","2025","FA","20","","0","0%","0%"
"*077y3*","Zach Bates","LAD","RP","2026","FA","0","CIN Wed 10:10PM","0","0%","0%"
"*06ce9*","Aldrin Batista","CHW","RP","2027","FA","23","PIT Wed 7:40PM","0","1%","0%"
"*06mif*","Andry Batista","(N/A)","OF","2028","FA","19","","0","0%","0%"
"*066qc*","Arfeni Batista","(N/A)","SS,INF","2029","FA","22","","0","0%","0%"
"*06c2v*","Carlos Batista","(N/A)","OF","2030","FA","20","","0","0%","0%"
"*06ky8*","Domingo Batista","(N/A)","OF","2031","FA","19","","0","0%","0%"
"*061zx*","Edinson Batista","(N/A)","SP","2032","FA","24","","0","0%","0%"
"*06uqd*","Erick Batista","SD","RP","2033","FA","21","WSH 2<br/>@SD 5","0","0%","0%"
"*04yj2*","Freuddy Batista","HOU","C","2034","FA","26","@PHI Wed 6:40PM","0","0%","0%"
"*06klc*","Gilberto Batista","TOR","SP,RP","2035","FA","21","TOR 0<br/>@ATH 2 F","0","0%","0%"
"*06r6i*","Guillermo Batista","DET","3B,INF","2036","FA","19","MIN 2<br/>@DET 7 F","0","0%","0%"
"*0744f*","Justin Batista","MIA","SP","2037","FA","17","NYM Wed 6:40PM","0","0%","0%"
"*066q9*","Reminton Batista","(N/A)","OF","2038","FA","21","","0","0%","0%"
"*06c87*","Yadiel Batista","STL","SP,RP","2039","FA","22","STL 6<br/>@SF 1","0","0%","0%"
"*077n1*","Mikey Batiste","(N/A)","OF","2040","FA","16","","0","0%","0%"
"*06zct*","Keegan Batka","PHI","SP","2041","FA","24","HOU Wed 6:40PM","0","0%","0%"
"*052im*","Matthew Batten","(N/A)","1B,3B,INF","2042","FA","31","","0","0%","0%"
"*078n7*","Dominic Battista","KC","OF","2043","FA","18","ARI Wed 7:40PM","0","0%","0%"
"*0648w*","Jalen Battles","(N/A)","3B,INF","2044","FA","26","","0","0%","0%"
"*06tf8*","Jack Bauer","(N/A)","SP","2045","FA","19","","0","1%","0%"
"*025hm*","Trevor Bauer","(N/A)","SP","2046","FA","35","","0","1%","0%"
"*04nay*","Tyler Baum","WSH","RP","2047","FA","28","WSH 2<br/>@SD 5","0","0%","0%"
"*06qu6*","Tanner Bauman","ATL","SP,RP","2048","FA","24","TB Wed 7:15PM","0","0%","0%"
"*06aqk*","Garrett Baumann","ATL","SP","2049","FA","22","TB Wed 7:15PM","0","5%","0%"
"*04efe*","Mike Baumann","(N/A)","RP","2050","FA","30","","0","0%","0%"
"*05u9j*","Jackson Baumeister","TB","SP","2051","FA","24","@ATL Wed 7:15PM","0","7%","0%"
"*066jn*","Nick Bautista III","(N/A)","SP","2052","FA","24","","0","0%","0%"
"*04pf7*","Danny Bautista","(N/A)","OF","2053","FA","25","","0","0%","0%"
"*066te*","Erick Bautista","(N/A)","OF","2054","FA","21","","0","0%","0%"
"*05t64*","Felix Bautista","BAL","RP","2055","Ka-Chow","31","CLE Wed 6:35PM","0","33%","0%"
"*06kuh*","Israfell Bautista","TB","OF","2056","FA","19","@ATL Wed 7:15PM","0","0%","0%"
"*06ek9*","Jorge Bautista","(N/A)","SP","2057","FA","25","","0","0%","0%"
"*05uop*","Kelvin Bautista","(N/A)","RP","2058","FA","27","","0","0%","0%"
"*06ps3*","Yorger Bautista","SEA","OF","2059","FA","18","TEX 1<br/>@SEA 3","0","19%","0%"
"*06zcy*","John Bay","NYM","OF","2060","FA","25","@MIA Wed 6:40PM","0","0%","0%"
"*06v4z*","Max Bayles","MIN","SP","2061","FA","21","MIN 2<br/>@DET 7 F","0","0%","0%"
"*06s3e*","Jarod Bayless","PIT","SP,RP","2062","FA","29","@CHW Wed 7:40PM","0","0%","0%"
"*0512t*","Jamari Baylor","NYM","SS,INF","2063","FA","26","@MIA Wed 6:40PM","0","0%","0%"
"*0791u*","Hunter Baynes","STL","RP","2064","FA","21","STL 6<br/>@SF 1","0","0%","0%"
"*06yt9*","Sterling Bazil","DET","SS,INF","2065","FA","18","MIN 2<br/>@DET 7 F","0","0%","0%"
"*06c5i*","Kevin Bazzell","WSH","C","2066","FA","23","WSH 2<br/>@SD 5","0","1%","0%"
"*06qiv*","Noah Beal","TB","RP","2067","FA","24","@ATL Wed 7:15PM","0","0%","0%"
"*060ig*","Drew Beam","KC","SP","2068","FA","23","ARI Wed 7:40PM","0","4%","0%"
"*078tz*","Jake Bean","CLE","SP","2069","FA","21","@BAL Wed 6:35PM","0","0%","0%"
"*06sjo*","Trey Beard","MIA","SP","2070","FA","21","NYM Wed 6:40PM","0","0%","0%"
"*03qpz*","Matt Beaty","(N/A)","1B,INF","2071","FA","33","","0","0%","0%"
"*06qnd*","Christian Becerra","MIN","SP","2072","FA","23","MIN 2<br/>@DET 7 F","0","0%","0%"
"*04egk*","Andrew Bechtold","PHI","RP","2073","FA","30","HOU Wed 6:40PM","0","0%","0%"
"*077c6*","Carter Beck","ATL","OF","2074","FA","21","TB Wed 7:15PM","0","1%","0%"
"*051gy*","Jace Beck","MIA","RP","2075","FA","26","NYM Wed 6:40PM","0","3%","0%"
"*06qjt*","Jagger Beck","HOU","RP","2076","FA","19","@PHI Wed 6:40PM","0","1%","0%"
"*065ix*","Jared Beck","(N/A)","RP","2077","FA","26","","0","0%","0%"
"*06hvc*","Brandon Beckel","PHI","SP,RP","2078","FA","24","HOU Wed 6:40PM","0","0%","0%"
"*04t99*","Austin Becker","(N/A)","RP","2079","FA","27","","0","0%","0%"
"*06qjs*","Colton Becker","KC","3B,SS,INF","2080","FA","25","ARI Wed 7:40PM","0","0%","0%"
"*06l5d*","Eric Becker","CIN","2B,INF","2081","FA","21","@LAD Wed 10:10PM","0","1%","0%"
"*068a5*","Matthew Becker","MIN","SP,RP","2082","FA","23","MIN 2<br/>@DET 7 F","0","0%","0%"
"*06utc*","Nick Becker","SEA","SS,INF","2083","FA","19","TEX 1<br/>@SEA 3","0","9%","0%"
"*06uju*","David Beckles","(N/A)","1B,INF","2084","FA","22","","0","0%","0%"
"*05gs7*","Ian Bedell","(N/A)","SP","2085","FA","27","","0","0%","0%"
"*05t9e*","Will Bednar","SF","RP","2086","FA","26","STL 6<br/>@SF 1","0","4%","0%"
"*02bq5*","Tyler Beede","(N/A)","RP","2087","FA","33","","0","0%","0%"
"*06qob*","Merritt Beeker","WSH","RP","2088","FA","24","WSH 2<br/>@SD 5","0","0%","0%"
"*0414k*","Seth Beer","(N/A)","1B,INF","2089","FA","29","","0","0%","0%"
"*061hw*","Blake Beers","ATH","SP","2090","FA","28","TOR 0<br/>@ATH 2 F","0","0%","0%"
"*06mpj*","Landon Beidelschies","ATL","SP","2091","FA","22","TB Wed 7:15PM","0","1%","0%"
"*06pgf*","Charlie Beilenson","SEA","RP","2092","FA","26","TEX 1<br/>@SEA 3","0","1%","0%"
"*06hu6*","Jarrod Belbin","(N/A)","1B,INF","2093","FA","26","","0","0%","0%"
"*06uh5*","Adrian Belen","KC","RP","2094","FA","21","ARI Wed 7:40PM","0","0%","0%"
"*06tfz*","Marcos Belen","CLE","OF","2095","FA","19","@BAL Wed 6:35PM","0","0%","0%"
"*06hto*","Nigel Belgrave","MIA","RP","2096","FA","24","NYM Wed 6:40PM","0","0%","0%"
"*0515u*","Brock Bell","(N/A)","RP","2097","FA","28","","0","0%","0%"
"*077r3*","Devin Bell","LAD","RP","2098","FA","22","CIN Wed 10:10PM","0","0%","0%"
"*06tlg*","Ethan Bell","CHC","RP","2099","FA","24","@MIL Wed 7:40PM","0","0%","0%"
"*07304*","Greyson Bell","(N/A)","SP","2100","FA","16","","0","0%","0%"
"*06kx5*","Talan Bell","(N/A)","SP","2101","FA","21","","0","0%","0%"
"*06nu9*","Tyler Bell","COL","SS,INF","2102","FA","21","@NYY Wed 7:05PM","0","3%","0%"
"*06rhe*","Adrian Bello","MIA","C","2103","FA","20","NYM Wed 6:40PM","0","0%","0%"
"*06uwb*","Angel Bello","CHW","SP","2104","FA","20","PIT Wed 7:40PM","0","0%","0%"
"*06vy9*","Carlos Bello","NYY","2B,INF","2105","FA","18","COL Wed 7:05PM","0","0%","0%"
"*06mmn*","Jose Bello","BOS","SP,RP","2106","FA","21","LAA Wed 6:45PM","0","2%","0%"
"*06p4m*","Juan Bello","HOU","SP,RP","2107","FA","22","@PHI Wed 6:40PM","0","0%","0%"
"*0700v*","Rony Bello","WSH","2B,INF","2108","FA","18","WSH 2<br/>@SD 5","0","0%","0%"
"*06cp7*","Gustavo Beltran","(N/A)","SS,INF","2109","FA","21","","0","0%","0%"
"*06ukw*","Jeiki Beltran","(N/A)","RP","2110","FA","22","","0","0%","0%"
"*074a9*","Jordan Beltran","STL","SP","2117","FA","17","STL 6<br/>@SF 1","0","0%","0%"
"*06ukv*","Luis Beltran","BAL","RP","2111","FA","22","CLE Wed 6:35PM","0","0%","0%"
"*061qu*","Nolan Beltran","PHI","SS,INF","2112","FA","21","HOU Wed 6:40PM","0","0%","0%"
"*076cn*","Anibal Beltre","MIN","SS,INF","2113","FA","17","MIN 2<br/>@DET 7 F","0","0%","0%"
"*06icc*","Eduardo Beltre","MIN","OF","2114","FA","19","MIN 2<br/>@DET 7 F","0","6%","0%"
"*0776q*","Germayhoni Beltre","NYY","SS,INF","2115","FA","17","COL Wed 7:05PM","0","0%","0%"
"*05m1d*","Manuel Beltre","TOR","SS,INF","2116","FA","22","TOR 0<br/>@ATH 2 F","0","2%","0%"
"*06rok*","Cade Belyeu","(N/A)","OF","2118","FA","21","","0","0%","0%"
"*06mpu*","Max Belyeu","COL","OF","2119","FA","22","@NYY Wed 7:05PM","0","4%","0%"
"*06rtd*","Carlos Benavides","DET","C,1B,INF","2120","FA","18","MIN 2<br/>@DET 7 F","0","0%","0%"
"*067yb*","Cristian Benavides","(N/A)","SS,INF","2121","FA","21","","0","0%","0%"
"*05ykx*","Frederick Bencosme","BAL","2B,SS,INF","2122","FA","23","CLE Wed 6:35PM","0","1%","0%"
"*05ygl*","Colton Bender","(N/A)","C","2123","FA","27","","0","0%","0%"
"*06id1*","Derek Bender","(N/A)","1B,INF","2124","FA","23","","0","0%","0%"
"*06htk*","Spencer Bengard","MIN","RP","2125","FA","24","MIN 2<br/>@DET 7 F","0","0%","0%"
"*078rl*","Connor Benge","MIA","RP","2126","FA","22","NYM Wed 6:40PM","0","0%","0%"
"*061zf*","Angel Benitez","NYY","SP","2127","FA","22","COL Wed 7:05PM","0","0%","0%"
"*05u32*","Diego Benitez","(N/A)","1B,INF","2128","FA","21","","0","1%","0%"
"*04ek0*","Jorge Benitez","(N/A)","RP","2129","FA","27","","0","0%","0%"
"*06bs9*","Keyner Benitez","MIA","SP","2130","FA","20","NYM Wed 6:40PM","0","3%","0%"
"*06uwa*","Sthiven Benitez","KC","RP","2131","FA","21","ARI Wed 7:40PM","0","0%","0%"
"*06l3n*","Yoxander Benitez","SF","OF","2132","FA","19","STL 6<br/>@SF 1","0","0%","0%"
"*062hw*","Juan Benjamin","CLE","2B,3B,INF","2133","FA","23","@BAL Wed 6:35PM","0","0%","0%"
"*03de6*","Wes Benjamin","(N/A)","SP","2134","FA","33","","0","0%","0%"
"*077ee*","Jake Bennett","TOR","C","2135","FA","22","TOR 0<br/>@ATH 2 F","0","0%","0%"
"*0514e*","Nick Bennett","(N/A)","RP","2136","FA","29","","0","0%","0%"
"*06hnq*","Pierce Bennett","(N/A)","2B,INF","2137","FA","25","","0","0%","0%"
"*05yd6*","Donovan Benoit","(N/A)","SP","2138","FA","27","","0","0%","0%"
"*060y1*","Sam Benschoter","CIN","SP,RP","2139","FA","28","@LAD Wed 10:10PM","0","0%","0%"
"*05y64*","Cooper Benson","(N/A)","SP","2140","FA","26","","0","0%","0%"
"*074vq*","JT Benson","NYM","OF","2141","FA","24","@MIA Wed 6:40PM","0","0%","0%"
"*072e0*","Chase Bentley","MIL","SP","2142","FA","19","CHC Wed 7:40PM","0","1%","0%"
"*06meb*","Alexander Benua","(N/A)","OF","2143","FA","22","","0","0%","0%"
"*06807*","Alvaro Benua","LAD","RP","2144","FA","23","CIN Wed 10:10PM","0","0%","0%"
"*06jfi*","Alfredo Benzan","ARI","OF","2145","FA","19","@KC Wed 7:40PM","0","0%","0%"
"*06qix*","Jadon Bercovich","TB","RP","2146","FA","24","@ATL Wed 7:15PM","0","0%","0%"
"*077oa*","Andrew Berg","CHW","SP","2147","FA","23","PIT Wed 7:40PM","0","0%","0%"
"*06qv2*","Derek Berg","PIT","C,1B,INF","2148","FA","24","@CHW Wed 7:40PM","0","0%","0%"
"*05xpo*","Ryan Bergert","KC","SP","2149","FA","26","ARI Wed 7:40PM","0","7%","0%"
"*078on*","Austin Berggren","NYY","RP","2150","FA","22","COL Wed 7:05PM","0","0%","0%"
"*051ap*","Adam Berghorst","(N/A)","SP,RP","2151","FA","25","","0","0%","0%"
"*05y5m*","Jesse Bergin","MIN","RP","2152","FA","26","MIN 2<br/>@DET 7 F","0","0%","0%"
"*04ptc*","Michael Berglund","(N/A)","C","2153","FA","29","","0","0%","0%"
"*077oh*","Jackson Bergman","CHW","SP","2154","FA","23","PIT Wed 7:40PM","0","0%","0%"
"*0410p*","Austin Bergner","(N/A)","SP,RP","2155","FA","29","","0","0%","0%"
"*05w8l*","William Bergolla","CHW","SS,INF","2156","FA","21","PIT Wed 7:40PM","0","6%","0%"
"*074ck*","Willy Bergolla","LAD","SS,INF","2157","FA","18","CIN Wed 10:10PM","0","0%","0%"
"*077o1*","Jake Berkland","CHW","SS,INF","2158","FA","21","PIT Wed 7:40PM","0","0%","0%"
"*04q5u*","Jonathan Bermudez","(N/A)","SP","2159","FA","30","","0","0%","0%"
"*04ybm*","Warming Bernabel","(N/A)","1B,INF","2160","FA","24","","0","2%","0%"
"*060yf*","Jonatan Bernal","ARI","SP,RP","2161","FA","24","@KC Wed 7:40PM","0","0%","0%"
"*0633e*","Derek Bernard","COL","OF","2162","FA","21","@NYY Wed 7:05PM","0","1%","0%"
"*03eq5*","Wynton Bernard","(N/A)","OF","2163","FA","35","","0","0%","0%"
"*06uh4*","Logan Berrier","DET","RP","2164","FA","25","MIN 2<br/>@DET 7 F","0","0%","0%"
"*02mwk*","Jose Berrios","TOR","SP","2165","FA","32","TOR 0<br/>@ATH 2 F","0","32%","0%"
"*04es4*","Osvaldo Berrios","BOS","RP","2166","FA","26","LAA Wed 6:45PM","0","0%","0%"
"*0509b*","Prelander Berroa","CHW","SP,RP","2167","FA","26","PIT Wed 7:40PM","0","4%","0%"
"*071ma*","Wilner Berroteran","LAA","SP","2168","FA","18","@BOS Wed 6:45PM","0","0%","0%"
"*06zg2*","Caleb Berry","(N/A)","C","2169","FA","24","","0","0%","0%"
"*05t5m*","Jacob Berry","KC","2B,3B,INF,OF","2170","FA","25","ARI Wed 7:40PM","0","7%","0%"
"*0519x*","Luke Berryhill","(N/A)","C","2171","FA","28","","0","0%","0%"
"*02c4r*","Jon Berti","(N/A)","2B,3B,INF","2172","FA","36","","0","1%","0%"
"*06685*","John Michael Bertrand","SF","SP","2173","FA","28","STL 6<br/>@SF 1","0","0%","0%"
"*06f16*","Jay Beshears","MIA","1B,3B,INF","2174","FA","24","NYM Wed 6:40PM","0","0%","0%"
"*05u9x*","Justin Best","(N/A)","OF","2175","FA","21","","0","0%","0%"
"*06zaw*","Liam Best","STL","SP,RP","2176","FA","23","STL 6<br/>@SF 1","0","0%","0%"
"*06rl6*","Jhostin Betances","LAA","SP","2177","FA","19","@BOS Wed 6:45PM","0","0%","0%"
"*06v28*","Yelinson Betances","LAA","OF","2178","FA","18","@BOS Wed 6:45PM","0","0%","0%"
"*0626r*","Bryant Betancourt","COL","C","2179","FA","22","@NYY Wed 7:05PM","0","1%","0%"
"*06ib0*","Joswal Betancourt","(N/A)","RP","2180","FA","20","","0","0%","0%"
"*076g6*","Yoelvis Betancourt","ATL","C","2181","FA","18","TB Wed 7:15PM","0","0%","0%"
"*05vyo*","Wilson Betemit Jr.","(N/A)","SP","2182","FA","23","","0","0%","0%"
"*06zs7*","Freiker Betencourt","CHC","OF","2183","FA","18","@MIL Wed 7:40PM","0","0%","0%"
"*01sci*","Christian Bethancourt","PIT","C","2184","FA","35","@CHW Wed 7:40PM","0","0%","0%"
"*06647*","Ben Beutel","(N/A)","SP","2185","FA","27","","0","0%","0%"
"*078zl*","Blake Bevis","CHC","1B,INF","2186","FA","23","@MIL Wed 7:40PM","0","0%","0%"
"*0425r*","Dylan Bice","(N/A)","SP,RP","2187","FA","29","","0","0%","0%"
"*06qki*","Calvin Bickerstaff","BOS","RP","2188","FA","24","LAA Wed 6:45PM","0","0%","0%"
"*03109*","Phil Bickford","(N/A)","RP","2189","FA","31","","0","0%","0%"
"*064nn*","Nick Biddison","PHI","3B,INF","2190","FA","26","HOU Wed 6:40PM","0","0%","0%"
"*06r06*","Anderson Bido","(N/A)","RP","2191","FA","27","","0","0%","0%"
"*06uku*","Merlin Bido","BOS","SP","2192","FA","20","LAA Wed 6:45PM","0","0%","0%"
"*04el1*","Brandon Bielak","HOU","RP","2193","FA","30","@PHI Wed 6:40PM","0","0%","0%"
"*06r25*","Frediry Bierd","(N/A)","RP","2194","FA","22","","0","0%","0%"
"*05y9s*","Gabe Bierman","MIA","RP","2195","FA","27","NYM Wed 6:40PM","0","0%","0%"
"*05ylo*","Justice Bigbie","DET","OF","2196","FA","27","MIN 2<br/>@DET 7 F","0","2%","0%"
"*04ptb*","Jax Biggers","HOU","2B,INF","2197","FA","29","@PHI Wed 6:40PM","0","0%","0%"
"*041rv*","Cavan Biggio","HOU","OF","2198","FA","31","@PHI Wed 6:40PM","0","1%","0%"
"*070ce*","George Bilecki","SD","OF","2199","FA","22","WSH 2<br/>@SD 5","0","0%","0%"
"*077rd*","Ryan Bilka","CLE","RP","2200","FA","22","@BAL Wed 6:35PM","0","0%","0%"
"*070d5*","Denton Biller","BAL","RP","2201","FA","21","CLE Wed 6:35PM","0","0%","0%"
"*075f1*","Sam Biller","NYM","OF","2202","FA","24","@MIA Wed 6:40PM","0","0%","0%"
"*04pwm*","Jason Bilous","(N/A)","SP","2203","FA","29","","0","0%","0%"
"*06qo9*","Jacob Bimbi","PIT","RP","2204","FA","24","@CHW Wed 7:40PM","0","0%","0%"
"*05gs9*","Alex Binelas","BOS","1B,INF","2205","FA","26","LAA Wed 6:45PM","0","2%","0%"
"*0701t*","Ethin Bingaman","(N/A)","SP","2206","FA","19","","0","0%","0%"
"*05yo3*","Malik Binns","(N/A)","SP","2207","FA","27","","0","0%","0%"
"*06f1p*","Ryan Birchard","MIL","SP","2208","FA","23","CHC Wed 7:40PM","0","1%","0%"
"*05jr4*","Brandon Birdsell","CHC","SP","2209","FA","26","@MIL Wed 7:40PM","0","3%","0%"
"*06650*","Hayden Birdsong","SF","SP,RP","2210","FA","25","STL 6<br/>@SF 1","0","16%","0%"
"*075gj*","Alex Birge","STL","C","2211","FA","24","STL 6<br/>@SF 1","0","0%","0%"
"*06r0k*","Reid Birlingmair","(N/A)","SP","2212","FA","29","","0","0%","0%"
"*06qyo*","Kyle Bischoff","MIN","RP","2213","FA","27","MIN 2<br/>@DET 7 F","0","0%","0%"
"*04yrm*","Braylon Bishop","(N/A)","OF","2214","FA","23","","0","0%","0%"
"*04267*","Hunter Bishop","(N/A)","OF","2215","FA","28","","0","1%","0%"
"*0791v*","Tristan Bissetta","STL","OF","2216","FA","23","STL 6<br/>@SF 1","0","0%","0%"
"*05yed*","Eric Bitonti","MIL","1B,INF","2217","FA","20","CHC Wed 7:40PM","0","11%","0%"
"*05g4l*","Nick Bitsko","(N/A)","SP,RP","2218","FA","24","","0","1%","0%"
"*06zav*","Tucker Biven","WSH","RP","2219","FA","22","WSH 2<br/>@SD 5","0","0%","0%"
"*078k5*","Mason Bixby","TB","RP","2220","FA","21","@ATL Wed 7:15PM","0","0%","0%"
"*0741i*","Gavin Blachowicz","(N/A)","SP","2221","FA","20","","0","0%","0%"
"*05y4s*","JoJo Blackmon","(N/A)","OF","2222","FA","23","","0","0%","0%"
"*06htz*","Benjamin Blackwell","(N/A)","SS,INF","2223","FA","27","","0","0%","0%"
"*041y9*","Nolan Blackwood","(N/A)","RP","2224","FA","31","","0","0%","0%"
"*06utd*","Alec Blair","(N/A)","OF","2225","FA","19","","0","0%","0%"
"*073kf*","Ben Blair","TB","SP","2226","FA","21","@ATL Wed 7:15PM","0","1%","0%"
"*06hha*","Andy Blake","(N/A)","3B,INF","2227","FA","26","","0","0%","0%"
"*05llu*","Werner Blakely","(N/A)","OF","2228","FA","24","","0","0%","0%"
"*07795*","Tristan Blalock","(N/A)","SP","2229","FA","16","","0","0%","0%"
"*06r6p*","Wilmer Blanca","TOR","OF","2230","FA","19","TOR 0<br/>@ATH 2 F","0","0%","0%"
"*074w0*","Beau Blanchard","CIN","SP","2231","FA","24","@LAD Wed 10:10PM","0","0%","0%"
"*0516u*","Jason Blanchard","(N/A)","SP,RP","2232","FA","29","","0","0%","0%"
"*05yci*","Tony Blanco Jr.","PIT","1B,INF","2233","FA","21","@CHW Wed 7:40PM","0","10%","0%"
"*07775*","Aiberson Blanco","NYM","OF","2234","FA","18","@MIA Wed 6:40PM","0","0%","0%"
"*04mkt*","Dairon Blanco","(N/A)","OF","2235","FA","33","","0","1%","0%"
"*076nd*","Daiverson Blanco","TB","SP,RP","2236","FA","17","@ATL Wed 7:15PM","0","0%","0%"
"*078vs*","Evan Blanco","ATH","SP","2237","FA","23","TOR 0<br/>@ATH 2 F","0","0%","0%"
"*072ob*","Fabricio Blanco","TB","SS,INF","2238","FA","17","@ATL Wed 7:15PM","0","4%","0%"
"*06meg*","Geyber Blanco","(N/A)","2B,INF","2239","FA","20","","0","0%","0%"
"*066qz*","Hader Blanco","(N/A)","RP","2240","FA","21","","0","0%","0%"
"*06hyq*","Kennew Blanco","TOR","SS,INF","2241","FA","19","TOR 0<br/>@ATH 2 F","0","0%","0%"
"*06qy8*","Pedro Blanco","ARI","1B,INF","2242","FA","19","@KC Wed 7:40PM","0","0%","0%"
"*06rnu*","Sebastian Blanco","COL","SS,INF","2243","FA","18","@NYY Wed 7:05PM","0","1%","0%"
"*06umf*","Wilmer Blanco","PHI","SP","2244","FA","22","HOU Wed 6:40PM","0","0%","0%"
"*078k3*","Collin Bland","TB","OF","2245","FA","18","@ATL Wed 7:15PM","0","0%","0%"
"*075gb*","Bobby Blandford","ATH","OF","2246","FA","23","TOR 0<br/>@ATH 2 F","0","0%","0%"
"*06r1g*","Alejandro Blasco","CLE","OF","2247","FA","19","@BAL Wed 6:35PM","0","3%","0%"
"*06ood*","Nathan Blasick","COL","RP","2248","FA","25","@NYY Wed 7:05PM","0","0%","0%"
"*05m1c*","Miguel Bleis","BOS","OF","2249","FA","22","LAA Wed 6:45PM","0","9%","0%"
"*051ct*","A.J. Block","(N/A)","SP","2250","FA","28","","0","0%","0%"
"*06qhq*","Adam Bloebaum","WSH","RP","2251","FA","25","WSH 2<br/>@SD 5","0","0%","0%"
"*05mrr*","Jack Blomgren","(N/A)","SS,INF","2252","FA","27","","0","0%","0%"
"*078gx*","Dylan Blomker","CHC","SP","2253","FA","18","@MIL Wed 7:40PM","0","0%","0%"
"*06dqi*","Jake Bloss","TOR","SP","2254","FA","25","TOR 0<br/>@ATH 2 F","0","10%","0%"
"*07574*","Harry Blum","BOS","RP","2255","FA","24","LAA Wed 6:45PM","0","0%","0%"
"*06qqv*","Josh Blum","NYM","RP","2256","FA","23","@MIA Wed 6:40PM","0","0%","0%"
"*06u79*","Miguelangel Boadas","MIN","SP","2257","FA","23","MIN 2<br/>@DET 7 F","0","0%","0%"
"*06h1o*","Jake Bockenstedt","CHW","SP,RP","2258","FA","26","PIT Wed 7:40PM","0","0%","0%"
"*07033*","Harrison Bodendorf","CLE","SP","2259","FA","22","@BAL Wed 6:35PM","0","0%","0%"
"*06c5r*","Caden Bodine","TB","C","2260","FA","22","@ATL Wed 7:15PM","0","25%","0%"
"*06qis*","Gage Boehm","SEA","RP","2261","FA","24","TEX 1<br/>@SEA 3","0","0%","0%"
"*06qtu*","Bryce Boettcher","HOU","OF","2262","FA","24","@PHI Wed 6:40PM","0","0%","0%"
"*06dnb*","Mike Boeve","MIL","1B,INF","2263","FA","24","CHC Wed 7:40PM","0","4%","0%"
"*06ms1*","Caden Bogenpohl","PHI","OF","2264","FA","21","HOU Wed 6:40PM","0","1%","0%"
"*07669*","Adam Bogosian","WSH","RP","2265","FA","24","WSH 2<br/>@SD 5","0","0%","0%"
"*06ltf*","Adrian Bohorquez","MIN","SP","2266","FA","21","MIN 2<br/>@DET 7 F","0","2%","0%"
"*05gx3*","Jace Bohrofen","TOR","OF","2267","FA","24","TOR 0<br/>@ATH 2 F","0","1%","0%"
"*05tzh*","Branden Boissiere","WSH","1B,INF","2268","FA","26","WSH 2<br/>@SD 5","0","0%","0%"
"*06zg1*","Jake Bold","SD","C","2269","FA","22","WSH 2<br/>@SD 5","0","0%","0%"
"*04eot*","Caleb Bolden","BOS","SP,RP","2270","FA","27","LAA Wed 6:45PM","0","0%","0%"
"*072cs*","Carson Bolemon","SF","SP","2271","FA","19","STL 6<br/>@SF 1","0","3%","0%"
"*072dv*","Grayson Boles","KC","SP","2272","FA","19","ARI Wed 7:40PM","0","0%","0%"
"*06c85*","Andrew Bolivar","STL","RP","2273","FA","20","STL 6<br/>@SF 1","0","0%","0%"
"*06sbh*","Angel Bolivar","(N/A)","SP","2274","FA","20","","0","0%","0%"
"*05rhc*","Luis Bolivar","(N/A)","OF","2275","FA","22","","0","0%","0%"
"*072vu*","Manuel Bolivar","DET","C","2276","FA","18","MIN 2<br/>@DET 7 F","0","1%","0%"
"*06ak8*","Mason Bolivar","(N/A)","OF","2277","FA","20","","0","0%","0%"
"*06mw4*","Moises Bolivar","LAD","3B,INF","2278","FA","19","CIN Wed 10:10PM","0","0%","0%"
"*06hiq*","Matthew Bollenbacher","(N/A)","RP","2279","FA","26","","0","0%","0%"
"*03qkd*","Skye Bolt","(N/A)","OF","2280","FA","32","","0","0%","0%"
"*06o14*","Yander Bonaci","BOS","RP","2281","FA","19","LAA Wed 6:45PM","0","0%","0%"
"*064nt*","Bo Bonds","(N/A)","RP","2282","FA","25","","0","0%","0%"
"*06rue*","Peyton Bonds","SF","OF","2283","FA","21","STL 6<br/>@SF 1","0","1%","0%"
"*06hea*","Caleb Bonemer","CHW","3B,SS,INF","2284","FA","20","PIT Wed 7:40PM","0","46%","0%"
"*06zcf*","Jarrette Bonet","MIL","RP","2285","FA","21","CHC Wed 7:40PM","0","0%","0%"
"*029v2*","Jorge Bonifacio","(N/A)","OF","2286","FA","33","","0","0%","0%"
"*062hy*","Enmanuel Bonilla","TOR","OF","2287","FA","20","TOR 0<br/>@ATH 2 F","0","4%","0%"
"*0689p*","Ezequiel Bonilla","(N/A)","SP","2288","FA","21","","0","0%","0%"
"*072fe*","Fabian Bonilla","BOS","OF","2289","FA","19","LAA Wed 6:45PM","0","0%","0%"
"*064zk*","Peter Bonilla","LAD","RP","2290","FA","21","CIN Wed 10:10PM","0","0%","0%"
"*078kg*","Nick Bonn","STL","RP","2291","FA","22","STL 6<br/>@SF 1","0","0%","0%"
"*0779a*","Landon Bonner","(N/A)","SS,INF","2292","FA","16","","0","0%","0%"
"*05jpl*","Bryce Bonnin","(N/A)","RP","2293","FA","27","","0","0%","0%"
"*06yzj*","Richie Bonomolo","NYY","OF","2294","FA","22","COL Wed 7:05PM","0","0%","0%"
"*06h1z*","Paul Bonzagni","TEX","SP","2295","FA","24","TEX 1<br/>@SEA 3","0","0%","0%"
"*06z9v*","Colton Book","CHC","SP","2296","FA","24","@MIL Wed 7:40PM","0","0%","0%"
"*06kts*","Jake Books","(N/A)","OF","2297","FA","22","","0","0%","0%"
"*05y0d*","Rodney Boone","CLE","SP","2298","FA","26","@BAL Wed 6:35PM","0","0%","0%"
"*051e4*","Trevor Boone","(N/A)","OF","2299","FA","29","","0","0%","0%"
"*072id*","Eric Booth Jr","BAL","OF","2300","FA","18","CLE Wed 6:35PM","0","4%","0%"
"*067xf*","Tim Borden","(N/A)","1B,INF","2301","FA","27","","0","0%","0%"
"*07779*","Oscar Borges","PIT","C","2302","FA","18","@CHW Wed 7:40PM","0","0%","0%"
"*06uhl*","Wilian Bormie","TEX","RP","2303","FA","23","TEX 1<br/>@SEA 3","0","0%","0%"
"*05y3b*","Dario Borrero","(N/A)","1B,INF","2304","FA","22","","0","0%","0%"
"*06yzr*","Coleman Borthwick","SD","3B,INF","2305","FA","18","WSH 2<br/>@SD 5","0","2%","0%"
"*066jh*","Josh Bortka","(N/A)","SP","2306","FA","27","","0","0%","0%"
"*06hvf*","Ethan Bosacker","KC","SP,RP","2307","FA","25","ARI Wed 7:40PM","0","0%","0%"
"*06y7h*","Bobby Boser","ATH","SS,INF","2308","FA","23","TOR 0<br/>@ATH 2 F","0","1%","0%"
"*078vy*","Cody Boshell","ARI","1B,INF","2309","FA","19","@KC Wed 7:40PM","0","0%","0%"
"*04226*","Jacob Bosiokovic","(N/A)","RP","2310","FA","32","","0","0%","0%"
"*0657z*","Julian Bosnic","(N/A)","RP","2311","FA","26","","0","0%","0%"
"*06fpj*","Josh Bostick","SF","SP","2312","FA","24","STL 6<br/>@SF 1","0","1%","0%"
"*02n8i*","David Bote","LAD","2B,3B,INF","2313","FA","33","CIN Wed 10:10PM","0","0%","0%"
"*072zt*","Ty Bothwell","WSH","SP","2314","FA","26","WSH 2<br/>@SD 5","0","0%","0%"
"*078p4*","Alec Bouchard","MIN","SP","2315","FA","21","MIN 2<br/>@DET 7 F","0","0%","0%"
"*06qso*","Alex Bouchard","BOS","SP","2316","FA","23","LAA Wed 6:45PM","0","0%","0%"
"*04ejn*","Sean Bouchard","(N/A)","OF","2317","FA","30","","0","0%","0%"
"*06gjc*","Adam Boucher","WSH","RP","2318","FA","24","WSH 2<br/>@SD 5","0","0%","0%"
"*06gjg*","Pier-Olivier Boucher","(N/A)","OF","2319","FA","26","","0","0%","0%"
"*072jg*","Tyler Boudreau","NYY","RP","2320","FA","23","COL Wed 7:05PM","0","0%","0%"
"*0703b*","Matthew Boughton","CHW","SS,INF","2321","FA","20","PIT Wed 7:40PM","0","0%","0%"
"*078fq*","Evan Bouldin","PHI","3B,INF","2322","FA","22","HOU Wed 6:40PM","0","0%","0%"
"*06gj5*","Ryan Bourassa","(N/A)","RP","2323","FA","26","","0","0%","0%"
"*060hu*","Caleb Boushley","(N/A)","RP","2324","FA","32","","0","0%","0%"
"*066la*","Kristofer Bow","(N/A)","SP","2325","FA","25","","0","0%","0%"
"*06yuf*","Blake Bowen","(N/A)","OF","2326","FA","18","","0","0%","0%"
"*066lp*","Darren Bowen","MIN","SP,RP","2327","FA","25","MIN 2<br/>@DET 7 F","0","0%","0%"
"*078gu*","Dylan Bowen","CIN","SS,INF","2328","FA","19","@LAD Wed 10:10PM","0","0%","0%"
"*06cqa*","Karson Bowen","(N/A)","C,1B,INF","2329","FA","22","","0","0%","0%"
"*070cf*","Tyler Bowen","PHI","RP","2330","FA","23","HOU Wed 6:40PM","0","0%","0%"
"*05rd7*","TT Bowens","(N/A)","1B,INF","2331","FA","28","","0","0%","0%"
"*065uy*","Sam Bower","SF","SP","2332","FA","25","STL 6<br/>@SF 1","0","0%","0%"
"*072wi*","Jack Bowery","SEA","SP","2333","FA","23","TEX 1<br/>@SEA 3","0","0%","0%"
"*06yjw*","Cody Bowker","PHI","SP","2334","FA","22","HOU Wed 6:40PM","0","2%","0%"
"*05xou*","Cooper Bowman","(N/A)","2B,INF,OF","2335","FA","26","","0","1%","0%"
"*06s3h*","Kaleb Bowman","MIL","RP","2336","FA","29","CHC Wed 7:40PM","0","0%","0%"
"*02n53*","Matt Bowman","MIN","RP","2337","FA","35","MIN 2<br/>@DET 7 F","0","0%","0%"
"*05jrl*","Drew Bowser","CHC","3B,INF","2338","FA","24","@MIL Wed 7:40PM","0","0%","0%"
"*064nf*","Emaarion Boyd","MIA","OF","2339","FA","22","NYM Wed 6:40PM","0","1%","0%"
"*06gj9*","Jeremiah Boyd","ARI","C","2340","FA","26","@KC Wed 7:40PM","0","0%","0%"
"*0630m*","Justin Boyd","(N/A)","OF","2341","FA","25","","0","0%","0%"
"*05188*","Logan Boyer","(N/A)","RP","2342","FA","28","","0","0%","0%"
"*068yb*","Ryan Boyer","(N/A)","RP","2343","FA","29","","0","0%","0%"
"*03qqw*","Michael Boyle","(N/A)","RP","2344","FA","32","","0","0%","0%"
"*04q78*","Sean Boyle","SD","SP","2345","FA","29","WSH 2<br/>@SD 5","0","0%","0%"
"*077y1*","Kyle Boylston","SEA","OF","2346","FA","21","TEX 1<br/>@SEA 3","0","0%","0%"
"*06yzi*","Greg Bozzo","NYY","C","2347","FA","24","COL Wed 7:05PM","0","0%","0%"
"*078lr*","Ty Brachbill","SD","SP","2348","FA","22","WSH 2<br/>@SD 5","0","0%","0%"
"*06jfk*","Angel Brachi","MIA","2B,INF","2349","FA","19","NYM Wed 6:40PM","0","0%","0%"
"*04l97*","Aaron Bracho","(N/A)","3B,INF","2350","FA","25","","0","1%","0%"
"*075kw*","David Bracho","CHC","SP,RP","2351","FA","21","@MIL Wed 7:40PM","0","0%","0%"
"*0731r*","Oswaldo Bracho","CLE","OF","2352","FA","17","@BAL Wed 6:35PM","0","0%","0%"
"*03djz*","Silvino Bracho","(N/A)","RP","2353","FA","34","","0","0%","0%"
"*05jre*","Enrique Bradfield Jr.","BAL","OF","2354","FA","24","CLE Wed 6:35PM","0","21%","0%"
"*05yas*","Nicholas Bradley","(N/A)","SP","2355","FA","18","","0","0%","0%"
"*04pvf*","Davis Bradshaw","(N/A)","OF","2356","FA","28","","0","0%","0%"
"*06hry*","Tyler Bradt","STL","RP","2357","FA","25","STL 6<br/>@SF 1","0","0%","0%"
"*0668j*","Ryan Brady","(N/A)","RP","2358","FA","27","","0","0%","0%"
"*07657*","Yosangel Braffit","MIN","SP","2359","FA","18","MIN 2<br/>@DET 7 F","0","0%","0%"
"*06fzr*","Braxton Bragg","BAL","SP","2360","FA","25","CLE Wed 6:35PM","0","4%","0%"
"*06hpv*","Kade Bragg","MIA","RP","2361","FA","25","NYM Wed 6:40PM","0","0%","0%"
"*077nj*","Aidan Brainard","TEX","SP","2362","FA","22","TEX 1<br/>@SEA 3","0","0%","0%"
"*066jg*","Trey Braithwaite","(N/A)","SP","2363","FA","28","","0","0%","0%"
"*066e6*","Spencer Bramwell","MIA","C","2364","FA","27","NYM Wed 6:40PM","0","0%","0%"
"*078k1*","Kolby Branch","TEX","3B,INF","2365","FA","23","TEX 1<br/>@SEA 3","0","0%","0%"
"*05ogu*","Stevie Branche","(N/A)","RP","2366","FA","29","","0","0%","0%"
"*066ck*","Jonathan Brand","TEX","RP","2367","FA","26","TEX 1<br/>@SEA 3","0","0%","0%"
"*06300*","Brooks Brannon","BOS","C","2368","FA","22","LAA Wed 6:45PM","0","3%","0%"
"*025e9*","Rob Brantly","(N/A)","C","2369","FA","37","","0","0%","0%"
"*078l9*","Cody Brasch","SF","SP","2370","FA","22","STL 6<br/>@SF 1","0","0%","0%"
"*021jb*","Ryan Brasier","(N/A)","RP","2371","FA","39","","0","0%","0%"
"*0680a*","Mason Brassfield","(N/A)","OF","2372","FA","21","","0","0%","0%"
"*05yh7*","Michael Braswell","KC","3B,INF","2373","FA","24","ARI Wed 7:40PM","0","0%","0%"
"*06zr3*","Corey Braun","ATH","SP","2374","FA","23","TOR 0<br/>@ATH 2 F","0","0%","0%"
"*06f18*","Lucas Braun","KC","SP","2375","FA","25","ARI Wed 7:40PM","0","7%","0%"
"*0737p*","Mason Braun","(N/A)","1B,INF","2376","FA","19","","0","0%","0%"
"*06yzh*","Logan Braunschweig","ATL","OF","2377","FA","23","TB Wed 7:15PM","0","0%","0%"
"*06uo8*","Ayendy Bravo","(N/A)","RP","2378","FA","19","","0","0%","0%"
"*06z3z*","Damian Bravo","SF","OF","2379","FA","23","STL 6<br/>@SF 1","0","0%","0%"
"*06rqg*","Jhorman Bravo","BOS","SS,INF","2380","FA","18","LAA Wed 6:45PM","0","0%","0%"
"*076ry*","Royner Bravo","NYM","OF","2381","FA","17","@MIA Wed 6:40PM","0","0%","0%"
"*06icb*","Bralyn Brazoban","PIT","OF","2382","FA","20","@CHW Wed 7:40PM","0","1%","0%"
"*06qxy*","Anthwan Brea","BAL","OF","2383","FA","19","CLE Wed 6:35PM","0","0%","0%"
"*06sug*","Jhose Brea","ATH","SP,RP","2384","FA","18","TOR 0<br/>@ATH 2 F","0","0%","0%"
"*06ukr*","Victor Brea","(N/A)","RP","2385","FA","23","","0","0%","0%"
"*06ugr*","Hunter Breault","(N/A)","RP","2386","FA","27","","0","0%","0%"
"*04pmj*","Josh Breaux","(N/A)","C","2387","FA","28","","0","0%","0%"
"*05ybz*","Brody Brecht","COL","SP","2388","FA","23","@NYY Wed 7:05PM","0","12%","0%"
"*06zaz*","Alex Breckheimer","STL","RP","2389","FA","22","STL 6<br/>@SF 1","0","0%","0%"
"*06yzg*","Austin Breedlove","NYY","RP","2390","FA","22","COL Wed 7:05PM","0","0%","0%"
"*04q5d*","Bradley Brehmer","BAL","RP","2391","FA","26","CLE Wed 6:35PM","0","0%","0%"
"*04ehe*","Noah Bremer","(N/A)","SP,RP","2392","FA","30","","0","0%","0%"
"*06icx*","Tyler Bremner","LAA","SP","2393","FA","22","@BOS Wed 6:45PM","0","44%","0%"
"*06ph1*","Payton Brennan","(N/A)","OF","2394","FA","23","","0","0%","0%"
"*04psf*","Tim Brennan","(N/A)","SP,RP","2395","FA","29","","0","0%","0%"
"*077nz*","Jack Brenner","ATL","C","2396","FA","19","TB Wed 7:15PM","0","0%","0%"
"*031d3*","Jake Brentz","(N/A)","RP","2397","FA","31","","0","0%","0%"
"*06ht3*","Jacob Bresnahan","SF","SP","2398","FA","21","STL 6<br/>@SF 1","0","11%","0%"
"*06qgs*","Ivan Brethowr","PIT","OF","2399","FA","23","@CHW Wed 7:40PM","0","1%","0%"
"*02bt3*","Colten Brewer","(N/A)","RP","2400","FA","33","","0","0%","0%"
"*078tm*","Garrett Brewer","COL","RP","2401","FA","21","@NYY Wed 7:05PM","0","0%","0%"
"*06qla*","Hoss Brewer","NYM","RP","2402","FA","25","@MIA Wed 6:40PM","0","0%","0%"
"*078ju*","Landon Brewer","TEX","SP","2403","FA","18","TEX 1<br/>@SEA 3","0","0%","0%"
"*056j9*","Michael Brewer","(N/A)","RP","2404","FA","26","","0","0%","0%"
"*06r78*","Easton Breyfogle","(N/A)","OF","2405","FA","21","","0","0%","0%"
"*066d9*","Will Brian","NYY","RP","2406","FA","27","COL Wed 7:05PM","0","0%","0%"
"*03amr*","Endrys Briceno","(N/A)","RP","2407","FA","34","","0","0%","0%"
"*031s7*","Jose Briceno","(N/A)","C","2408","FA","33","","0","0%","0%"
"*0637j*","Josue Briceno","DET","C,1B,INF","2409","FA","21","MIN 2<br/>@DET 7 F","0","42%","0%"
"*074vn*","Leandro Briceno","KC","SS,INF","2410","FA","17","ARI Wed 7:40PM","0","0%","0%"
"*06r08*","Miguel Briceno","MIN","OF","2411","FA","23","MIN 2<br/>@DET 7 F","0","0%","0%"
"*06yzu*","Will Brick","TOR","C","2412","FA","18","TOR 0<br/>@ATH 2 F","0","0%","0%"
"*051db*","Trevor Brigden","(N/A)","RP","2413","FA","30","","0","0%","0%"
"*03dbv*","Jeff Brigham","(N/A)","RP","2414","FA","34","","0","0%","0%"
"*0648i*","Trace Bright","BAL","SP,RP","2415","FA","25","CLE Wed 6:35PM","0","1%","0%"
"*041qn*","Bryson Brigman","(N/A)","2B,INF","2416","FA","31","","0","0%","0%"
"*06rob*","Juan Brima","ARI","2B,INF","2417","FA","18","@KC Wed 7:40PM","0","0%","0%"
"*0778f*","Shane Brinham","(N/A)","SP","2418","FA","19","","0","0%","0%"
"*06za0*","Jake Brink","CIN","SP","2419","FA","23","@LAD Wed 10:10PM","0","0%","0%"
"*06qui*","Nick Brink","MIA","SP","2420","FA","24","NYM Wed 6:40PM","0","0%","0%"
"*06me7*","Anderson Brito","TB","SP","2421","FA","22","@ATL Wed 7:15PM","0","12%","0%"
"*06am2*","Biembenido Brito","(N/A)","SP","2422","FA","23","","0","0%","0%"
"*06qxl*","Chris Brito","KC","1B,INF","2423","FA","26","ARI Wed 7:40PM","0","0%","0%"
"*07300*","Dawvris Brito","BOS","SS,INF","2424","FA","17","LAA Wed 6:45PM","0","1%","0%"
"*06kvf*","Edwin Brito","(N/A)","OF","2425","FA","19","","0","0%","0%"
"*06avx*","Erick Brito","PHI","3B,SS,INF","2426","FA","24","HOU Wed 6:40PM","0","0%","0%"
"*06rqh*","Heins Brito","CLE","SS,INF","2427","FA","18","@BAL Wed 6:35PM","0","0%","0%"
"*07612*","Jean Brito","NYM","SP","2428","FA","20","@MIA Wed 6:40PM","0","0%","0%"
"*06r3g*","Josue Brito","BOS","1B,INF","2429","FA","19","LAA Wed 6:45PM","0","2%","0%"
"*063do*","Moises Brito","(N/A)","RP","2430","FA","24","","0","0%","0%"
"*06s36*","Raul Brito","MIN","RP","2431","FA","29","MIN 2<br/>@DET 7 F","0","0%","0%"
"*06kui*","Roldy Brito","COL","2B,INF,OF","2432","FA","19","@NYY Wed 7:05PM","0","24%","0%"
"*06hpx*","Logan Britt","(N/A)","SP","2433","FA","26","","0","0%","0%"
"*062zv*","Rhett Britt","(N/A)","SP","2434","FA","19","","0","0%","0%"
"*06htm*","Rio Britton","ARI","RP","2435","FA","23","@KC Wed 7:40PM","0","0%","0%"
"*06u6e*","Ricardo Brizuela","(N/A)","SP","2436","FA","23","","0","0%","0%"
"*05162*","Kyle Brnovich","COL","SP","2437","FA","28","@NYY Wed 7:05PM","0","0%","0%"
"*05y9p*","Taylor Broadway","(N/A)","RP","2438","FA","29","","0","0%","0%"
"*06ugq*","Jesus Broca","MIL","RP","2439","FA","22","CHC Wed 7:40PM","0","0%","0%"
"*077rx*","Brendan Brock","NYY","C","2440","FA","22","COL Wed 7:05PM","0","0%","0%"
"*06dn9*","Julian Brock","TEX","C","2441","FA","25","TEX 1<br/>@SEA 3","0","0%","0%"
"*06575*","T.J. Brock","TOR","RP","2442","FA","27","TOR 0<br/>@ATH 2 F","0","1%","0%"
"*075kr*","Jackson Brockett","CHC","RP","2443","FA","23","@MIL Wed 7:40PM","0","0%","0%"
"*06z9z*","Luke Broderick","COL","RP","2444","FA","22","@NYY Wed 7:05PM","0","0%","0%"
"*06qri*","Sam Brodersen","WSH","RP","2445","FA","24","WSH 2<br/>@SD 5","0","0%","0%"
"*06hug*","Bryan Broecker","TB","C","2446","FA","24","@ATL Wed 7:15PM","0","0%","0%"
"*0665n*","Archer Brookman","ATL","C","2447","FA","27","TB Wed 7:15PM","0","0%","0%"
"*06zcx*","Daniel Brooks","ATL","SP","2448","FA","23","TB Wed 7:15PM","0","1%","0%"
"*077zx*","Jack Brooks","WSH","OF","2449","FA","22","WSH 2<br/>@SD 5","0","0%","0%"
"*060vg*","Jake Brooks","COL","SP","2450","FA","25","@NYY Wed 7:05PM","0","0%","0%"
"*075gi*","Michael Brooks","ATH","SS,INF","2451","FA","24","TOR 0<br/>@ATH 2 F","0","0%","0%"
"*06sub*","Robert Brooks","(N/A)","C","2452","FA","27","","0","0%","0%"
"*077zy*","Ryder Brooks","SF","RP","2453","FA","22","STL 6<br/>@SF 1","0","0%","0%"
"*06qo6*","Steven Brooks","BOS","SP","2454","FA","23","LAA Wed 6:45PM","0","0%","0%"
"*0420f*","Trenton Brooks","HOU","UT","2455","FA","31","@PHI Wed 6:40PM","0","0%","0%"
"*077nd*","Parker Brosius","ATL","OF","2456","FA","23","TB Wed 7:15PM","0","0%","0%"
"*04ylg*","Mike Brosseau","(N/A)","1B,INF","2457","FA","32","","0","0%","0%"
"*06pfg*","Joey Broughton","MIL","SP","2458","FA","20","CHC Wed 7:40PM","0","1%","0%"
"*078hw*","Tre Broussard","CLE","OF","2459","FA","20","@BAL Wed 6:35PM","0","0%","0%"
"*05yc7*","Aaron Brown","(N/A)","SP,RP","2460","FA","27","","0","0%","0%"
"*072yp*","Andrew Brown","(N/A)","OF","2461","FA","15","","0","0%","0%"
"*0779r*","Austin Brown","NYM","RP","2462","FA","21","@MIA Wed 6:40PM","0","0%","0%"
"*072j4*","Blaine Brown","(N/A)","OF,SP","2463","FA","20","","0","0%","0%"
"*05r5i*","Blake Brown","WSH","RP","2464","FA","28","WSH 2<br/>@SD 5","0","0%","0%"
"*05gx1*","Cam Brown","(N/A)","RP","2465","FA","24","","0","0%","0%"
"*06tlc*","Cam Brown","(N/A)","RP","2466","FA","28","","0","0%","0%"
"*06qtz*","Canyon Brown","KC","C","2467","FA","23","ARI Wed 7:40PM","0","0%","0%"
"*07786*","Colt Brown","(N/A)","C","2468","FA","19","","0","0%","0%"
"*0512s*","Dasan Brown","(N/A)","OF","2469","FA","24","","0","1%","0%"
"*06qrb*","Dawson Brown","ARI","RP","2470","FA","25","@KC Wed 7:40PM","0","0%","0%"
"*05u9t*","Devonte Brown","(N/A)","OF","2471","FA","26","","0","0%","0%"
"*06zrd*","Dylan Brown","BOS","SP","2472","FA","22","LAA Wed 6:45PM","0","4%","0%"
"*070c3*","Ely Brown","CHW","OF","2473","FA","22","PIT Wed 7:40PM","0","0%","0%"
"*060jp*","Eric Brown","MIL","2B,INF","2474","FA","25","CHC Wed 7:40PM","0","2%","0%"
"*0766c*","Graham Brown","MIN","OF","2475","FA","25","MIN 2<br/>@DET 7 F","0","0%","0%"
"*06l5g*","Jake Brown","SEA","OF","2476","FA","21","TEX 1<br/>@SEA 3","0","0%","0%"
"*06qjg*","Jessada Brown","MIA","C","2477","FA","23","NYM Wed 6:40PM","0","0%","0%"
"*06mdm*","Juan Brown","CIN","OF","2478","FA","19","@LAD Wed 10:10PM","0","0%","0%"
"*072dt*","Kade Brown","(N/A)","RP","2479","FA","22","","0","0%","0%"
"*066ep*","Marcus Brown","HOU","2B,3B,SS,INF","2480","FA","24","@PHI Wed 6:40PM","0","0%","0%"
"*05rg5*","McCade Brown","COL","SP","2481","FA","26","@NYY Wed 7:05PM","0","3%","0%"
"*06gih*","Ryan Brown","LAD","RP","2482","FA","23","CIN Wed 10:10PM","0","0%","0%"
"*06hsf*","Ryan Brown","ATH","SP,RP","2483","FA","25","TOR 0<br/>@ATH 2 F","0","0%","0%"
"*06h1x*","Sam Brown","WSH","1B,INF","2484","FA","24","WSH 2<br/>@SD 5","0","0%","0%"
"*03qvr*","Seth Brown","(N/A)","OF","2485","FA","34","","0","1%","0%"
"*05y6h*","Vaun Brown","(N/A)","OF","2486","FA","28","","0","0%","0%"
"*0792l*","Wilneyker Bruce","BOS","1B,2B,3B,INF","2487","FA","17","LAA Wed 6:45PM","0","0%","0%"
"*06xzy*","Kevin Bruggeman","LAA","1B,INF","2488","FA","25","@BOS Wed 6:45PM","0","0%","0%"
"*0744r*","Cristofer Brujan","CLE","SP","2489","FA","18","@BAL Wed 6:35PM","0","0%","0%"
"*072i2*","Carson Brumbaugh","(N/A)","SS,INF","2490","FA","19","","0","0%","0%"
"*05tuq*","Gavin Bruni","WSH","RP","2491","FA","23","WSH 2<br/>@SD 5","0","0%","0%"
"*06rtb*","Alam Bruno","ARI","SS,INF","2492","FA","18","@KC Wed 7:40PM","0","0%","0%"
"*05jqo*","Ryan Bruno","ARI","RP","2493","FA","24","@KC Wed 7:40PM","0","0%","0%"
"*05t9h*","Maddux Bruns","LAD","SP","2494","FA","24","CIN Wed 10:10PM","0","5%","0%"
"*06kqz*","Chase Brunson","WSH","OF","2495","FA","21","WSH 2<br/>@SD 5","0","0%","0%"
"*06mip*","Thomas Bruss","DET","RP","2496","FA","27","MIN 2<br/>@DET 7 F","0","0%","0%"
"*06ujq*","Drew Brutcher","HOU","OF","2497","FA","24","@PHI Wed 6:40PM","0","1%","0%"
"*064n6*","Ben Brutti","CIN","RP","2498","FA","23","@LAD Wed 10:10PM","0","0%","0%"
"*064or*","Daniel Bruzual","(N/A)","C","2499","FA","21","","0","0%","0%"
"*06r3v*","Brooks Bryan","KC","C","2500","FA","22","ARI Wed 7:40PM","0","0%","0%"
"*077zs*","Tyler Bryan","MIN","RP","2501","FA","22","MIN 2<br/>@DET 7 F","0","0%","0%"
"*078la*","Beau Bryans","SF","SP","2502","FA","22","STL 6<br/>@SF 1","0","0%","0%"
"*077c7*","Blake Bryant","ARI","SP","2503","FA","19","@KC Wed 7:40PM","0","0%","0%"
"*01ubo*","Kris Bryant","COL","UT","2504","FA","34","@NYY Wed 7:05PM","0","3%","0%"
"*06s3g*","Tyler Bryant","MIL","RP","2505","FA","27","CHC Wed 7:40PM","0","0%","0%"
"*05rem*","Zach Bryant","TEX","RP","2506","FA","28","TEX 1<br/>@SEA 3","0","0%","0%"
"*060p1*","Yasmil Bucce","BAL","1B,INF","2507","FA","22","CLE Wed 6:35PM","0","1%","0%"
"*07010*","Daniel Bucciero","ATH","3B,INF","2508","FA","21","TOR 0<br/>@ATH 2 F","0","0%","0%"
"*077o8*","Matthew Bucciero","CHW","OF","2509","FA","21","PIT Wed 7:40PM","0","0%","0%"
"*02h9b*","David Buchanan","(N/A)","SP","2510","FA","37","","0","0%","0%"
"*06yzf*","Micah Bucknam","TOR","SP","2511","FA","23","TOR 0<br/>@ATH 2 F","0","1%","0%"
"*057z9*","Brayan Buelvas","ATH","OF","2512","FA","24","TOR 0<br/>@ATH 2 F","0","1%","0%"
"*06r12*","Ismauri Bueno","(N/A)","RP","2513","FA","19","","0","0%","0%"
"*06agm*","Jesus Bugarin","(N/A)","OF","2514","FA","24","","0","0%","0%"
"*03dsj*","J.B. Bukauskas","MIL","RP","2515","FA","29","CHC Wed 7:40PM","0","1%","0%"
"*070c6*","Blaine Bullard","TOR","OF","2516","FA","20","TOR 0<br/>@ATH 2 F","0","4%","0%"
"*06hiy*","Tony Bullard","(N/A)","1B,INF","2517","FA","26","","0","0%","0%"
"*06r73*","Brody Bumila","TEX","SP","2518","FA","18","TEX 1<br/>@SEA 3","0","2%","0%"
"*078rm*","Fabio Bundi","MIA","SP","2519","FA","22","NYM Wed 6:40PM","0","0%","0%"
"*06aqo*","Cade Bunnell","(N/A)","1B,INF","2520","FA","29","","0","0%","0%"
"*05uk0*","Tyler Burch","(N/A)","RP","2521","FA","29","","0","0%","0%"
"*077og*","Clay Burdette","CHW","OF","2522","FA","22","PIT Wed 7:40PM","0","0%","0%"
"*0665m*","Colin Burgess","ATL","C","2523","FA","25","TB Wed 7:15PM","0","0%","0%"
"*0792q*","Daniel Burgos","CIN","RP","2524","FA","17","@LAD Wed 10:10PM","0","0%","0%"
"*06rn5*","David Burgos","(N/A)","RP","2525","FA","20","","0","0%","0%"
"*06rtu*","Deivid Burgos","CIN","RP","2526","FA","21","@LAD Wed 10:10PM","0","0%","0%"
"*05uy6*","Jorge Burgos","TOR","1B,INF","2527","FA","24","TOR 0<br/>@ATH 2 F","0","0%","0%"
"*0731f*","Justin Burgos","PHI","SP","2528","FA","17","HOU Wed 6:40PM","0","0%","0%"
"*06rts*","Luis Burgos","ATH","SP","2529","FA","21","TOR 0<br/>@ATH 2 F","0","0%","0%"
"*06rtr*","Roberto Burgos","(N/A)","RP","2530","FA","22","","0","0%","0%"
"*06su8*","Yerlin Burgos","ATH","RP","2531","FA","18","TOR 0<br/>@ATH 2 F","0","0%","0%"
"*05yc2*","Garrett Burhenn","DET","SP","2532","FA","26","MIN 2<br/>@DET 7 F","0","0%","0%"
"*062jb*","Blake Burke","MIL","1B,INF","2533","FA","23","CHC Wed 7:40PM","0","24%","0%"
"*06584*","Jacob Burke","CHW","OF","2534","FA","25","PIT Wed 7:40PM","0","1%","0%"
"*06heo*","Langston Burkett","(N/A)","RP","2535","FA","21","","0","0%","0%"
"*06mnj*","Griffin Burkholder","PHI","OF","2536","FA","21","HOU Wed 6:40PM","0","11%","0%"
"*06qpa*","Grant Burleson","HOU","RP","2537","FA","23","@PHI Wed 6:40PM","0","0%","0%"
"*06ywi*","Robbie Burnett","NYY","OF","2538","FA","23","COL Wed 7:05PM","0","0%","0%"
"*0614e*","Jimmy Burnette","(N/A)","RP","2539","FA","27","","0","0%","0%"
"*06ekn*","Connor Burns","CIN","C","2540","FA","24","@LAD Wed 10:10PM","0","0%","0%"
"*06qsk*","Mason Burns","STL","RP","2541","FA","24","STL 6<br/>@SF 1","0","0%","0%"
"*06hh9*","Peter Burns","LAA","C","2542","FA","26","@BOS Wed 6:45PM","0","0%","0%"
"*04mtq*","Tanner Burns","CLE","RP","2543","FA","27","@BAL Wed 6:35PM","0","2%","0%"
"*078p9*","Thomas Burns","MIN","RP","2544","FA","22","MIN 2<br/>@DET 7 F","0","0%","0%"
"*03qkx*","Ryan Burr","(N/A)","RP","2545","FA","32","","0","0%","0%"
"*06uw2*","Braden Burress","(N/A)","OF","2546","FA","20","","0","0%","0%"
"*067y4*","Drew Burress","ATH","OF","2547","FA","21","TOR 0<br/>@ATH 2 F","0","6%","0%"
"*0668r*","Ryan Burrowes","CHW","2B,3B,SS,INF","2548","FA","22","PIT Wed 7:40PM","0","1%","0%"
"*03pj3*","Beau Burrows","PIT","RP","2549","FA","29","@CHW Wed 7:40PM","0","0%","0%"
"*060u9*","Max Burt","DET","2B,3B,INF","2550","FA","30","MIN 2<br/>@DET 7 F","0","0%","0%"
"*031hh*","Alan Busenitz","(N/A)","RP","2551","FA","36","","0","0%","0%"
"*067xh*","Homer Bush Jr.","TB","OF","2552","FA","24","@ATL Wed 7:15PM","0","3%","0%"
"*05tpz*","Ky Bush","CHW","SP","2553","FA","26","PIT Wed 7:40PM","0","4%","0%"
"*06hq3*","Will Bush","HOU","C,1B,INF","2554","FA","22","@PHI Wed 6:40PM","0","1%","0%"
"*06r7z*","Jack Bushell","DET","RP","2555","FA","20","MIN 2<br/>@DET 7 F","0","0%","0%"
"*078l6*","Charlie Bussey","SF","1B,INF","2556","FA","22","STL 6<br/>@SF 1","0","0%","0%"
"*066aw*","Alex Bustamante","(N/A)","RP","2557","FA","26","","0","0%","0%"
"*06r0e*","Omar Bustamante","DET","C","2558","FA","21","MIN 2<br/>@DET 7 F","0","0%","0%"
"*06akp*","Anielson Buten","CIN","OF","2559","FA","20","@LAD Wed 10:10PM","0","0%","0%"
"*06qu8*","Aiden Butler","SEA","SP","2560","FA","22","TEX 1<br/>@SEA 3","0","0%","0%"
"*066fx*","Connor Butler","(N/A)","RP","2561","FA","26","","0","0%","0%"
"*05tuu*","Jonny Butler","(N/A)","OF","2562","FA","27","","0","0%","0%"
"*077mz*","Malachi Butler","(N/A)","SS,INF","2563","FA","17","","0","0%","0%"
"*077qh*","Tazwell Butler","HOU","RP","2564","FA","23","@PHI Wed 6:40PM","0","0%","0%"
"*06qnj*","Brandon Butterworth","BAL","2B,SS,INF","2565","FA","24","CLE Wed 6:35PM","0","1%","0%"
"*078rh*","Porter Buursema","MIA","RP","2566","FA","21","NYM Wed 6:40PM","0","0%","0%"
"*066k5*","Ike Buxton","(N/A)","SP,RP","2567","FA","26","","0","0%","0%"
"*06z3y*","Ben Bybee","SF","RP","2568","FA","23","STL 6<br/>@SF 1","0","0%","0%"
"*078s8*","Justin Byrd","LAA","RP","2569","FA","22","@BOS Wed 6:45PM","0","0%","0%"
"*06qjh*","Myles Caba","LAD","RP","2570","FA","25","CIN Wed 10:10PM","0","0%","0%"
"*066mx*","Starlyn Caba","MIA","SS,INF","2571","FA","20","NYM Wed 6:40PM","0","13%","0%"
"*06qsc*","Juan Cabada","CHC","2B,INF","2572","FA","18","@MIL Wed 7:40PM","0","3%","0%"
"*06bkv*","Jorge Caballero","(N/A)","OF","2573","FA","26","","0","0%","0%"
"*06qf1*","Ryan Cabarcas","BAL","RP","2574","FA","25","CLE Wed 6:35PM","0","0%","0%"
"*03qko*","Trey Cabbage","(N/A)","OF","2575","FA","29","","0","0%","0%"
"*06sb5*","Brayan Cabello","SF","RP","2576","FA","22","STL 6<br/>@SF 1","0","0%","0%"
"*060q4*","Diosfran Cabeza","ARI","1B,INF","2577","FA","23","@KC Wed 7:40PM","0","0%","0%"
"*06sb9*","Johan Cabeza","CIN","SP","2578","FA","20","@LAD Wed 10:10PM","0","0%","0%"
"*06sb8*","Yeremmy Cabeza","COL","SP","2579","FA","22","@NYY Wed 7:05PM","0","0%","0%"
"*06c8v*","Aiven Cabral","ATL","SP","2580","FA","22","TB Wed 7:15PM","0","0%","0%"
"*072vt*","Edelson Cabral","ATL","SS,INF","2581","FA","17","TB Wed 7:15PM","0","0%","0%"
"*072p6*","Evan Cabral","(N/A)","3B,INF,SP","2582","FA","19","","0","0%","0%"
"*06rky*","Ismael Cabral","TB","SP","2583","FA","22","@ATL Wed 7:15PM","0","0%","0%"
"*064vv*","Jhon Cabral","CHC","RP","2584","FA","21","@MIL Wed 7:40PM","0","0%","0%"
"*062es*","Riquelmin Cabral","(N/A)","3B,INF","2585","FA","23","","0","0%","0%"
"*076s7*","Victor Cabreja","PIT","RP","2586","FA","24","@CHW Wed 7:40PM","0","0%","0%"
"*06ul1*","Baldemix Cabrera","(N/A)","SP","2587","FA","23","","0","0%","0%"
"*072yl*","Christopher Cabrera","(N/A)","1B,3B,INF","2588","FA","15","","0","0%","0%"
"*05gcu*","Daniel Cabrera","DET","OF","2589","FA","28","MIN 2<br/>@DET 7 F","0","1%","0%"
"*040cf*","Genesis Cabrera","(N/A)","RP","2590","FA","29","","0","0%","0%"
"*06rpb*","Jan Cabrera","STL","SP","2591","FA","21","STL 6<br/>@SF 1","0","0%","0%"
"*05ww7*","Jean Cabrera","PHI","SP","2592","FA","24","HOU Wed 6:40PM","0","2%","0%"
"*0558s*","Jeisson Cabrera","BAL","RP","2593","FA","28","CLE Wed 6:35PM","0","0%","0%"
"*06rp1*","Jose Cabrera","(N/A)","RP","2594","FA","21","","0","0%","0%"
"*066m9*","Manuel Cabrera","WSH","1B,INF","2595","FA","20","WSH 2<br/>@SD 5","0","0%","0%"
"*066m1*","Marwys Cabrera","KC","SP","2596","FA","20","ARI Wed 7:40PM","0","0%","0%"
"*05rjo*","Ricky Cabrera","CIN","3B,INF","2597","FA","21","@LAD Wed 10:10PM","0","4%","0%"
"*05rcx*","Romtres Cabrera","(N/A)","OF","2598","FA","22","","0","0%","0%"
"*06cf4*","Roni Cabrera","KC","OF","2599","FA","21","ARI Wed 7:40PM","0","1%","0%"
"*06c3v*","Yeremy Cabrera","WSH","OF","2600","FA","21","WSH 2<br/>@SD 5","0","6%","0%"
"*06uut*","Yojancel Cabrera","LAA","OF","2601","FA","18","@BOS Wed 6:45PM","0","0%","0%"
"*06suu*","Yovanny Cabrera","(N/A)","RP","2602","FA","25","","0","0%","0%"
"*06mmx*","Juneiker Caceres","CLE","OF","2603","FA","19","@BAL Wed 6:35PM","0","28%","0%"
"*06144*","Kelvin Caceres","(N/A)","RP","2604","FA","26","","0","0%","0%"
"*06ife*","Sebastian Cadiz","CLE","1B,INF","2605","FA","20","@BAL Wed 6:35PM","0","0%","0%"
"*0730s*","Xavier Cadiz","CHC","SS,INF","2606","FA","17","@MIL Wed 7:40PM","0","0%","0%"
"*06rtn*","Jose Caguana","(N/A)","C","2607","FA","24","","0","0%","0%"
"*06rl5*","Luis Caicuto","PHI","C","2608","FA","23","HOU Wed 6:40PM","0","0%","0%"
"*072cv*","Brandon Cain","PIT","RP","2609","FA","22","@CHW Wed 7:40PM","0","0%","0%"
"*06pg0*","Tegan Cain","PHI","RP","2610","FA","23","HOU Wed 6:40PM","0","0%","0%"
"*0513m*","Christian Cairo","PHI","2B,3B,SS,INF,OF","2611","FA","25","HOU Wed 6:40PM","0","1%","0%"
"*06z9a*","Frank Cairone","MIL","SP","2612","FA","18","CHC Wed 7:40PM","0","2%","0%"
"*05js2*","David Calabrese","TOR","OF","2613","FA","23","TOR 0<br/>@ATH 2 F","0","1%","0%"
"*06htx*","Anthony Calarco","(N/A)","1B,INF","2614","FA","27","","0","0%","0%"
"*066mo*","Robert Calaz","COL","OF","2615","FA","20","@NYY Wed 7:05PM","0","14%","0%"
"*06sbz*","Johan Calcano","ARI","RP","2616","FA","19","@KC Wed 7:40PM","0","0%","0%"
"*06r9a*","Warren Calcano","KC","SS,INF","2617","FA","18","ARI Wed 7:40PM","0","1%","0%"
"*06r15*","Omar Calcurian","SF","RP","2618","FA","21","STL 6<br/>@SF 1","0","0%","0%"
"*06rk6*","Fernando Caldera","(N/A)","C","2619","FA","23","","0","0%","0%"
"*06rju*","Francisco Caldera","(N/A)","UT","2620","FA","20","","0","0%","0%"
"*06r05*","Augusto Calderon","(N/A)","SP","2621","FA","25","","0","0%","0%"
"*06hsw*","Jaeden Calderon","PHI","1B,INF","2622","FA","20","HOU Wed 6:40PM","0","0%","0%"
"*077qs*","Luis Calderon","BOS","SP","2623","FA","19","LAA Wed 6:45PM","0","0%","0%"
"*061lp*","Yorlin Calderon","(N/A)","RP","2624","FA","25","","0","0%","0%"
"*06qp6*","Michael Caldon","BAL","SP,RP","2625","FA","23","CLE Wed 6:35PM","0","0%","0%"
"*06agr*","Slade Caldwell","ARI","OF","2626","FA","20","@KC Wed 7:40PM","0","21%","0%"
"*078k2*","Hudson Calhoun","TEX","RP","2627","FA","22","TEX 1<br/>@SEA 3","0","0%","0%"
"*0315r*","Willie Calhoun","(N/A)","UT","2628","FA","31","","0","0%","0%"
"*06hq8*","Caleb Cali","SEA","3B,INF","2629","FA","26","TEX 1<br/>@SEA 3","0","0%","0%"
"*076l2*","Carl Calixte","PIT","OF","2630","FA","19","@CHW Wed 7:40PM","0","0%","0%"
"*072eo*","Chase Call","HOU","OF","2631","FA","24","@PHI Wed 6:40PM","0","0%","0%"
"*05y78*","Austin Callahan","(N/A)","1B,2B,3B,INF","2632","FA","25","","0","0%","0%"
"*051hf*","Blair Calvo","(N/A)","RP","2633","FA","30","","0","0%","0%"
"*06if0*","Jeison Calvo","(N/A)","RP","2634","FA","20","","0","0%","0%"
"*06yce*","Osiris Calvo","(N/A)","SP","2635","FA","22","","0","0%","0%"
"*077rz*","Kyle Calzadiaz","PIT","RP","2636","FA","23","@CHW Wed 7:40PM","0","0%","0%"
"*06hig*","Gerson Calzadilla","(N/A)","SP","2637","FA","22","","0","0%","0%"
"*070kt*","Yojanser Calzado","CIN","OF","2638","FA","19","@LAD Wed 10:10PM","0","0%","0%"
"*076rq*","Keiberg Camacaro","SF","SS,INF","2639","FA","20","STL 6<br/>@SF 1","0","0%","0%"
"*06rgi*","Angel Camacho","(N/A)","RP","2640","FA","22","","0","0%","0%"
"*077z6*","Gabe Camacho","STL","1B,INF","2641","FA","20","STL 6<br/>@SF 1","0","0%","0%"
"*06qze*","Jose Camacho","LAA","1B,INF","2642","FA","19","@BOS Wed 6:45PM","0","0%","0%"
"*06ul0*","Kevin Camacho","CHC","SP,RP","2643","FA","21","@MIL Wed 7:40PM","0","0%","0%"
"*06mw7*","Reiver Camacho","COL","RP","2644","FA","19","@NYY Wed 7:05PM","0","0%","0%"
"*06nl7*","Santiago Camacho","SF","C,1B,INF","2645","FA","19","STL 6<br/>@SF 1","0","0%","0%"
"*02c65*","Daniel Camarena","(N/A)","SP,RP","2646","FA","33","","0","0%","0%"
"*06qns*","Ali Camarillo","ATH","SS,INF","2647","FA","23","TOR 0<br/>@ATH 2 F","0","0%","0%"
"*06zcv*","Frank Camarillo","NYM","RP","2648","FA","22","@MIA Wed 6:40PM","0","0%","0%"
"*06ugx*","Jesus Camejo","(N/A)","RP","2649","FA","25","","0","0%","0%"
"*066cl*","Mario Camilletti","CHW","3B,INF","2650","FA","27","PIT Wed 7:40PM","0","0%","0%"
"*0730l*","Efrailin Caminero","ATL","SP","2651","FA","17","TB Wed 7:15PM","0","0%","0%"
"*062e0*","Cam Caminiti","ATL","SP","2652","FA","20","TB Wed 7:15PM","0","47%","0%"
"*06427*","Alain Camou","(N/A)","2B,INF","2653","FA","22","","0","0%","0%"
"*075gn*","Joe Campagna","DET","C","2654","FA","29","MIN 2<br/>@DET 7 F","0","0%","0%"
"*04ym5*","Sergio Campana","(N/A)","OF","2655","FA","24","","0","0%","0%"
"*06drp*","Clayton Campbell","DET","1B,INF","2656","FA","22","MIN 2<br/>@DET 7 F","0","0%","0%"
"*06ekr*","Dylan Campbell","CHW","OF","2657","FA","24","PIT Wed 7:40PM","0","1%","0%"
"*04q6c*","Isaiah Campbell","ARI","RP","2658","FA","29","@KC Wed 7:40PM","0","1%","0%"
"*066ad*","Jacob Campbell","(N/A)","OF","2659","FA","26","","0","0%","0%"
"*051e9*","Justin Campbell","CLE","SP","2660","FA","25","@BAL Wed 6:35PM","0","6%","0%"
"*06id3*","Kayden Campbell","(N/A)","RP","2661","FA","22","","0","0%","0%"
"*06f0q*","Kristian Campbell","BOS","2B,INF","2662","ThePhils","24","LAA Wed 6:45PM","0","46%","0%"
"*04eso*","Paul Campbell","CHC","SP","2663","FA","31","@MIL Wed 7:40PM","0","0%","0%"
"*06rtw*","Alexander Campos","TB","RP","2664","FA","23","@ATL Wed 7:15PM","0","0%","0%"
"*064wh*","Chris Campos","LAD","SP","2665","FA","26","CIN Wed 10:10PM","0","0%","0%"
"*06rim*","Daniel Campos","CHC","C","2666","FA","20","@MIL Wed 7:40PM","0","0%","0%"
"*06rjw*","Diego Campos","(N/A)","C","2667","FA","19","","0","0%","0%"
"*05r61*","Elio Campos","(N/A)","2B,3B,INF","2668","FA","0","","0","0%","0%"
"*06ru0*","Manuel Campos","ATL","SS,INF","2669","FA","18","TB Wed 7:15PM","0","0%","0%"
"*059tv*","Roberto Campos","DET","OF","2670","FA","23","MIN 2<br/>@DET 7 F","0","2%","0%"
"*06o0g*","Ryan Campos","STL","C","2671","FA","23","STL 6<br/>@SF 1","0","1%","0%"
"*06rtx*","Ulices Campos","(N/A)","SP","2672","FA","24","","0","0%","0%"
"*06o10*","Hector Campusano","BAL","2B,INF","2673","FA","19","CLE Wed 6:35PM","0","0%","0%"
"*076ss*","Hendrick Cana","STL","SP","2674","FA","18","STL 6<br/>@SF 1","0","0%","0%"
"*04hi6*","Alexander Canario","(N/A)","OF","2675","FA","26","","0","1%","0%"
"*03qmu*","Gabriel Cancel","(N/A)","3B,SS,INF","2676","FA","29","","0","0%","0%"
"*06hvx*","Jarrod Cande","COL","SP","2677","FA","27","@NYY Wed 7:05PM","0","0%","0%"
"*04nau*","Wilmin Candelario","(N/A)","SS,INF","2678","FA","24","","0","0%","0%"
"*06o0d*","Clark Candiotti","SD","SP","2679","FA","26","WSH 2<br/>@SD 5","0","0%","0%"
"*071hf*","Edelson Canelon","MIA","RP","2680","FA","18","NYM Wed 6:40PM","0","0%","0%"
"*025eo*","Mark Canha","(N/A)","OF","2681","FA","37","","0","1%","0%"
"*06c1j*","Cam Cannarella","MIA","OF","2682","jd","23","NYM Wed 6:40PM","0","29%","0%"
"*06qnk*","Will Cannon","CIN","RP","2683","FA","23","@LAD Wed 10:10PM","0","0%","0%"
"*06alz*","Gregori Cano","(N/A)","1B,INF","2684","FA","22","","0","0%","0%"
"*06jh6*","Ichiro Cano","CIN","1B,3B,INF","2685","FA","21","@LAD Wed 10:10PM","0","1%","0%"
"*0511v*","Matt Canterino","MIN","SP","2686","FA","28","MIN 2<br/>@DET 7 F","0","2%","0%"
"*05gs5*","Hayden Cantrelle","CHC","2B,SS,INF","2687","FA","27","@MIL Wed 7:40PM","0","0%","0%"
"*072cu*","Luke Cantwell","SD","1B,INF","2688","FA","23","WSH 2<br/>@SD 5","0","0%","0%"
"*078jv*","Alfredo Capacete","TEX","1B,INF,RP","2689","FA","21","TEX 1<br/>@SEA 3","0","0%","0%"
"*041sb*","Conner Capel","COL","OF","2690","FA","29","@NYY Wed 7:05PM","0","0%","0%"
"*06jbi*","Justin Capellan","NYY","C","2691","FA","20","COL Wed 7:05PM","0","0%","0%"
"*061zk*","Samuel Capellan","(N/A)","OF","2692","FA","21","","0","0%","0%"
"*06qu7*","Brooks Caple","CHC","SP","2693","FA","24","@MIL Wed 7:40PM","0","2%","0%"
"*05yge*","Francesco Capocci","(N/A)","RP","2694","FA","22","","0","0%","0%"
"*05110*","Yiddi Cappe","(N/A)","2B,INF","2695","FA","24","","0","1%","0%"
"*04q26*","Vinny Capra","BOS","3B,SS,INF","2696","FA","30","LAA Wed 6:45PM","0","1%","0%"
"*06qrj*","Balian Caraballo","(N/A)","OF","2697","FA","20","","0","0%","0%"
"*06rp4*","Brandy Caraballo","(N/A)","OF","2698","FA","20","","0","0%","0%"
"*06rp3*","Heriberto Caraballo","STL","C","2699","FA","21","STL 6<br/>@SF 1","0","0%","0%"
"*06r3z*","Jan Caraballo","DET","RP","2700","FA","22","MIN 2<br/>@DET 7 F","0","0%","0%"
"*06ya5*","Miguel Caraballo","MIN","C","2701","FA","18","MIN 2<br/>@DET 7 F","0","1%","0%"
"*06r11*","Uilfe Caraballo","(N/A)","SP","2702","FA","21","","0","0%","0%"
"*075io*","Owen Carapellotti","TOR","C","2703","FA","23","TOR 0<br/>@ATH 2 F","0","0%","0%"
"*06cq4*","Trent Caraway","(N/A)","3B,INF","2704","FA","22","","0","0%","0%"
"*06maw*","Anderson Cardenas","ARI","RP","2705","FA","20","@KC Wed 7:40PM","0","0%","0%"
"*05y2j*","Noah Cardenas","MIN","C","2706","FA","26","MIN 2<br/>@DET 7 F","0","0%","0%"
"*04pyz*","Ruben Cardenas","(N/A)","OF","2707","FA","28","","0","0%","0%"
"*06zcu*","Xavier Cardenas","MIA","RP","2708","FA","23","NYM Wed 6:40PM","0","0%","0%"
"*06cqw*","Ryan Cardona","(N/A)","SP","2709","FA","26","","0","0%","0%"
"*06rgr*","Victor Cardoza","PHI","OF","2710","FA","20","HOU Wed 6:40PM","0","0%","0%"
"*055cd*","Kristian Cardozo","(N/A)","RP","2711","FA","23","","0","0%","0%"
"*074bt*","Ronald Cardozo","CHW","C","2712","FA","17","PIT Wed 7:40PM","0","1%","0%"
"*06r6y*","Enmanuel Carela","WSH","RP","2713","FA","19","WSH 2<br/>@SD 5","0","0%","0%"
"*04z6l*","Juan Carela","CHW","SP","2714","FA","24","PIT Wed 7:40PM","0","1%","0%"
"*064ov*","Leny Carela","(N/A)","2B,INF","2715","FA","21","","0","0%","0%"
"*077sa*","Dylan Carey","NYM","SS,INF","2716","FA","23","@MIA Wed 6:40PM","0","0%","0%"
"*060ul*","Jack Carey","(N/A)","RP","2717","FA","26","","0","0%","0%"
"*06qrv*","Owen Carey","ATL","OF","2718","FA","20","TB Wed 7:15PM","0","3%","0%"
"*06uw3*","Tate Carey","(N/A)","SP","2719","FA","20","","0","0%","0%"
"*06su2*","Luis Carias","LAD","SP","2720","FA","21","CIN Wed 10:10PM","0","0%","0%"
"*0622v*","Michael Carico","CHC","C","2721","FA","24","@MIL Wed 7:40PM","0","0%","0%"
"*072o2*","Juan Caricote","TOR","C","2722","FA","17","TOR 0<br/>@ATH 2 F","0","1%","0%"
"*06r1f*","Carlos Caripa","CLE","OF","2723","FA","19","@BAL Wed 6:35PM","0","0%","0%"
"*07929*","Cooper Carlgren","(N/A)","SP,RP","2724","FA","23","","0","0%","0%"
"*0790o*","Sam Carlisle","NYM","SP,RP","2725","FA","22","@MIA Wed 6:40PM","0","0%","0%"
"*072im*","Cole Carlon","TOR","SP,RP","2726","FA","21","TOR 0<br/>@ATH 2 F","0","2%","0%"
"*06alq*","Billy Carlson","CHW","SS,INF","2727","FA","20","PIT Wed 7:40PM","0","27%","0%"
"*05ygx*","Max Carlson","BOS","RP","2728","FA","24","LAA Wed 6:45PM","0","0%","0%"
"*06zdi*","Parker Carlson","NYM","RP","2729","FA","23","@MIA Wed 6:40PM","0","0%","0%"
"*04ef1*","Sam Carlson","PHI","RP","2730","FA","27","HOU Wed 6:40PM","0","1%","0%"
"*06c5m*","Kyler Carmack","PHI","RP","2731","FA","23","HOU Wed 6:40PM","0","0%","0%"
"*06k7s*","Easton Carmichael","PIT","C","2732","FA","22","@CHW Wed 7:40PM","0","2%","0%"
"*06rhx*","Angel Carmona","ATL","SS,INF","2733","FA","18","TB Wed 7:15PM","0","0%","0%"
"*06rqx*","Kelvin Carmona","(N/A)","RP","2734","FA","20","","0","0%","0%"
"*06hti*","Dylan Carmouche","CHW","SP","2735","FA","25","PIT Wed 7:40PM","0","0%","0%"
"*077r1*","Bryan Carney","HOU","SP","2736","FA","22","@PHI Wed 6:40PM","0","0%","0%"
"*06iew*","Hunter Carns","(N/A)","C","2737","FA","21","","0","0%","0%"
"*06lt9*","Carlos Caro","PIT","2B,INF","2738","FA","21","@CHW Wed 7:40PM","0","0%","0%"
"*06oo3*","Josh Caron","SEA","C","2739","FA","23","TEX 1<br/>@SEA 3","0","1%","0%"
"*066lb*","D.J. Carpenter","STL","RP","2740","FA","26","STL 6<br/>@SF 1","0","0%","0%"
"*077nk*","Kaden Carpenter","TEX","OF","2741","FA","23","TEX 1<br/>@SEA 3","0","0%","0%"
"*06qnz*","Michael Carpenter","MIN","SP","2742","FA","22","MIN 2<br/>@DET 7 F","0","0%","0%"
"*06s37*","Alan Carpinteiro","SEA","SP","2743","FA","19","TEX 1<br/>@SEA 3","0","0%","0%"
"*06z59*","Leonardo Carpio","(N/A)","OF","2744","FA","18","","0","0%","0%"
"*06mca*","Samuel Carpio","MIA","RP","2745","FA","23","NYM Wed 6:40PM","0","0%","0%"
"*05yhi*","Jared Carr","(N/A)","OF","2746","FA","27","","0","0%","0%"
"*075f2*","Jordan Carr","HOU","RP","2747","FA","29","@PHI Wed 6:40PM","0","0%","0%"
"*06dmq*","Kyle Carr","NYY","SP","2748","FA","24","COL Wed 7:05PM","0","2%","0%"
"*06qvk*","Peyton Carr","(N/A)","1B,3B,INF","2749","FA","24","","0","0%","0%"
"*06ukz*","Carlos Carra","MIL","SP,RP","2750","FA","19","CHC Wed 7:40PM","0","0%","0%"
"*04b3k*","Deury Carrasco","(N/A)","RP","2751","FA","26","","0","0%","0%"
"*05h7i*","Luis Carrasco","ATH","SP,RP","2752","FA","24","TOR 0<br/>@ATH 2 F","0","0%","0%"
"*06v6f*","Luis Carrasco","ARI","RP","2753","FA","21","@KC Wed 7:40PM","0","0%","0%"
"*06jh0*","Carlos Carrasquel","(N/A)","SS,INF","2754","FA","19","","0","0%","0%"
"*05jp6*","Burl Carraway","(N/A)","RP","2755","FA","27","","0","0%","0%"
"*06sbc*","Nicolas Carreno","NYM","RP","2756","FA","20","@MIA Wed 6:40PM","0","1%","0%"
"*07613*","Alonso Carrera","TB","RP","2757","FA","21","@ATL Wed 7:15PM","0","0%","0%"
"*06tvi*","David Carrera","NYY","OF","2758","FA","20","COL Wed 7:05PM","0","0%","0%"
"*06c86*","Emisael Carrera","(N/A)","SP","2759","FA","20","","0","0%","0%"
"*06img*","Jesus Carrera","HOU","RP","2760","FA","21","@PHI Wed 6:40PM","0","0%","0%"
"*04yj9*","Julio Carreras","CIN","2B,3B,INF","2761","FA","26","@LAD Wed 10:10PM","0","0%","0%"
"*06zww*","Yamvier Carrero","ATL","SS,INF","2762","FA","20","TB Wed 7:15PM","0","0%","0%"
"*060ud*","Lorenzo Carrier","COL","OF","2763","FA","23","@NYY Wed 7:05PM","0","0%","0%"
"*06tl5*","Alex Carrillo","SF","RP","2764","FA","29","STL 6<br/>@SF 1","0","0%","0%"
"*06tl4*","Alvaro Carrillo","(N/A)","RP","2765","FA","21","","0","0%","0%"
"*062yz*","Oliver Carrillo","(N/A)","1B,INF","2766","FA","24","","0","0%","0%"
"*0744l*","Carlos Carrion","STL","SS,INF","2767","FA","17","STL 6<br/>@SF 1","0","0%","0%"
"*06ro0*","Andrew Carson","(N/A)","RP","2768","FA","26","","0","0%","0%"
"*04p0h*","Diego Cartaya","(N/A)","C","2769","FA","25","","0","4%","0%"
"*06bpr*","Yeiber Cartaya","BAL","SP,RP","2770","FA","23","CLE Wed 6:35PM","0","1%","0%"
"*075lb*","Dylan Carter","SF","RP","2771","FA","25","STL 6<br/>@SF 1","0","0%","0%"
"*06agt*","Greysen Carter","NYY","SP","2772","FA","23","COL Wed 7:05PM","0","1%","0%"
"*05uy2*","Irv Carter","TOR","RP","2773","FA","23","TOR 0<br/>@ATH 2 F","0","1%","0%"
"*078f6*","John Carver","HOU","RP","2774","FA","22","@PHI Wed 6:40PM","0","0%","0%"
"*061bm*","Ross Carver","(N/A)","RP","2775","FA","27","","0","0%","0%"
"*0731c*","Esterlin Casanova","BOS","SS,INF","2776","FA","17","LAA Wed 6:45PM","0","0%","0%"
"*0731t*","Sebastian Casanova","TOR","SS,INF","2777","FA","17","TOR 0<br/>@ATH 2 F","0","0%","0%"
"*04de1*","Triston Casas","BOS","1B,INF","2778","FA","26","LAA Wed 6:45PM","0","37%","0%"
"*072ep*","Mikey Cascino","LAA","SP","2779","FA","19","@BOS Wed 6:45PM","0","0%","0%"
"*04q02*","Brad Case","(N/A)","RP","2780","FA","29","","0","0%","0%"
"*06zzb*","Tommy Case","LAD","SP","2781","FA","19","CIN Wed 10:10PM","0","0%","0%"
"*075kf*","Sebastian Caseres","LAA","RP","2782","FA","18","@BOS Wed 6:45PM","0","0%","0%"
"*04erx*","Donovan Casey","(N/A)","OF","2783","FA","30","","0","0%","0%"
"*06z0p*","Jake Casey","TOR","OF","2784","FA","23","TOR 0<br/>@ATH 2 F","0","1%","0%"
"*06quz*","Yanuel Casiano","CIN","C","2785","FA","19","@LAD Wed 10:10PM","0","0%","0%"
"*064of*","Luichi Casilla","COL","SP","2786","FA","21","@NYY Wed 7:05PM","0","0%","0%"
"*05no0*","Jiorgeny Casimiri","(N/A)","RP","2787","FA","25","","0","0%","0%"
"*06qnh*","Connor Caskenette","MIA","C","2788","FA","24","NYM Wed 6:40PM","0","0%","0%"
"*06nzs*","Conrad Cason","BOS","SP","2789","FA","20","LAA Wed 6:45PM","0","3%","0%"
"*06zdh*","Brandon Cassedy","HOU","SP","2790","FA","22","@PHI Wed 6:40PM","0","0%","0%"
"*06hhk*","Xavier Casserilla","(N/A)","3B,INF","2791","FA","23","","0","0%","0%"
"*06rjj*","Estanlin Cassiani","(N/A)","OF","2792","FA","23","","0","0%","0%"
"*061yk*","Marcos Castanon","SD","2B,3B,INF","2793","FA","27","WSH 2<br/>@SD 5","0","0%","0%"
"*077oe*","Kyle Casteel","CHW","SP","2794","FA","18","PIT Wed 7:40PM","0","0%","0%"
"*06rk4*","Alejandro Castellano","(N/A)","C","2795","FA","19","","0","0%","0%"
"*06qx3*","Angelo Castellano","(N/A)","2B,SS,INF","2796","FA","31","","0","0%","0%"
"*075tr*","Dominic Castellano","SEA","RP","2797","FA","23","TEX 1<br/>@SEA 3","0","0%","0%"
"*078ol*","Diego Castellanos","NYY","OF","2798","FA","21","COL Wed 7:05PM","0","0%","0%"
"*050if*","Humberto Castellanos","(N/A)","RP","2799","FA","28","","0","0%","0%"
"*06rm5*","Santiago Castellanos","MIN","SP","2800","FA","18","MIN 2<br/>@DET 7 F","0","1%","0%"
"*06v4q*","Nate Castellon","(N/A)","SS,INF","2801","FA","20","","0","0%","0%"
"*073sc*","Diego Castelo","SD","SP","2802","FA","17","WSH 2<br/>@SD 5","0","0%","0%"
"*0777i*","Angel Castillo","TB","RP","2803","FA","24","@ATL Wed 7:15PM","0","0%","0%"
"*050ym*","Brayan Castillo","COL","RP","2804","FA","25","@NYY Wed 7:05PM","0","0%","0%"
"*06ams*","Byron Castillo","LAA","OF","2805","FA","20","@BOS Wed 6:45PM","0","0%","0%"
"*06c9z*","Carlos Castillo","PIT","SP","2806","FA","20","@CHW Wed 7:40PM","0","0%","0%"
"*0731y*","Carlos Castillo","LAA","OF","2807","FA","17","@BOS Wed 6:45PM","0","0%","0%"
"*06r5h*","Darian Castillo","SD","2B,INF","2808","FA","19","WSH 2<br/>@SD 5","0","0%","0%"
"*06qy3*","Deuri Castillo","SEA","1B,INF,OF","2809","FA","22","TEX 1<br/>@SEA 3","0","0%","0%"
"*041me*","Diego Castillo","(N/A)","RP","2810","FA","32","","0","0%","0%"
"*04vnr*","Diego Castillo","TEX","SS,INF","2811","FA","28","TEX 1<br/>@SEA 3","0","0%","0%"
"*06rnp*","Haritzon Castillo","MIN","SS,INF","2812","FA","18","MIN 2<br/>@DET 7 F","0","1%","0%"
"*06r1k*","Hector Castillo","CLE","RP","2813","FA","19","@BAL Wed 6:35PM","0","0%","0%"
"*06rqr*","Isaias Castillo","NYY","OF","2814","FA","18","COL Wed 7:05PM","0","1%","0%"
"*06m61*","Jackson Castillo","NYY","OF","2815","FA","23","COL Wed 7:05PM","0","0%","0%"
"*062l1*","Jesus Castillo","PIT","1B,2B,3B,INF","2816","FA","23","@CHW Wed 7:40PM","0","0%","0%"
"*02new*","Jose Castillo","(N/A)","RP","2817","FA","30","","0","0%","0%"
"*07493*","Joshddy Castillo","BAL","OF","2818","FA","17","CLE Wed 6:35PM","0","0%","0%"
"*06ri2*","Juan Castillo","COL","C","2819","FA","23","@NYY Wed 7:05PM","0","0%","0%"
"*07692*","Keisther Castillo","KC","SP","2820","FA","18","ARI Wed 7:40PM","0","0%","0%"
"*05rhs*","Kenny Castillo","ARI","C","2821","FA","22","@KC Wed 7:40PM","0","0%","0%"
"*06dqm*","Kevyn Castillo","LAA","OF","2822","FA","21","@BOS Wed 6:45PM","0","1%","0%"
"*061v8*","Luis Castillo","MIL","OF","2823","FA","22","CHC Wed 7:40PM","0","0%","0%"
"*05yoe*","Luis F. Castillo","(N/A)","SP","2824","FA","31","","0","0%","0%"
"*04k4u*","Max Castillo","(N/A)","SP","2825","FA","27","","0","0%","0%"
"*06148*","Moises Castillo","(N/A)","SS,INF","2826","FA","27","","0","0%","0%"
"*04o38*","Neyfy Castillo","(N/A)","1B,INF,OF","2827","FA","25","","0","0%","0%"
"*06sbk*","Raymi Castillo","(N/A)","RP","2828","FA","20","","0","0%","0%"
"*05xng*","Rayner Castillo","DET","SP","2829","FA","22","MIN 2<br/>@DET 7 F","0","0%","0%"
"*06ksb*","Ruben Castillo","(N/A)","SP","2830","FA","25","","0","0%","0%"
"*06rhu*","Ruben Castillo","NYY","OF","2831","FA","18","COL Wed 7:05PM","0","0%","0%"
"*0646e*","Walin Castillo","MIA","SP,RP","2832","FA","21","NYM Wed 6:40PM","0","0%","0%"
"*076rw*","Wesly Castillo","TEX","OF","2833","FA","18","TEX 1<br/>@SEA 3","0","0%","0%"
"*06rjk*","Wilkelma Castillo","(N/A)","RP","2834","FA","26","","0","0%","0%"
"*05t5j*","Wilton Castillo","(N/A)","SP","2835","FA","26","","0","0%","0%"
"*06qh5*","Winifer Castillo","(N/A)","OF","2836","FA","19","","0","0%","0%"
"*06mfs*","Yeiferth Castillo","CLE","OF","2837","FA","19","@BAL Wed 6:35PM","0","0%","0%"
"*06icj*","Yolfran Castillo","TEX","3B,SS,INF","2838","FA","19","TEX 1<br/>@SEA 3","0","12%","0%"
"*061yp*","Allan Castro","BOS","OF","2839","FA","23","LAA Wed 6:45PM","0","1%","0%"
"*066n0*","Ariel Castro","(N/A)","OF","2840","FA","20","","0","0%","0%"
"*06ugw*","Felix Castro","ATH","RP","2841","FA","22","TOR 0<br/>@ATH 2 F","0","0%","0%"
"*02zma*","Harold Castro","(N/A)","3B,SS,INF","2842","FA","32","","0","0%","0%"
"*06rnj*","Jesus Castro","(N/A)","C","2843","FA","22","","0","0%","0%"
"*075my*","Jesus Castro","SD","SP","2844","FA","19","WSH 2<br/>@SD 5","0","2%","0%"
"*078zj*","Jorhan Castro","BOS","C","2845","FA","18","LAA Wed 6:45PM","0","0%","0%"
"*06kvb*","Jose Castro","MIA","OF","2846","FA","19","NYM Wed 6:40PM","0","1%","0%"
"*06l0k*","Jose Castro","NYY","OF","2847","FA","20","COL Wed 7:05PM","0","0%","0%"
"*06r6r*","Kendry Castro","SF","SP,RP","2848","FA","19","STL 6<br/>@SF 1","0","0%","0%"
"*02yhb*","Luis Castro","(N/A)","1B,3B,INF,OF","2849","FA","30","","0","0%","0%"
"*0620l*","Manuel Castro","SD","RP","2850","FA","24","WSH 2<br/>@SD 5","0","0%","0%"
"*0351m*","Miguel Castro","(N/A)","RP","2851","FA","31","","0","0%","0%"
"*06u72*","Ricky Castro","MIN","SP,RP","2852","FA","27","MIN 2<br/>@DET 7 F","0","0%","0%"
"*042c1*","Rodolfo Castro","(N/A)","SS,INF","2853","FA","27","","0","0%","0%"
"*05y5x*","Sebastian Castro","(N/A)","OF","2854","FA","22","","0","0%","0%"
"*06ba7*","Yon Castro","(N/A)","SP","2855","FA","27","","0","0%","0%"
"*050nq*","Neraldo Catalina","(N/A)","SP","2856","FA","26","","0","0%","0%"
"*04oul*","Tim Cate","(N/A)","RP","2857","FA","28","","0","0%","0%"
"*06quj*","Austin Cates","TOR","SP","2858","FA","23","TOR 0<br/>@ATH 2 F","0","0%","0%"
"*06qnq*","Everett Catlett","COL","SP,RP","2859","FA","24","@NYY Wed 7:05PM","0","0%","0%"
"*06ako*","Pedro Catuy","ARI","OF","2860","FA","20","@KC Wed 7:40PM","0","0%","0%"
"*0792b*","Ciaran Caughey","(N/A)","SP,RP","2861","FA","22","","0","0%","0%"
"*06ezq*","Carlos Cauro","HOU","UT","2862","FA","21","@PHI Wed 6:40PM","0","0%","0%"
"*06oo4*","A.J. Causey","ATH","SP,RP","2863","FA","23","TOR 0<br/>@ATH 2 F","0","1%","0%"
"*050w8*","Keoni Cavaco","(N/A)","SS,INF","2864","FA","25","","0","2%","0%"
"*02bul*","Jake Cave","CHW","OF","2865","FA","33","PIT Wed 7:40PM","0","0%","0%"
"*0776a*","Braulio Cavero","TEX","OF","2866","FA","20","TEX 1<br/>@SEA 3","0","0%","0%"
"*06qoe*","Zachary Cawyer","KC","RP","2867","FA","23","ARI Wed 7:40PM","0","0%","0%"
"*06kru*","Argenis Cayama","SF","SP","2868","FA","19","STL 6<br/>@SF 1","0","6%","0%"
"*06mpl*","Juan Cazarez","SEA","SP","2869","FA","21","TEX 1<br/>@SEA 3","0","0%","0%"
"*066b6*","Sabin Ceballos","SF","3B,INF","2870","FA","24","STL 6<br/>@SF 1","0","1%","0%"
"*06yze*","Jack Cebert","WSH","RP","2871","FA","24","WSH 2<br/>@SD 5","0","2%","0%"
"*06hna*","Adler Cecil","SD","RP","2872","FA","21","WSH 2<br/>@SD 5","0","0%","0%"
"*06mpn*","Edward Cedano","ATL","RP","2873","FA","20","TB Wed 7:15PM","0","0%","0%"
"*06rt9*","Emmanuel Cedeno","TB","2B,INF","2874","FA","18","@ATL Wed 7:15PM","0","0%","0%"
"*062hm*","Jose Cedeno","(N/A)","C","2875","FA","21","","0","0%","0%"
"*0768z*","Jose Cedeno","CLE","SP","2876","FA","17","@BAL Wed 6:35PM","0","0%","0%"
"*06c37*","Keywill Cedeno","(N/A)","RP","2877","FA","21","","0","0%","0%"
"*04gge*","Leandro Cedeno","(N/A)","1B,INF","2878","FA","28","","0","0%","0%"
"*06qsd*","Mani Cedeno","NYY","SS,INF","2879","FA","18","COL Wed 7:05PM","0","2%","0%"
"*057p6*","Nerwilian Cedeno","(N/A)","OF","2880","FA","24","","0","0%","0%"
"*03qxs*","Blake Cederlind","SD","RP","2881","FA","30","WSH 2<br/>@SD 5","0","0%","0%"
"*03ytg*","Lorenzo Cedrola","(N/A)","OF","2882","FA","28","","0","0%","0%"
"*05mx9*","Felnin Celesten","SEA","SS,INF","2883","FA","20","TEX 1<br/>@SEA 3","0","35%","0%"
"*076rr*","Yeisy Celesten","TEX","2B,INF","2884","FA","21","TEX 1<br/>@SEA 3","0","0%","0%"
"*03vum*","Gilberto Celestino","(N/A)","OF","2885","FA","27","","0","0%","0%"
"*05191*","Brendan Cellucci","TOR","RP","2886","FA","28","TOR 0<br/>@ATH 2 F","0","0%","0%"
"*06qoq*","Chase Centala","SEA","RP","2887","FA","24","TEX 1<br/>@SEA 3","0","0%","0%"
"*073ud*","Delio Centeno","LAD","SP","2888","FA","17","CIN Wed 10:10PM","0","0%","0%"
"*038hy*","Juan Centeno","ARI","C","2889","FA","36","@KC Wed 7:40PM","0","0%","0%"
"*066ms*","Angel Cepeda","CHC","3B,SS,INF","2890","FA","20","@MIL Wed 7:40PM","0","2%","0%"
"*060pg*","Felix Cepeda","NYM","SP,RP","2891","FA","26","@MIA Wed 6:40PM","0","0%","0%"
"*06akx*","Geisel Cepeda","(N/A)","OF","2892","FA","28","","0","0%","0%"
"*06v6e*","Luis Cepeda","ARI","SP","2893","FA","19","@KC Wed 7:40PM","0","0%","0%"
"*05y3v*","Ryan Cepero","(N/A)","SS,INF","2894","FA","23","","0","0%","0%"
"*0529m*","Allan Cerda","(N/A)","OF","2895","FA","26","","0","1%","0%"
"*05m6g*","Christian Cerda","ARI","C","2896","FA","23","@KC Wed 7:40PM","0","1%","0%"
"*072aq*","Derek Cerda","CHW","OF","2897","FA","23","PIT Wed 7:40PM","0","0%","0%"
"*06kvg*","Jose Cerice","KC","1B,3B,INF","2898","FA","21","ARI Wed 7:40PM","0","0%","0%"
"*06hwf*","Brady Cerkownyk","WSH","C","2899","FA","23","WSH 2<br/>@SD 5","0","0%","0%"
"*0622m*","Ryan Cermak","TB","OF","2900","FA","25","@ATL Wed 7:15PM","0","1%","0%"
"*05xox*","Logan Cerny","(N/A)","OF","2901","FA","26","","0","0%","0%"
"*06rmf*","Angel Cervantes","(N/A)","SP","2902","FA","19","","0","0%","0%"
"*066r1*","Edwin Cervantes","CIN","RP","2903","FA","22","@LAD Wed 10:10PM","0","0%","0%"
"*06rgl*","Michel Cervantes","(N/A)","SS,INF","2904","FA","25","","0","0%","0%"
"*0765n*","Michel Cervantes","SD","RP","2905","FA","19","WSH 2<br/>@SD 5","0","0%","0%"
"*06qwx*","Gabriel Cesa","ATL","OF","2906","FA","20","TB Wed 7:15PM","0","0%","0%"
"*06u73*","Joel Cesar","(N/A)","RP","2907","FA","30","","0","0%","0%"
"*064rq*","Luis Cesar","MIA","RP","2908","FA","22","NYM Wed 6:40PM","0","0%","0%"
"*06pie*","Ryan Cesarini","CLE","OF","2909","FA","23","@BAL Wed 6:35PM","0","6%","0%"
"*06rio*","Ivan Cespedes","CHC","C","2910","FA","21","@MIL Wed 7:40PM","0","0%","0%"
"*0765o*","Juan Cespedes","LAA","SS,INF","2911","FA","17","@BOS Wed 6:45PM","0","1%","0%"
"*06l48*","Rubel Cespedes","(N/A)","3B,INF","2912","FA","26","","0","0%","0%"
"*066mn*","Yoeilin Cespedes","BOS","2B,INF","2913","FA","21","LAA Wed 6:45PM","0","12%","0%"
"*04axv*","Yoelkis Cespedes","(N/A)","OF","2914","FA","28","","0","1%","0%"
"*03am2*","Luis Cessa","(N/A)","SP","2915","FA","34","","0","0%","0%"
"*060vu*","Moises Chace","PHI","SP","2916","FA","23","HOU Wed 6:40PM","0","11%","0%"
"*05reh*","Jose Chacin","(N/A)","SP,RP","2917","FA","29","","0","0%","0%"
"*06c3c*","Adan Chacon","(N/A)","1B,INF","2918","FA","20","","0","0%","0%"
"*06435*","Javier Chacon","SD","RP","2919","FA","23","WSH 2<br/>@SD 5","0","0%","0%"
"*05gbh*","Juan Chacon","(N/A)","OF","2920","FA","23","","0","0%","0%"
"*06sbg*","Paul Chacon","ATH","RP","2921","FA","21","TOR 0<br/>@ATH 2 F","0","0%","0%"
"*06r4f*","Robinson Chacon","KC","OF","2922","FA","19","ARI Wed 7:40PM","0","0%","0%"
"*06z9y*","Tyrelle Chadwick","COL","SP","2923","FA","23","@NYY Wed 7:05PM","0","0%","0%"
"*02bqd*","Andrew Chafin","(N/A)","RP","2924","FA","36","","0","1%","0%"
"*06yuv*","Gavin Chakar","(N/A)","SP","2925","FA","16","","0","0%","0%"
"*06lp6*","Yordin Chalas","ARI","SP,RP","2926","FA","22","@KC Wed 7:40PM","0","1%","0%"
"*03pj5*","Dakota Chalmers","(N/A)","RP","2927","FA","29","","0","0%","0%"
"*05mrl*","Christian Chamberlain","KC","RP","2928","FA","27","ARI Wed 7:40PM","0","0%","0%"
"*06hnl*","Justin Chambers","LAD","RP","2929","FA","21","CIN Wed 10:10PM","0","0%","0%"
"*05y7q*","Chandler Champlain","WSH","SP","2930","FA","27","WSH 2<br/>@SD 5","0","1%","0%"
"*077no*","Bryce Chance","TOR","OF","2931","FA","23","TOR 0<br/>@ATH 2 F","0","0%","0%"
"*04pzg*","Chase Chaney","(N/A)","SP","2932","FA","26","","0","0%","0%"
"*064od*","Hung-Leng Chang","PIT","SP","2933","FA","24","@CHW Wed 7:40PM","0","0%","0%"
"*039si*","Yu Chang","(N/A)","SS,INF","2934","FA","31","","0","0%","0%"
"*062dz*","Loidel Chapelli","(N/A)","2B,INF","2935","FA","24","","0","0%","0%"
"*06m60*","Emmanuel Chapman","PIT","SP,RP","2936","FA","27","@CHW Wed 7:40PM","0","0%","0%"
"*078f4*","Noah Chapman","BAL","SP","2937","FA","21","CLE Wed 6:35PM","0","0%","0%"
"*077zz*","Greyson Chappel","LAA","SP","2938","FA","21","@BOS Wed 6:45PM","0","0%","0%"
"*02mx4*","J.T. Chargois","(N/A)","RP","2939","FA","35","","0","0%","0%"
"*0647z*","Austin Charles","KC","3B,SS,INF","2940","FA","22","ARI Wed 7:40PM","0","3%","0%"
"*06rqb*","Eddison Charles","NYY","OF","2941","FA","18","COL Wed 7:05PM","0","0%","0%"
"*051jb*","Joe Charles","(N/A)","SP,RP","2942","FA","26","","0","0%","0%"
"*04o0a*","Wandisson Charles","DET","RP","2943","FA","30","MIN 2<br/>@DET 7 F","0","0%","0%"
"*0669x*","Connor Charping","SEA","C","2944","FA","27","TEX 1<br/>@SEA 3","0","0%","0%"
"*066dl*","Ryan Chasse","(N/A)","SP","2945","FA","26","","0","0%","0%"
"*072bv*","Davis Chastain","LAD","RP","2946","FA","22","CIN Wed 10:10PM","0","0%","0%"
"*06yu0*","Kleiver Chauran","TB","2B,3B,INF","2947","FA","20","@ATL Wed 7:15PM","0","0%","0%"
"*05gs2*","Parker Chavers","(N/A)","OF","2948","FA","28","","0","0%","0%"
"*04q4n*","Frainyer Chavez","TEX","1B,2B,3B,INF","2949","FA","27","TEX 1<br/>@SEA 3","0","0%","0%"
"*06rsz*","Isais Chavez","(N/A)","C","2950","FA","18","","0","0%","0%"
"*0734h*","Jesus Chavez","TEX","OF","2951","FA","17","TEX 1<br/>@SEA 3","0","0%","0%"
"*05r14*","Santiago Chavez","(N/A)","C","2952","FA","31","","0","0%","0%"
"*06hj3*","Seth Chavez","(N/A)","RP","2953","FA","26","","0","0%","0%"
"*03d6t*","Michael Chavis","CIN","1B,3B,INF","2954","FA","31","@LAD Wed 10:10PM","0","0%","0%"
"*0765u*","Cole Cheatham","SEA","RP","2955","FA","23","TEX 1<br/>@SEA 3","0","0%","0%"
"*05r3l*","Po-Yu Chen","PIT","SP","2956","FA","24","@CHW Wed 7:40PM","0","0%","0%"
"*06ftv*","Sheng-Ping Chen","(N/A)","SS,INF","2957","FA","25","","0","0%","0%"
"*06hoi*","Ethan Chenault","PHI","RP","2958","FA","25","HOU Wed 6:40PM","0","0%","0%"
"*066cy*","Wyatt Cheney","(N/A)","SP","2959","FA","25","","0","0%","0%"
"*06rrc*","Young Cheol Yoon","(N/A)","SP","2960","FA","22","","0","0%","0%"
"*06qj4*","Grant Cherry","(N/A)","RP","2961","FA","23","","0","0%","0%"
"*06l0y*","Frank Chessman","(N/A)","RP","2962","FA","19","","0","0%","0%"
"*061o0*","Luis Chevalier","KC","3B,INF","2963","FA","24","ARI Wed 7:40PM","0","0%","0%"
"*06in0*","Bryan Chi","(N/A)","RP","2964","FA","27","","0","0%","0%"
"*0668i*","Will Childers","MIL","RP","2965","FA","25","CHC Wed 7:40PM","0","0%","0%"
"*06kxq*","Gabriel Chinchilla","STL","SP","2966","FA","19","STL 6<br/>@SF 1","0","0%","0%"
"*06uw9*","Alejandro Chiquillo","TEX","RP","2967","FA","23","TEX 1<br/>@SEA 3","0","0%","0%"
"*06bdd*","Harold Chirino","(N/A)","RP","2968","FA","28","","0","0%","0%"
"*06ukx*","Yoelvin Chirino","BOS","SP","2969","FA","21","LAA Wed 6:45PM","0","0%","0%"
"*063gm*","Amilcar Chirinos","HOU","RP","2970","FA","24","@PHI Wed 6:40PM","0","0%","0%"
"*06o0z*","Frainner Chirinos","BAL","3B,INF","2971","FA","19","CLE Wed 6:35PM","0","0%","0%"
"*05uh8*","Jesus Chirinos","(N/A)","1B,INF","2972","FA","25","","0","0%","0%"
"*06kzy*","Jordany Chirinos","CHW","SP","2973","FA","20","PIT Wed 7:40PM","0","0%","0%"
"*06c5u*","Jose Chirinos","NYM","SP","2974","FA","21","@MIA Wed 6:40PM","0","1%","0%"
"*064p1*","Kendry Chirinos","TOR","1B,3B,INF","2975","FA","21","TOR 0<br/>@ATH 2 F","0","0%","0%"
"*06rhb*","Nixon Chirinos","MIA","C","2976","FA","20","NYM Wed 6:40PM","0","0%","0%"
"*03zu0*","Yonny Chirinos","(N/A)","SP","2977","FA","32","","0","0%","0%"
"*066ma*","Hendry Chivilli","MIN","SP","2978","FA","20","MIN 2<br/>@DET 7 F","0","1%","0%"
"*0777h*","Julio Chivilli","WSH","RP","2979","FA","18","WSH 2<br/>@SD 5","0","0%","0%"
"*05ygg*","Won-Bin Cho","STL","OF","2980","FA","23","STL 6<br/>@SF 1","0","7%","0%"
"*066cx*","Jack Choate","SF","SP","2981","FA","25","STL 6<br/>@SF 1","0","1%","0%"
"*06f8u*","Brady Choban","LAA","RP","2982","FA","25","@BOS Wed 6:45PM","0","0%","0%"
"*06ekf*","B.Y. Choi","(N/A)","2B,INF","2983","FA","24","","0","0%","0%"
"*04z9h*","Hyun-il Choi","(N/A)","SP,RP","2984","FA","26","","0","0%","0%"
"*05yeg*","Roch Cholowsky","CHW","SS,INF","2985","FA","21","PIT Wed 7:40PM","0","13%","0%"
"*063dn*","Byron Chourio","MIN","OF","2986","FA","21","MIN 2<br/>@DET 7 F","0","2%","0%"
"*06z60*","Deinis Chourio","CIN","SS,INF","2987","FA","18","@LAD Wed 10:10PM","0","0%","0%"
"*05yix*","Jaison Chourio","CLE","OF","2988","FA","21","@BAL Wed 6:35PM","0","32%","0%"
"*06rm6*","Kendry Chourio","KC","SP","2989","FA","18","ARI Wed 7:40PM","0","41%","0%"
"*06uw8*","Winyer Chourio","SD","SP,RP","2990","FA","22","WSH 2<br/>@SD 5","0","0%","0%"
"*06c5q*","Evan Chrest","CLE","SP","2991","FA","22","@BAL Wed 6:35PM","0","0%","0%"
"*077pd*","Victor Christal","CIN","SP","2992","FA","20","@LAD Wed 10:10PM","0","0%","0%"
"*072as*","Charlie Christensen","DET","SP","2993","FA","22","MIN 2<br/>@DET 7 F","0","1%","0%"
"*06qi6*","Jakob Christian","SF","1B,INF,OF","2994","FA","23","STL 6<br/>@SF 1","0","1%","0%"
"*075lr*","Brady Christman","(N/A)","OF","2995","FA","19","","0","0%","0%"
"*072ec*","Drew Christo","ATL","RP","2996","FA","23","TB Wed 7:15PM","0","0%","0%"
"*051du*","Marc Church","TEX","RP","2997","FA","25","TEX 1<br/>@SEA 3","0","3%","0%"
"*066d7*","Ian Churchill","(N/A)","RP","2998","FA","27","","0","0%","0%"
"*06r0l*","Miguel Cienfuegos","SD","SP,RP","2999","FA","29","WSH 2<br/>@SD 5","0","0%","0%"
"*060m8*","Jurrangelo Cijntje","STL","SP","3000","FA","23","STL 6<br/>@SF 1","0","38%","0%"
"*06lwn*","Nathanael Cijntje","PHI","OF","3001","FA","19","HOU Wed 6:40PM","0","0%","0%"
"*03178*","Adam Cimber","(N/A)","RP","3002","FA","36","","0","0%","0%"
"*066jm*","Nick Cimillo","PIT","1B,INF","3003","FA","26","@CHW Wed 7:40PM","0","0%","0%"
"*04ev4*","Jancarlos Cintron","(N/A)","2B,SS,INF","3004","FA","31","","0","0%","0%"
"*06rmy*","Junior Ciprian","ARI","SP","3005","FA","21","@KC Wed 7:40PM","0","1%","0%"
"*06aqi*","Jeremy Ciriaco","COL","OF","3006","FA","20","@NYY Wed 7:05PM","0","0%","0%"
"*06uke*","AJ Ciscar","(N/A)","SP","3007","FA","20","","0","0%","0%"
"*02jmi*","Jose Cisnero","(N/A)","RP","3008","FA","37","","0","0%","0%"
"*06q32*","Tytus Cissell","ARI","SS,INF","3009","FA","20","@KC Wed 7:40PM","0","1%","0%"
"*06qo1*","Cade Citelli","TB","RP","3010","FA","25","@ATL Wed 7:15PM","0","0%","0%"
"*0669n*","Christian Ciuffetelli","(N/A)","SP","3011","FA","26","","0","0%","0%"
"*0765v*","Camden Clark","(N/A)","SP,RP","3012","FA","20","","0","0%","0%"
"*06f0v*","Chris Clark","TB","SP","3013","FA","25","@ATL Wed 7:15PM","0","0%","0%"
"*06oh2*","Derek Clark","LAA","SP","3014","FA","24","@BOS Wed 6:45PM","0","0%","0%"
"*0730f*","James Clark","(N/A)","SS,INF","3015","FA","19","","0","0%","0%"
"*075l9*","Jonathan Clark","CHW","RP","3016","FA","26","PIT Wed 7:40PM","0","0%","0%"
"*06hnn*","Kellum Clark","(N/A)","OF","3018","FA","25","","0","0%","0%"
"*070es*","KK Clark","BAL","RP","3017","FA","22","CLE Wed 6:35PM","0","0%","0%"
"*06rpe*","Levi Clark","(N/A)","C","3019","FA","20","","0","0%","0%"
"*065v8*","Logun Clark","CLE","C","3020","FA","23","@BAL Wed 6:35PM","0","0%","0%"
"*0669v*","Seth Clark","(N/A)","RP","3021","FA","26","","0","0%","0%"
"*06z15*","Wallace Clark","ARI","3B,INF","3022","FA","24","@KC Wed 7:40PM","0","0%","0%"
"*06qif*","Brandon Clarke","STL","SP","3023","FA","23","STL 6<br/>@SF 1","0","23%","0%"
"*0664h*","Nick Clarno","(N/A)","C","3024","FA","28","","0","0%","0%"
"*04ug5*","Emmanuel Clase","CLE","RP","3025","FA","28","@BAL Wed 6:35PM","0","4%","0%"
"*06za4*","Seth Clausen","COL","RP","3026","FA","23","@NYY Wed 7:05PM","0","0%","0%"
"*060ft*","Bryce Clavon","(N/A)","SS,INF","3027","FA","20","","0","0%","0%"
"*03day*","Sam Clay","(N/A)","RP","3028","FA","33","","0","0%","0%"
"*06pha*","Cam Clayton","MIA","1B,SS,INF","3029","FA","24","NYM Wed 6:40PM","0","0%","0%"
"*078ty*","Ben Cleary","CLE","SS,INF","3030","FA","21","@BAL Wed 6:35PM","0","0%","0%"
"*077o2*","Grant Cleavinger","CHW","RP","3031","FA","22","PIT Wed 7:40PM","0","0%","0%"
"*078sa*","Madden Clement","KC","SP","3032","FA","21","ARI Wed 7:40PM","0","0%","0%"
"*06r7d*","Jake Clemente","MIA","RP","3033","FA","22","NYM Wed 6:40PM","0","0%","0%"
"*06ulg*","Jharold Clemente","(N/A)","SP","3034","FA","24","","0","0%","0%"
"*066n2*","Randel Clemente","STL","RP","3035","FA","24","STL 6<br/>@SF 1","0","0%","0%"
"*04i9p*","Hendrik Clementina","(N/A)","C","3036","FA","29","","0","0%","0%"
"*06bfu*","Alex Clemmey","WSH","SP","3037","FA","21","WSH 2<br/>@SD 5","0","17%","0%"
"*078mv*","Patrick Clemmey","PHI","SP","3038","FA","19","HOU Wed 6:40PM","0","0%","0%"
"*06r07*","Nolan Clenney","(N/A)","RP","3039","FA","30","","0","0%","0%"
"*077s4*","Jackson Cleveland","KC","RP","3040","FA","23","ARI Wed 7:40PM","0","0%","0%"
"*064np*","Tyler Cleveland","SEA","RP","3041","FA","27","TEX 1<br/>@SEA 3","0","0%","0%"
"*02bsw*","Mike Clevinger","PIT","RP","3042","FA","35","@CHW Wed 7:40PM","0","1%","0%"
"*05ge1*","Ryan Clifford","NYM","1B,INF,OF","3043","MG","23","@MIA Wed 6:40PM","0","29%","0%"
"*03134*","Trevor Clifton","(N/A)","SP","3044","FA","31","","0","0%","0%"
"*078fo*","Cade Climie","PHI","1B,INF","3045","FA","22","HOU Wed 6:40PM","0","0%","0%"
"*06tlw*","Jesus Clode","(N/A)","RP","3046","FA","25","","0","0%","0%"
"*06qnw*","Patrick Clohisy","ATL","OF","3047","FA","24","TB Wed 7:15PM","0","3%","0%"
"*05150*","Jackson Cluff","CHC","SS,INF","3048","FA","29","@MIL Wed 7:40PM","0","0%","0%"
"*078mu*","Owen Clyne","PHI","2B,SS,INF","3049","FA","22","HOU Wed 6:40PM","0","0%","0%"
"*077qg*","Colton Coates","BOS","SS,INF","3050","FA","21","LAA Wed 6:45PM","0","0%","0%"
"*0741k*","Quinton Coats","(N/A)","1B,INF","3051","FA","21","","0","0%","0%"
"*06v1u*","Jhonan Coba","DET","SP","3052","FA","20","MIN 2<br/>@DET 7 F","0","0%","0%"
"*01seh*","Alex Cobb","(N/A)","SP","3053","FA","38","","0","1%","0%"
"*078js*","Collin Cobb","TEX","SP","3054","FA","21","TEX 1<br/>@SEA 3","0","0%","0%"
"*06qlo*","Owen Cobb","NYY","2B,INF","3055","FA","25","COL Wed 7:05PM","0","0%","0%"
"*04yvy*","Franny Cobos","(N/A)","RP","3056","FA","25","","0","0%","0%"
"*078ff*","Aidan Cochrane","SD","SP","3057","FA","18","WSH 2<br/>@SD 5","0","0%","0%"
"*076uu*","Parker Coddou","COL","SS,INF","3058","FA","24","@NYY Wed 7:05PM","0","0%","0%"
"*03pja*","Kyle Cody","(N/A)","RP","3059","FA","32","","0","0%","0%"
"*05mrb*","Adisyn Coffey","CHW","RP","3060","FA","27","PIT Wed 7:40PM","0","0%","0%"
"*05u1x*","Cutter Coffey","TOR","2B,3B,INF","3061","FA","22","TOR 0<br/>@ATH 2 F","0","2%","0%"
"*066d8*","Isaac Coffey","BOS","SP","3062","FA","26","LAA Wed 6:45PM","0","1%","0%"
"*066fa*","Spence Coffman","(N/A)","SS,INF","3063","FA","22","","0","0%","0%"
"*06ckm*","Abraham Cohen","(N/A)","OF","3064","FA","20","","0","0%","0%"
"*04ptq*","Chase Cohen","(N/A)","SP,RP","3065","FA","29","","0","0%","0%"
"*06awr*","Harrison Cohen","NYY","RP","3066","FA","27","COL Wed 7:05PM","0","0%","0%"
"*06c3m*","Luis Cohen","BOS","SP,RP","3067","FA","23","LAA Wed 6:45PM","0","0%","0%"
"*06ynn*","Trevor Cohen","SF","OF","3068","FA","22","STL 6<br/>@SF 1","0","2%","0%"
"*06z0n*","Parker Coil","CLE","RP","3069","FA","22","@BAL Wed 6:35PM","0","0%","0%"
"*077s8*","AJ Colarusso","NYM","SP","3070","FA","22","@MIA Wed 6:40PM","0","0%","0%"
"*05g2r*","Oscar Colas","(N/A)","OF","3071","FA","27","","0","1%","0%"
"*05y99*","Deion Cole","(N/A)","SS,INF","3072","FA","18","","0","0%","0%"
"*06za3*","Ethan Cole","COL","SP","3073","FA","22","@NYY Wed 7:05PM","0","0%","0%"
"*061mi*","Carson Coleman","NYY","RP","3074","FA","27","COL Wed 7:05PM","0","0%","0%"
"*04pq2*","Dylan Coleman","(N/A)","RP","3075","FA","29","","0","0%","0%"
"*06qjd*","Javen Coleman","TOR","RP","3076","FA","24","TOR 0<br/>@ATH 2 F","0","1%","0%"
"*06hpy*","Mark Coley II","MIL","OF","3077","FA","25","CHC Wed 7:40PM","0","0%","0%"
"*06r47*","Daniel Colina","(N/A)","RP","3078","FA","19","","0","0%","0%"
"*04o63*","Edwar Colina","(N/A)","SP","3079","FA","29","","0","0%","0%"
"*06jbj*","Greider Colina","(N/A)","SP","3080","FA","21","","0","0%","0%"
"*06uwy*","Jesus Colina","CIN","RP","3081","FA","21","@LAD Wed 10:10PM","0","0%","0%"
"*072zv*","Jose Colina","CIN","OF","3082","FA","17","@LAD Wed 10:10PM","0","0%","0%"
"*06qjo*","Harold Coll","LAA","2B,3B,INF","3083","FA","25","@BOS Wed 6:45PM","0","0%","0%"
"*060ur*","Maick Collado","CLE","1B,3B,INF","3084","FA","23","@BAL Wed 6:35PM","0","0%","0%"
"*078tl*","Juriel Collazo","COL","OF","3085","FA","17","@NYY Wed 7:05PM","0","0%","0%"
"*06kk5*","Lazaro Collera","(N/A)","SP","3086","FA","20","","0","0%","0%"
"*06pq9*","Dennis Colleran","KC","RP","3087","FA","23","ARI Wed 7:40PM","0","1%","0%"
"*05u1y*","Cam Collier","CIN","1B,3B,INF","3088","FA","21","@LAD Wed 10:10PM","0","33%","0%"
"*05y61*","Brendan Collins","(N/A)","RP","3089","FA","26","","0","0%","0%"
"*06kzz*","Bryce Collins","HOU","RP","3090","FA","26","@PHI Wed 6:40PM","0","0%","0%"
"*05jq6*","Corey Collins","NYM","1B,INF","3091","FA","24","@MIA Wed 6:40PM","0","0%","0%"
"*05ubz*","Darnel Collins","KC","1B,INF","3092","FA","22","ARI Wed 7:40PM","0","0%","0%"
"*052rt*","Darryl Collins","(N/A)","OF","3093","FA","24","","0","0%","0%"
"*041xi*","Gavin Collins","(N/A)","C,3B,INF","3094","FA","31","","0","0%","0%"
"*06zdg*","Jack Collins","TEX","C","3095","FA","23","TEX 1<br/>@SEA 3","0","0%","0%"
"*05ynu*","Ty Collins","(N/A)","SP","3096","FA","25","","0","0%","0%"
"*06ftn*","Jose Colmenares","CHW","2B,SS,INF","3097","FA","24","PIT Wed 7:40PM","0","0%","0%"
"*06uww*","Mauricio Colmenares","(N/A)","SP","3098","FA","22","","0","0%","0%"
"*06hrx*","Samuel Colmenares","TOR","RP","3099","FA","21","TOR 0<br/>@ATH 2 F","0","0%","0%"
"*05j7n*","Carlos Colmenarez","TB","3B,SS,INF","3100","FA","22","@ATL Wed 7:15PM","0","4%","0%"
"*071wb*","Johenssy Colome","ATH","SS,INF","3101","FA","17","TOR 0<br/>@ATH 2 F","0","20%","0%"
"*06qo4*","Edgar Colon","CIN","SP","3102","FA","20","@LAD Wed 10:10PM","0","0%","0%"
"*064we*","Ilmerson Colon","(N/A)","RP","3103","FA","21","","0","0%","0%"
"*066qq*","Jeffrey Colon","(N/A)","RP","3104","FA","26","","0","0%","0%"
"*066s1*","Rabel Colon","(N/A)","OF","3105","FA","23","","0","0%","0%"
"*06r1w*","Juan Colorado","SF","3B,INF","3106","FA","19","STL 6<br/>@SF 1","0","0%","0%"
"*04b11*","Anderson Comas","(N/A)","OF","3107","FA","26","","0","0%","0%"
"*06pif*","Aaron Combs","PHI","SP","3108","FA","24","HOU Wed 6:40PM","0","0%","0%"
"*0730g*","Connor Comeau","TEX","3B,SS,INF","3109","FA","18","TEX 1<br/>@SEA 3","0","0%","0%"
"*06mhy*","Brandon Compton","MIA","OF","3110","FA","22","NYM Wed 6:40PM","0","18%","0%"
"*06gj4*","Drew Compton","(N/A)","1B,INF","3111","FA","25","","0","0%","0%"
"*06hfd*","Carlos Concepcion","SF","OF","3112","FA","20","STL 6<br/>@SF 1","0","0%","0%"
"*06alk*","Charlie Condon","COL","1B,INF,OF","3113","jd","23","@NYY Wed 7:05PM","0","63%","0%"
"*072ie*","Trevor Condon","STL","OF","3114","FA","18","STL 6<br/>@SF 1","0","3%","0%"
"*05j70*","Yerlin Confidan","CIN","OF","3115","FA","23","@LAD Wed 10:10PM","0","1%","0%"
"*04etl*","Bryce Conley","NYM","SP","3116","FA","32","@MIA Wed 6:40PM","0","0%","0%"
"*05uy3*","Cal Conley","ATL","2B,SS,INF","3117","FA","27","TB Wed 7:15PM","0","0%","0%"
"*061tl*","Kashon Conliffe","(N/A)","OF","3118","FA","21","","0","0%","0%"
"*06gvf*","Cole Conn","ATH","C","3119","FA","25","TOR 0<br/>@ATH 2 F","0","0%","0%"
"*04elk*","Justin Connell","(N/A)","OF","3120","FA","28","","0","0%","0%"
"*06ho8*","Caden Connor","CHW","1B,INF,OF","3121","FA","26","PIT Wed 7:40PM","0","0%","0%"
"*078lz*","Alex Conover","SD","OF","3122","FA","21","WSH 2<br/>@SD 5","0","0%","0%"
"*06gjl*","Drew Conover","CHW","SP","3123","FA","25","PIT Wed 7:40PM","0","0%","0%"
"*06qik*","Adam Conrad","(N/A)","RP","3124","FA","23","","0","0%","0%"
"*06pll*","Ethan Conrad","CHC","OF","3125","FA","22","@MIL Wed 7:40PM","0","37%","0%"
"*06uxm*","Teague Conrad","(N/A)","SP","3126","FA","25","","0","0%","0%"
"*06zch*","Thomas Conrad","MIL","SP","3127","FA","20","CHC Wed 7:40PM","0","0%","0%"
"*06zel*","Jonah Conradt","WSH","RP","3128","FA","21","WSH 2<br/>@SD 5","0","0%","0%"
"*078mz*","Cooper Consiglio","PHI","SP","3129","FA","20","HOU Wed 6:40PM","0","0%","0%"
"*04n1v*","Stanley Consuegra","(N/A)","OF","3130","FA","25","","0","0%","0%"
"*06ql0*","Nick Conte","KC","RP","3131","FA","24","ARI Wed 7:40PM","0","0%","0%"
"*05xq6*","Gavin Conticello","ARI","OF","3132","FA","23","@KC Wed 7:40PM","0","1%","0%"
"*078ly*","Nu'u Contrades","SD","3B,INF","3133","FA","22","WSH 2<br/>@SD 5","0","0%","0%"
"*072di*","Diego Contreras","SEA","SS,INF","3134","FA","18","TEX 1<br/>@SEA 3","0","0%","0%"
"*04yl7*","Efrain Contreras","(N/A)","RP","3135","FA","26","","0","0%","0%"
"*06v35*","Freddy Contreras","KC","SP","3136","FA","18","ARI Wed 7:40PM","0","1%","0%"
"*0744u*","Ismael Contreras","COL","SP","3137","FA","17","@NYY Wed 7:05PM","0","0%","0%"
"*06rjs*","Johan Contreras","(N/A)","1B,INF","3138","FA","21","","0","0%","0%"
"*061wf*","Jose Contreras","(N/A)","OF","3139","FA","21","","0","0%","0%"
"*072f6*","Joseph Contreras","(N/A)","SP","3140","FA","18","","0","0%","0%"
"*05ss8*","Luis Contreras","(N/A)","RP","3141","FA","30","","0","0%","0%"
"*04ejt*","Mark Contreras","(N/A)","OF","3142","FA","31","","0","0%","0%"
"*04b3a*","Roansy Contreras","(N/A)","RP","3143","FA","26","","0","0%","0%"
"*076ga*","Santiago Contreras","SD","C","3144","FA","21","WSH 2<br/>@SD 5","0","0%","0%"
"*05197*","Yan Contreras","(N/A)","SS,INF","3145","FA","25","","0","0%","0%"
"*06r1r*","Yohandri Contreras","ATH","RP","3146","FA","19","TOR 0<br/>@ATH 2 F","0","0%","0%"
"*06nui*","Casey Cook","TEX","2B,INF","3147","FA","23","TEX 1<br/>@SEA 3","0","1%","0%"
"*06ynl*","Jake Cook","TOR","OF","3148","FA","23","TOR 0<br/>@ATH 2 F","0","2%","0%"
"*06r3x*","Bjay Cooke","ATH","RP","3149","FA","23","TOR 0<br/>@ATH 2 F","0","0%","0%"
"*05yfb*","Connor Cooke","(N/A)","RP","3150","FA","26","","0","0%","0%"
"*077ry*","Ryan Cooney","TOR","2B,INF","3151","FA","21","TOR 0<br/>@ATH 2 F","0","0%","0%"
"*03ded*","Sam Coonrod","(N/A)","RP","3152","FA","33","","0","0%","0%"
"*0657w*","Everett Cooper III","WSH","2B,INF","3153","FA","23","WSH 2<br/>@SD 5","0","0%","0%"
"*076gm*","Luke Cooper","LAA","RP","3154","FA","26","@BOS Wed 6:45PM","0","0%","0%"
"*06hw3*","Riley Cooper","BAL","SP","3155","FA","24","CLE Wed 6:35PM","0","0%","0%"
"*075l0*","Trey Cooper","CHW","RP","3156","FA","23","PIT Wed 7:40PM","0","0%","0%"
"*051a8*","Daniel Cope","(N/A)","UT","3157","FA","29","","0","0%","0%"
"*06at2*","Patrick Copen","LAD","SP","3158","FA","24","CIN Wed 10:10PM","0","3%","0%"
"*078mw*","Christian Coppola","PHI","RP","3159","FA","22","HOU Wed 6:40PM","0","0%","0%"
"*05tdf*","Pierce Coppola","CHC","SP","3160","FA","23","@MIL Wed 7:40PM","0","1%","0%"
"*0517j*","Joe Corbett","(N/A)","RP","3161","FA","29","","0","0%","0%"
"*06qor*","Kaleb Corbett","TB","RP","3162","FA","24","@ATL Wed 7:15PM","0","0%","0%"
"*065ir*","Billy Corcoran","ARI","SP","3163","FA","27","@KC Wed 7:40PM","0","0%","0%"
"*06qxa*","Albert Cordero","TEX","RP","3164","FA","21","TEX 1<br/>@SEA 3","0","0%","0%"
"*06rt3*","Christopher Cordero","BOS","SP","3165","FA","18","LAA Wed 6:45PM","0","0%","0%"
"*06rqu*","Daris Cordero","(N/A)","3B,INF","3166","FA","21","","0","0%","0%"
"*02k1f*","Franchy Cordero","(N/A)","UT","3167","FA","32","","0","0%","0%"
"*07799*","Jhunior Jose Cordero","(N/A)","C","3168","FA","14","","0","0%","0%"
"*03pdy*","Jimmy Cordero","(N/A)","RP","3169","FA","34","","0","0%","0%"
"*06s48*","Michael Cordero","STL","3B,INF","3170","FA","18","STL 6<br/>@SF 1","0","0%","0%"
"*06fz1*","Miguel Cordero","(N/A)","RP","3171","FA","20","","0","0%","0%"
"*06qvc*","Wilfredo Cordero","TOR","RP","3172","FA","23","TOR 0<br/>@ATH 2 F","0","0%","0%"
"*06ahp*","Jose Cordoba","(N/A)","OF","3173","FA","23","","0","0%","0%"
"*077bx*","Angel Cordova","CLE","SP","3174","FA","17","@BAL Wed 6:35PM","0","0%","0%"
"*052c2*","Jose Cordova","COL","C,1B,INF","3175","FA","26","@NYY Wed 7:05PM","0","0%","0%"
"*076iu*","Jose Cordova","TEX","SP","3176","FA","17","TEX 1<br/>@SEA 3","0","0%","0%"
"*06qhg*","Maykel Coret","TB","OF","3177","FA","18","@ATL Wed 7:15PM","0","6%","0%"
"*077z3*","Cooper Corkrean","KC","RP","3178","FA","21","ARI Wed 7:40PM","0","0%","0%"
"*078jl*","Carson Cormier","TOR","SP","3179","FA","22","TOR 0<br/>@ATH 2 F","0","0%","0%"
"*0778a*","LJ Cormier","(N/A)","RP","3180","FA","19","","0","0%","0%"
"*06z3x*","Brayden Corn","SEA","OF","3181","FA","23","TEX 1<br/>@SEA 3","0","0%","0%"
"*06if4*","Jamdrick Cornelia","(N/A)","RP","3182","FA","20","","0","0%","0%"
"*06l5q*","Daniel Corniel","MIL","RP","3183","FA","22","CHC Wed 7:40PM","0","0%","0%"
"*06o0y*","Enmanuel Corniel","BAL","OF","3184","FA","19","CLE Wed 6:35PM","0","0%","0%"
"*05u3s*","Juan Corniel","(N/A)","2B,SS,INF","3185","FA","23","","0","0%","0%"
"*0622r*","Alexander Cornielle","NYY","SP","3186","FA","25","COL Wed 7:05PM","0","0%","0%"
"*05h7g*","Joshua Cornielly","NYM","RP","3187","FA","25","@MIA Wed 6:40PM","0","0%","0%"
"*06c7f*","Alex Cornwell","STL","SP,RP","3188","FA","27","STL 6<br/>@SF 1","0","0%","0%"
"*06o0n*","Luis Corobo","MIL","C","3189","FA","19","CHC Wed 7:40PM","0","0%","0%"
"*05zdd*","Danny Corona","(N/A)","SS,INF","3190","FA","23","","0","0%","0%"
"*06qkc*","Jorge Corona","CHW","C","3191","FA","25","PIT Wed 7:40PM","0","0%","0%"
"*05aid*","Kenedy Corona","NYY","OF","3192","FA","26","COL Wed 7:05PM","0","1%","0%"
"*06rul*","Elaineiker Coronado","TOR","2B,INF","3193","FA","18","TOR 0<br/>@ATH 2 F","0","0%","0%"
"*077b9*","Francisco Coronado","TEX","2B,INF","3194","FA","17","TEX 1<br/>@SEA 3","0","0%","0%"
"*06r7n*","Deivid Coronil","SD","3B,INF","3195","FA","18","WSH 2<br/>@SD 5","0","1%","0%"
"*04yua*","Danis Correa","NYM","RP","3196","FA","27","@MIA Wed 6:40PM","0","0%","0%"
"*06c4y*","Eccel Correa","BAL","SP,RP","3197","FA","23","CLE Wed 6:35PM","0","0%","0%"
"*0637g*","Jesus Correa","(N/A)","SS,INF","3198","FA","22","","0","0%","0%"
"*06hot*","Yanzel Correa","COL","RP","3199","FA","21","@NYY Wed 7:05PM","0","0%","0%"
"*064p4*","Derek Corro","(N/A)","RP","3200","FA","21","","0","0%","0%"
"*03bin*","Nestor Cortes Jr.","PHI","SP","3201","FA","31","HOU Wed 6:40PM","0","7%","-1%"
"*072ct*","Richie Cortese","PHI","RP","3202","FA","23","HOU Wed 6:40PM","0","0%","0%"
"*06rgo*","Brayan Cortesia","WSH","SS,INF","3203","FA","18","WSH 2<br/>@SD 5","0","1%","0%"
"*066kw*","Chris Cortez","LAA","SP","3204","FA","23","@BOS Wed 6:45PM","0","4%","0%"
"*06bpx*","Enniel Cortez","MIL","SP","3205","FA","20","CHC Wed 7:40PM","0","0%","0%"
"*04eng*","Harold Cortijo","(N/A)","SP,RP","3206","FA","28","","0","0%","0%"
"*066lz*","Andrew Cossetti","MIN","C","3207","FA","26","MIN 2<br/>@DET 7 F","0","0%","0%"
"*05yb3*","Ryan Costeiu","LAA","SP","3208","FA","25","@BOS Wed 6:45PM","0","0%","0%"
"*0778d*","Andrew Costello","(N/A)","C","3209","FA","19","","0","0%","0%"
"*06rpy*","Chase Costello","MIL","RP","3210","FA","26","CHC Wed 7:40PM","0","0%","0%"
"*06op2*","Jack Costello","SD","1B,INF,OF","3211","FA","25","WSH 2<br/>@SD 5","0","0%","0%"
"*04evo*","Marty Costes","(N/A)","OF","3212","FA","30","","0","0%","0%"
"*0664b*","Maxwell Costes","(N/A)","1B,INF","3213","FA","27","","0","0%","0%"
"*078f8*","Elijah Coston","LAD","RP","3214","FA","21","CIN Wed 10:10PM","0","0%","0%"
"*06u0c*","Irving Cota","NYM","SP,RP","3215","FA","22","@MIA Wed 6:40PM","0","0%","0%"
"*0637h*","Felix Cotes","TB","2B,INF","3216","FA","21","@ATL Wed 7:15PM","0","0%","0%"
"*06r03*","Cameron Cotter","CIN","SP","3217","FA","27","@LAD Wed 10:10PM","0","0%","0%"
"*04psl*","Gabriel Cotto","(N/A)","SP,RP","3218","FA","26","","0","0%","0%"
"*06gjm*","Magdiel Cotto","(N/A)","RP","3219","FA","24","","0","0%","0%"
"*06r4r*","Chase Cotton","(N/A)","3B,INF","3220","FA","17","","0","0%","0%"
"*06z12*","Brady Counsell","ARI","3B,INF,OF","3221","FA","23","@KC Wed 7:40PM","0","0%","0%"
"*06ekj*","Isaiah Coupet","COL","RP","3222","FA","23","@NYY Wed 7:05PM","0","0%","0%"
"*06qvl*","Corey Cousin","KC","OF","3223","FA","19","ARI Wed 7:40PM","0","1%","0%"
"*06aww*","Josimar Cousin","(N/A)","RP","3224","FA","28","","0","0%","0%"
"*04eru*","Jake Cousins","LAD","RP","3225","FA","32","CIN Wed 10:10PM","0","1%","0%"
"*065j2*","Matt Coutney","LAA","1B,INF","3226","FA","27","@BOS Wed 6:45PM","0","0%","0%"
"*06pqs*","Andres Cova","LAA","RP","3227","FA","21","@BOS Wed 6:45PM","0","0%","0%"
"*06v22*","Jesus Cova","ATL","SP","3228","FA","18","TB Wed 7:15PM","0","0%","0%"
"*06ibu*","Luis Cova","MIA","OF","3229","FA","19","NYM Wed 6:40PM","0","4%","0%"
"*062jz*","Ricardo Cova","SEA","OF","3230","FA","22","TEX 1<br/>@SEA 3","0","0%","0%"
"*01uci*","Dylan Covey","(N/A)","RP","3231","FA","35","","0","0%","0%"
"*076ae*","Jake Covey","MIN","SP","3232","FA","25","MIN 2<br/>@DET 7 F","0","0%","0%"
"*078tr*","Zac Cowan","CLE","SP,RP","3233","FA","23","@BAL Wed 6:35PM","0","0%","0%"
"*05y6f*","Ben Cowles","CHC","2B,3B,SS,INF","3234","FA","26","@MIL Wed 7:40PM","0","2%","0%"
"*04pra*","Austin Cox","(N/A)","RP","3235","FA","29","","0","0%","0%"
"*06486*","Brenner Cox","WSH","OF","3236","FA","22","WSH 2<br/>@SD 5","0","0%","0%"
"*06146*","Jackson Cox","COL","SP","3237","FA","22","@NYY Wed 7:05PM","0","2%","0%"
"*06er6*","Jacob Cozart","LAA","C","3238","FA","23","@BOS Wed 6:45PM","0","2%","0%"
"*05u1z*","Sam Cozart","(N/A)","SP","3239","FA","20","","0","0%","0%"
"*078jt*","Brandon Crabtree","TEX","1B,INF","3240","FA","22","TEX 1<br/>@SEA 3","0","0%","0%"
"*06zfr*","Gabe Craig","PHI","RP","3241","FA","25","HOU Wed 6:40PM","0","1%","0%"
"*06qum*","Luke Craig","ARI","RP","3242","FA","25","@KC Wed 7:40PM","0","0%","0%"
"*05y6z*","Trendon Craig","(N/A)","OF","3243","FA","26","","0","0%","0%"
"*06o00*","Hunter Cranton","ARI","RP","3244","FA","25","@KC Wed 7:40PM","0","1%","0%"
"*06pqc*","Robert Cranz","WSH","RP","3245","FA","23","WSH 2<br/>@SD 5","0","0%","0%"
"*06f1d*","Jacob Cravey","BAL","SP,RP","3246","FA","24","CLE Wed 6:35PM","0","0%","0%"
"*059c3*","Brooks Crawford","(N/A)","RP","3247","FA","30","","0","0%","0%"
"*04ep8*","Kutter Crawford","BOS","SP","3248","FA","30","LAA Wed 6:45PM","0","17%","0%"
"*05uee*","Reggie Crawford","SF","RP","3249","FA","25","STL 6<br/>@SF 1","0","3%","0%"
"*077o6*","Luke Craytor","CHW","RP","3250","FA","22","PIT Wed 7:40PM","0","0%","0%"
"*06zrf*","Aidan Cremarosa","TB","SP","3251","FA","22","@ATL Wed 7:15PM","0","5%","0%"
"*06qiq*","Dustin Crenshaw","SEA","3B,INF,OF","3252","FA","24","TEX 1<br/>@SEA 3","0","0%","0%"
"*06hob*","Wyatt Crenshaw","(N/A)","2B,INF","3253","FA","26","","0","0%","0%"
"*06upw*","Anthony Crespo","(N/A)","RP","3254","FA","22","","0","0%","0%"
"*06r5f*","Ricardo Crespo","SF","OF","3255","FA","19","STL 6<br/>@SF 1","0","0%","0%"
"*06zay*","Will Cresswell","TOR","C","3256","FA","23","TOR 0<br/>@ATH 2 F","0","0%","0%"
"*02bqp*","Kyle Crick","(N/A)","RP","3257","FA","33","","0","0%","0%"
"*06651*","Kyle Crigger","(N/A)","SP","3258","FA","27","","0","0%","0%"
"*051eo*","Blaine Crim","(N/A)","1B,INF","3259","FA","29","","0","2%","0%"
"*064o4*","Demetrio Crisantes","ARI","2B,INF","3260","FA","22","@KC Wed 7:40PM","0","26%","0%"
"*0484h*","Nabil Crismatt","(N/A)","SP","3261","FA","31","","0","1%","0%"
"*0738d*","Franchel Crisostomo","CHW","SP","3262","FA","17","PIT Wed 7:40PM","0","0%","0%"
"*06bsd*","Yatner Crisostomo","CLE","RP","3263","FA","23","@BAL Wed 6:35PM","0","0%","0%"
"*0730c*","John Cristino","NYY","C","3264","FA","26","COL Wed 7:05PM","0","0%","0%"
"*06uwx*","Dayson Croes","SF","2B,3B,INF","3265","FA","26","STL 6<br/>@SF 1","0","0%","0%"
"*06ejy*","Declan Cronin","TEX","RP","3266","FA","28","TEX 1<br/>@SEA 3","0","1%","0%"
"*05137*","Matt Cronin","(N/A)","RP","3267","FA","28","","0","0%","0%"
"*03153*","Narciso Crook","(N/A)","OF","3268","FA","31","","0","0%","0%"
"*06za2*","Dylan Crooks","COL","RP","3269","FA","23","@NYY Wed 7:05PM","0","0%","0%"
"*06rrp*","Jack Cropper","(N/A)","RP","3270","FA","21","","0","0%","0%"
"*05tcd*","Gavin Cross","KC","OF","3271","FA","25","ARI Wed 7:40PM","0","10%","0%"
"*06zlh*","Kerrington Cross","SD","3B,INF","3272","FA","24","WSH 2<br/>@SD 5","0","0%","0%"
"*06ydl*","Brett Crossland","(N/A)","SP","3273","FA","20","","0","0%","0%"
"*06z7l*","Cade Crossland","STL","SP","3274","FA","22","STL 6<br/>@SF 1","0","1%","0%"
"*078ot*","Zach Crotchfelt","NYM","RP","3275","FA","22","@MIA Wed 6:40PM","0","0%","0%"
"*04ak3*","Hans Crouse","SD","SP","3276","FA","27","WSH 2<br/>@SD 5","0","1%","0%"
"*06quc*","Jack Crowder","BAL","RP","3277","FA","24","CLE Wed 6:35PM","0","0%","0%"
"*066pk*","Wyatt Crowell","LAD","SP","3278","FA","24","CIN Wed 10:10PM","0","1%","0%"
"*06rrw*","Dayber Cruceta","PHI","OF","3279","FA","18","HOU Wed 6:40PM","0","0%","0%"
"*06r0f*","Aleiman Cruz","DET","SP,RP","3280","FA","0","MIN 2<br/>@DET 7 F","0","0%","0%"
"*06rkn*","Alejandro Cruz","CHW","2B,3B,INF","3281","FA","19","PIT Wed 7:40PM","0","1%","0%"
"*052g0*","Angel Cruz","(N/A)","2B,INF","3282","FA","24","","0","0%","0%"
"*06cn3*","Angel Cruz","LAD","RP","3283","FA","21","CIN Wed 10:10PM","0","0%","0%"
"*05k7s*","Armando Cruz","(N/A)","2B,INF","3284","FA","22","","0","1%","0%"
"*06bj1*","Darvin Cruz","(N/A)","OF","3285","FA","20","","0","0%","0%"
"*05zzf*","Deivy Cruz","(N/A)","RP","3286","FA","22","","0","0%","0%"
"*04nfi*","Fadriel Cruz","(N/A)","SS,INF","3287","FA","25","","0","0%","0%"
"*05yck*","Fernando Cruz","CHC","SS,INF","3288","FA","19","@MIL Wed 7:40PM","0","5%","0%"
"*06jbn*","Humberto Cruz","SD","SP","3289","FA","19","WSH 2<br/>@SD 5","0","3%","0%"
"*0509c*","Jesus Cruz","(N/A)","SP,RP","3290","FA","31","","0","0%","0%"
"*06200*","John Cruz","MIA","OF","3291","FA","21","NYM Wed 6:40PM","0","2%","0%"
"*066n8*","Jose Cruz","(N/A)","RP","3292","FA","26","","0","0%","0%"
"*06rs1*","Juan Cruz","(N/A)","OF","3293","FA","22","","0","0%","0%"
"*072bm*","Juan Cruz","WSH","1B,INF","3294","FA","22","WSH 2<br/>@SD 5","0","0%","0%"
"*06v6c*","Luis Cruz","NYY","OF","3295","FA","18","COL Wed 7:05PM","0","0%","0%"
"*06v6d*","Luis Cruz","CIN","RP","3296","FA","20","@LAD Wed 10:10PM","0","0%","0%"
"*07614*","Manuel Cruz","NYY","SP","3297","FA","20","COL Wed 7:05PM","0","0%","0%"
"*05w9u*","Narbe Cruz","HOU","2B,3B,INF","3298","FA","25","@PHI Wed 6:40PM","0","0%","0%"
"*05ui8*","Nathanael Cruz","(N/A)","SP","3299","FA","23","","0","0%","0%"
"*06kuf*","Naykel Cruz","(N/A)","RP","3300","FA","26","","0","0%","0%"
"*064ru*","Nicolas Cruz","LAD","RP","3301","FA","22","CIN Wed 10:10PM","0","0%","0%"
"*04tf0*","Omar Cruz","SD","RP","3302","FA","27","WSH 2<br/>@SD 5","0","1%","0%"
"*06ui8*","Rey Cruz","PHI","C","3303","FA","18","HOU Wed 6:40PM","0","0%","0%"
"*060w7*","Reynardo Cruz","CIN","SP,RP","3304","FA","24","@LAD Wed 10:10PM","0","0%","0%"
"*06o8q*","Ronny Cruz","WSH","SS,INF","3305","FA","20","WSH 2<br/>@SD 5","0","19%","0%"
"*06r7q*","Steven Cruz","CLE","OF","3306","FA","19","@BAL Wed 6:35PM","0","0%","0%"
"*05y3g*","Stiven Cruz","MIL","RP","3307","FA","24","CHC Wed 7:40PM","0","0%","0%"
"*06c84*","Xavier Cruz","STL","SP","3308","FA","21","STL 6<br/>@SF 1","0","2%","0%"
"*06qpl*","Yan Cruz","(N/A)","OF","3309","FA","19","","0","0%","0%"
"*076s8*","Efrain Cubilla","COL","RP","3310","FA","21","@NYY Wed 7:05PM","0","0%","0%"
"*073ag*","Alexander Cuello","CIN","SS,INF","3311","FA","17","@LAD Wed 10:10PM","0","0%","0%"
"*07767*","Jhonael Cuello","NYM","OF","3312","FA","18","@MIA Wed 6:40PM","0","0%","0%"
"*050yp*","Angel Cuenca","(N/A)","RP","3313","FA","25","","0","0%","0%"
"*06qjj*","Gio Cueto","LAD","C","3314","FA","23","CIN Wed 10:10PM","0","0%","0%"
"*0055e*","Johnny Cueto","(N/A)","SP","3315","FA","40","","0","0%","0%"
"*05rct*","Danyer Cueva","(N/A)","SS,INF","3316","FA","22","","0","0%","0%"
"*06c4e*","Candido Cuevas","NYM","SP,RP","3317","FA","22","@MIA Wed 6:40PM","0","0%","0%"
"*062zh*","Elis Cuevas","BAL","1B,INF,OF","3318","FA","21","CLE Wed 6:35PM","0","1%","0%"
"*05yna*","Jonny Cuevas","TB","RP","3319","FA","25","@ATL Wed 7:15PM","0","0%","0%"
"*06su9*","Luis Cuevas","ATH","UT","3320","FA","18","TOR 0<br/>@ATH 2 F","0","0%","0%"
"*06su4*","Melvin Cuevas","(N/A)","RP","3321","FA","21","","0","0%","0%"
"*051hv*","Michael Cuevas","HOU","SP,RP","3322","FA","25","@PHI Wed 6:40PM","0","0%","0%"
"*05uhy*","Yohairo Cuevas","NYM","1B,INF,OF","3323","FA","22","@MIA Wed 6:40PM","0","0%","0%"
"*065j0*","C.J. Culpepper","MIN","SP","3324","FA","24","MIN 2<br/>@DET 7 F","0","4%","0%"
"*064o1*","Brad Cumbest","(N/A)","OF","3325","FA","26","","0","0%","0%"
"*06l5w*","Dylan Cumming","CHW","SP,RP","3326","FA","27","PIT Wed 7:40PM","0","0%","0%"
"*06fqn*","Ty Cummings","SEA","SP,RP","3327","FA","24","TEX 1<br/>@SEA 3","0","0%","0%"
"*076ai*","August Cuneo","HOU","C","3328","FA","19","@PHI Wed 6:40PM","0","0%","0%"
"*06l3m*","Bryce Cunningham","NYY","SP","3329","FA","23","COL Wed 7:05PM","0","12%","0%"
"*06plb*","Carter Cunningham","TOR","1B,INF","3330","FA","25","TOR 0<br/>@ATH 2 F","0","0%","0%"
"*06dn5*","Jake Cunningham","SD","OF","3331","FA","24","WSH 2<br/>@SD 5","0","0%","0%"
"*067z9*","Kayson Cunningham","ARI","SS,INF","3332","FA","21","@KC Wed 7:40PM","0","25%","0%"
"*05y3n*","Dylan Cupp","(N/A)","SS,INF","3333","FA","22","","0","0%","0%"
"*05uec*","Yoniel Curet","DET","SP","3334","FA","23","MIN 2<br/>@DET 7 F","0","7%","0%"
"*05ubr*","Michael Curialle","(N/A)","OF","3335","FA","25","","0","0%","0%"
"*05u9r*","Derek Curiel","PIT","OF","3336","FA","21","@CHW Wed 7:40PM","0","3%","0%"
"*06roy*","Brian Curley","ARI","SP","3337","FA","23","@KC Wed 7:40PM","0","3%","0%"
"*06ksc*","Dean Curley","CLE","SS,INF","3338","FA","22","@BAL Wed 6:35PM","0","5%","0%"
"*04q62*","Connor Curlis","(N/A)","SP,RP","3339","FA","29","","0","0%","0%"
"*06b49*","Aidan Curry","TEX","SP","3341","FA","24","TEX 1<br/>@SEA 3","0","3%","0%"
"*06yuc*","AJ Curry","(N/A)","1B,INF","3340","FA","18","","0","0%","0%"
"*06umm*","Jake Curtis","CHW","RP","3342","FA","24","PIT Wed 7:40PM","0","0%","0%"
"*06r7i*","Kolton Curtis","TEX","SP","3343","FA","22","TEX 1<br/>@SEA 3","0","0%","0%"
"*070er*","Mathieu Curtis","ATL","RP","3344","FA","22","TB Wed 7:15PM","0","0%","0%"
"*02ob9*","John Curtiss","(N/A)","RP","3345","FA","33","","0","0%","0%"
"*051ha*","Jack Cushing","(N/A)","RP","3346","FA","29","","0","0%","0%"
"*05r3f*","Ryan Cusick","PHI","SP,RP","3347","FA","26","HOU Wed 6:40PM","0","2%","0%"
"*07249*","Jeancer Custodio","PIT","OF","3348","FA","17","@CHW Wed 7:40PM","0","4%","0%"
"*06zdk*","Hayden Cuthbertson","MIA","RP","3349","FA","22","NYM Wed 6:40PM","0","0%","0%"
"*077ph*","William Cutshall","NYY","SS,INF","3350","FA","18","COL Wed 7:05PM","0","0%","0%"
"*05yel*","Daniel Cuvet","WSH","3B,INF","3351","FA","21","WSH 2<br/>@SD 5","0","0%","0%"
"*06ags*","Blake Cyr","NYY","SS,INF","3352","FA","22","COL Wed 7:05PM","0","0%","0%"
"*065je*","T.J. Czyz","(N/A)","SP","3353","FA","25","","0","0%","0%"
"*076af*","Sherrintley Da Costa Gomez","ATL","OF","3355","FA","17","TB Wed 7:15PM","0","0%","0%"
"*0779u*","Evan Da Souza","MIA","SP","3356","FA","17","NYM Wed 6:40PM","0","0%","0%"
"*04q0v*","R.J. Dabovich","SF","RP","3357","FA","27","STL 6<br/>@SF 1","0","0%","0%"
"*078gw*","Declan Dahl","DET","SP","3358","FA","21","MIN 2<br/>@DET 7 F","0","0%","0%"
"*06mv2*","Ace Daigle","(N/A)","1B,INF","3359","FA","20","","0","0%","0%"
"*03z62*","Bobby Dalbec","(N/A)","1B,INF","3360","FA","31","","0","0%","0%"
"*06huc*","Elijah Dale","SEA","RP","3361","FA","25","TEX 1<br/>@SEA 3","0","0%","0%"
"*04sxp*","Jarryd Dale","(N/A)","2B,INF","3362","FA","25","","0","0%","0%"
"*06zgs*","Jaxon Dalena","SD","SP","3363","FA","24","WSH 2<br/>@SD 5","0","0%","0%"
"*04pua*","Nick Dalesandro","(N/A)","C,OF","3364","FA","29","","0","0%","0%"
"*06r8g*","Wilder Dalis","COL","3B,SS,INF","3365","FA","20","@NYY Wed 7:05PM","0","7%","0%"
"*066ap*","Jack Dallas","PHI","RP","3366","FA","27","HOU Wed 6:40PM","0","0%","0%"
"*062zt*","Matthew Dallas","WSH","SP","3367","FA","22","WSH 2<br/>@SD 5","0","0%","0%"
"*065v0*","Micah Dallas","ATH","RP","3368","FA","26","TOR 0<br/>@ATH 2 F","0","0%","0%"
"*06if2*","Pedro Dalmagro","CLE","C","3369","FA","20","@BAL Wed 6:35PM","0","0%","0%"
"*0512o*","Andrew Dalquist","SD","RP","3370","FA","25","WSH 2<br/>@SD 5","0","1%","0%"
"*072bw*","Matthew Dalquist","MIN","SP","3371","FA","23","MIN 2<br/>@DET 7 F","0","0%","0%"
"*06rws*","Omar Damian","HOU","SP","3372","FA","18","@PHI Wed 6:40PM","0","0%","0%"
"*0780l*","John Damozonio","ATL","SP","3373","FA","22","TB Wed 7:15PM","0","0%","0%"
"*063e5*","Caden Dana","LAA","SP","3374","FA","22","@BOS Wed 6:45PM","0","21%","0%"
"*066jj*","Casey Dana","(N/A)","OF","3375","FA","27","","0","0%","0%"
"*06uwq*","Caleb Daniel","(N/A)","OF","3376","FA","20","","0","0%","0%"
"*070bw*","Colin Daniel","ATL","SP","3377","FA","22","TB Wed 7:15PM","0","0%","0%"
"*04pv6*","Davis Daniel","CIN","SP","3378","FA","29","@LAD Wed 10:10PM","0","1%","0%"
"*064nh*","Omari Daniel","MIN","RP","3379","FA","22","MIN 2<br/>@DET 7 F","0","0%","0%"
"*05mrj*","Zach Daniels","(N/A)","OF","3380","FA","27","","0","0%","0%"
"*06qq1*","Joey Danielson","TEX","RP","3381","FA","25","TEX 1<br/>@SEA 3","0","0%","0%"
"*078n0*","Wyatt Danilowicz","PHI","RP","3382","FA","22","HOU Wed 6:40PM","0","0%","0%"
"*0311e*","Tyler Danish","(N/A)","SP","3383","FA","31","","0","0%","0%"
"*06rgn*","Jackson Dannelley","WSH","RP","3384","FA","25","WSH 2<br/>@SD 5","0","0%","0%"
"*03o0h*","Hagen Danner","LAA","RP","3385","FA","27","@BOS Wed 6:45PM","0","1%","0%"
"*077ei*","Noah Danza","(N/A)","SS,INF","3386","FA","18","","0","0%","0%"
"*06kk2*","Zander Darby","SF","2B,INF","3387","FA","23","STL 6<br/>@SF 1","0","0%","0%"
"*076uv*","Taylor Darden","NYM","2B,INF","3388","FA","26","@MIA Wed 6:40PM","0","0%","0%"
"*06ofp*","Dugan Darnell","(N/A)","RP","3389","FA","29","","0","0%","0%"
"*0664r*","Michael Darrell-Hicks","PIT","RP","3390","FA","28","@CHW Wed 7:40PM","0","0%","0%"
"*06qe2*","Edwin Darville","BOS","2B,INF","3391","FA","19","LAA Wed 6:45PM","0","0%","0%"
"*06aql*","Shoei Darvish","(N/A)","OF","3392","FA","18","","0","0%","0%"
"*01c5l*","Yu Darvish","SD","SP","3393","FA","40","WSH 2<br/>@SD 5","0","4%","0%"
"*0518v*","Jack Dashwood","HOU","RP","3394","FA","28","@PHI Wed 6:40PM","0","0%","0%"
"*07924*","Dax Dathe","TOR","SP,RP","3395","FA","25","TOR 0<br/>@ATH 2 F","0","0%","0%"
"*06qrt*","Derek Datil","TB","OF","3396","FA","20","@ATL Wed 7:15PM","0","0%","0%"
"*04pw0*","Kyle Datres","(N/A)","3B,INF","3397","FA","30","","0","0%","0%"
"*06zb1*","Michael Dattalo","STL","3B,INF","3398","FA","22","STL 6<br/>@SF 1","0","0%","0%"
"*07036*","Zach Daudet","HOU","1B,INF","3399","FA","23","@PHI Wed 6:40PM","0","0%","0%"
"*075gl*","Ian Daugherty","MIN","C","3400","FA","23","MIN 2<br/>@DET 7 F","0","0%","0%"
"*06rvt*","Charles Davalan","LAD","OF","3401","FA","22","CIN Wed 10:10PM","0","25%","0%"
"*06mio*","David Davalillo","TEX","SP","3402","FA","25","TEX 1<br/>@SEA 3","0","13%","0%"
"*06qsf*","Gabriel Davalillo","LAA","C","3403","FA","18","@BOS Wed 6:45PM","0","6%","0%"
"*05w9t*","Aaron Davenport","CLE","SP","3404","FA","26","@BAL Wed 6:35PM","0","1%","0%"
"*077qo*","Lucas Davenport","BOS","SP","3405","FA","22","LAA Wed 6:45PM","0","0%","0%"
"*06ywh*","Mason Davenport","TOR","SP,RP","3406","FA","22","TOR 0<br/>@ATH 2 F","0","0%","0%"
"*06qup*","Ramsey David","HOU","SP,RP","3407","FA","25","@PHI Wed 6:40PM","0","0%","0%"
"*06hua*","Bo Davidson","SF","OF","3408","FA","24","STL 6<br/>@SF 1","0","24%","0%"
"*077nx*","Caden Davidson","(N/A)","3B,INF","3409","FA","20","","0","0%","0%"
"*04n1n*","Logan Davidson","TB","1B,INF","3410","FA","28","@ATL Wed 7:15PM","0","1%","0%"
"*04225*","Tucker Davidson","PHI","SP","3411","FA","30","HOU Wed 6:40PM","0","0%","0%"
"*06ucw*","Drew Davies","CIN","1B,INF","3412","FA","20","@LAD Wed 10:10PM","0","0%","0%"
"*03qku*","Garrett Davila","(N/A)","RP","3413","FA","29","","0","0%","0%"
"*05h7l*","Jose Davila","STL","SP","3414","FA","23","STL 6<br/>@SF 1","0","0%","0%"
"*06mhu*","Manuel Davila","MIL","RP","3415","FA","19","CHC Wed 7:40PM","0","0%","0%"
"*070bn*","Alton Davis II","LAA","RP","3416","FA","22","@BOS Wed 6:45PM","0","0%","0%"
"*03dji*","Austin Davis","(N/A)","RP","3417","FA","33","","0","0%","0%"
"*004gj*","Ben Davis","COL","C","3418","FA","0","@NYY Wed 7:05PM","0","0%","0%"
"*06qi2*","Braden Davis","STL","SP","3419","FA","23","STL 6<br/>@SF 1","0","1%","0%"
"*04pmv*","Brennen Davis","SEA","OF","3420","FA","26","TEX 1<br/>@SEA 3","0","7%","0%"
"*05jrf*","Chase Davis","STL","OF","3421","FA","24","STL 6<br/>@SF 1","0","8%","0%"
"*05xq1*","Colin Davis","(N/A)","OF","3422","FA","27","","0","0%","0%"
"*06v2t*","Dalton Davis","SEA","1B,INF","3423","FA","25","TEX 1<br/>@SEA 3","0","0%","0%"
"*06mwe*","Gabe Davis","NYM","RP","3424","FA","22","@MIA Wed 6:40PM","0","3%","0%"
"*02bu2*","J.D. Davis","(N/A)","1B,INF","3425","FA","33","","0","0%","0%"
"*0710s*","Jared Davis","ATH","2B,INF","3426","FA","22","TOR 0<br/>@ATH 2 F","0","0%","0%"
"*07788*","Lance Davis","(N/A)","SP","3427","FA","21","","0","0%","0%"
"*06ppt*","Luke Davis","PHI","C,1B,INF","3428","FA","23","HOU Wed 6:40PM","0","0%","0%"
"*05ynf*","Marc Davis","(N/A)","SP","3429","FA","26","","0","0%","0%"
"*06yue*","Nathaneal Davis","(N/A)","OF","3430","FA","18","","0","0%","0%"
"*04pva*","Noah Davis","PIT","RP","3431","FA","29","@CHW Wed 7:40PM","0","0%","0%"
"*06sj6*","Tague Davis","(N/A)","1B,INF","3432","FA","20","","0","0%","0%"
"*06qre*","Tyler Davis","BOS","RP","3433","FA","24","LAA Wed 6:45PM","0","0%","0%"
"*06igc*","Caden Dawson","(N/A)","OF","3434","FA","18","","0","0%","0%"
"*072dk*","Logan Dawson","PHI","SS,INF","3435","FA","20","HOU Wed 6:40PM","0","0%","0%"
"*06quq*","Brady Day","PHI","3B,INF","3436","FA","24","HOU Wed 6:40PM","0","0%","0%"
"*06l0m*","Cam Day","LAD","RP","3437","FA","24","CIN Wed 10:10PM","0","0%","0%"
"*06hwp*","Ernie Day","(N/A)","SP","3438","FA","24","","0","0%","0%"
"*06656*","Joshua Day","(N/A)","SS,INF","3439","FA","26","","0","0%","0%"
"*03mwy*","Yonathan Daza","(N/A)","OF","3440","FA","32","","0","0%","0%"
"*05m1f*","Danny De Andrade","MIN","2B,3B,INF","3441","FA","22","MIN 2<br/>@DET 7 F","0","1%","0%"
"*06agg*","Sebastian De Andrade","SEA","C","3442","FA","20","TEX 1<br/>@SEA 3","0","0%","0%"
"*061p7*","Luis De Avila","(N/A)","SP","3443","FA","25","","0","0%","0%"
"*07615*","Diover De Aza","NYM","3B,INF","3444","FA","19","@MIA Wed 6:40PM","0","0%","0%"
"*06qz8*","Slater de Brun","TB","OF","10601","FA","19","@ATL Wed 7:15PM","0","12%","0%"
"*06mfh*","Manuel De Cesare","(N/A)","1B,INF","3445","FA","19","","0","0%","0%"
"*07781*","Arturo De Freitas","TEX","C","3446","FA","25","TEX 1<br/>@SEA 3","0","0%","0%"
"*0524m*","Brett de Geus","(N/A)","RP","10602","FA","28","","0","0%","0%"
"*04z6o*","Alex De Goti","(N/A)","2B,INF,OF","3447","FA","32","","0","0%","0%"
"*066bw*","Cedric De Grandpre","ATL","SP","3448","FA","24","TB Wed 7:15PM","0","2%","0%"
"*05li9*","Alex De Jesus","(N/A)","1B,3B,INF","3449","FA","24","","0","0%","0%"
"*059zq*","Angel De Jesus","(N/A)","RP","3450","FA","29","","0","0%","0%"
"*06ulf*","Cesar De Jesus","TB","RP","3451","FA","22","@ATL Wed 7:15PM","0","0%","0%"
"*06imx*","Dairon De Jesus","(N/A)","RP","3452","FA","22","","0","0%","0%"
"*05ygu*","Jose De Jesus","(N/A)","OF","3453","FA","21","","0","0%","0%"
"*0777e*","Juan De Jesus","CHC","OF","3454","FA","18","@MIL Wed 7:40PM","0","0%","0%"
"*05yir*","Randy De Jesus","LAA","OF","3455","FA","21","@BOS Wed 6:45PM","0","1%","0%"
"*06ig7*","Justice De Jong","(N/A)","3B,INF","3456","FA","19","","0","0%","0%"
"*05yhd*","Abdias De La Cruz","ARI","OF","3457","FA","21","@KC Wed 7:40PM","0","1%","0%"
"*06mvd*","Alejandro De La Cruz","MIA","RP","3458","FA","19","NYM Wed 6:40PM","0","0%","0%"
"*06c3f*","Alessander De La Cruz","COL","OF","3459","FA","20","@NYY Wed 7:05PM","0","1%","0%"
"*06ih4*","Alexis De La Cruz","(N/A)","RP","3460","FA","21","","0","0%","0%"
"*04o4r*","Carlos De La Cruz","(N/A)","OF","3461","FA","26","","0","0%","0%"
"*05yl3*","Daneurys De La Cruz","(N/A)","1B,INF","3462","FA","25","","0","0%","0%"
"*06r95*","Elian De La Cruz","ARI","OF","3463","FA","18","@KC Wed 7:40PM","0","1%","0%"
"*06kya*","Erick De La Cruz","ARI","OF","3464","FA","19","@KC Wed 7:40PM","0","0%","0%"
"*06dm0*","Felipe De La Cruz","NYM","SP,RP","3465","FA","25","@MIA Wed 6:40PM","0","6%","0%"
"*06cp5*","Jancory De La Cruz","MIA","OF","3466","FA","20","NYM Wed 6:40PM","0","0%","0%"
"*06rh2*","Jhoan De La Cruz","SD","SS,INF","3467","FA","18","WSH 2<br/>@SD 5","0","1%","0%"
"*04un0*","Jose De La Cruz","(N/A)","OF","3468","FA","24","","0","0%","0%"
"*06rkm*","Jose De La Cruz","COL","C","3469","FA","19","@NYY Wed 7:05PM","0","0%","0%"
"*06v2y*","Jose De La Cruz","HOU","3B,INF","3470","FA","18","@PHI Wed 6:40PM","0","0%","0%"
"*062zq*","Juan De La Cruz","MIA","SP","3471","FA","21","NYM Wed 6:40PM","0","0%","0%"
"*06jfl*","Luis De La Cruz","CLE","1B,INF","3472","FA","19","@BAL Wed 6:35PM","0","1%","0%"
"*06rp0*","Luis De La Cruz","MIA","RP","3473","FA","24","NYM Wed 6:40PM","0","0%","0%"
"*06r6x*","Marlon De La Cruz","WSH","SP","3474","FA","20","WSH 2<br/>@SD 5","0","0%","0%"
"*060yu*","Michael De La Cruz","(N/A)","C","3475","FA","33","","0","0%","0%"
"*0744p*","Michael De La Cruz","MIA","OF","3476","FA","17","NYM Wed 6:40PM","0","0%","0%"
"*06l0t*","Misael De La Cruz","(N/A)","SP","3477","FA","21","","0","0%","0%"
"*06v3v*","Nauris De La Cruz","WSH","OF","3478","FA","19","WSH 2<br/>@SD 5","0","1%","0%"
"*06agj*","Nicolas De La Cruz","BOS","RP","3479","FA","20","LAA Wed 6:45PM","0","0%","0%"
"*062zn*","Rodolfo De La Cruz","(N/A)","SP","3480","FA","22","","0","0%","0%"
"*06qjk*","Rolando De La Cruz","(N/A)","SP","3481","FA","25","","0","0%","0%"
"*077bw*","Sahir De La Cruz","TOR","SP","3482","FA","18","TOR 0<br/>@ATH 2 F","0","0%","0%"
"*072ye*","Starlyn De La Cruz","ATL","OF","3483","FA","17","TB Wed 7:15PM","0","1%","0%"
"*06z5h*","Wanderly De La Cruz","CIN","OF","3484","FA","18","@LAD Wed 10:10PM","0","0%","0%"
"*06qhf*","Wilfri De La Cruz","BAL","SS,INF","3485","FA","18","CLE Wed 6:35PM","0","3%","0%"
"*05lo7*","Willmer De La Cruz","(N/A)","SS,INF","3486","FA","23","","0","0%","0%"
"*072ig*","Yensi De La Cruz","HOU","OF","3487","FA","19","@PHI Wed 6:40PM","0","0%","0%"
"*064oc*","Yuliangel De La Cruz","LAD","RP","3488","FA","21","CIN Wed 10:10PM","0","0%","0%"
"*06l0j*","Franklin De La Paz","(N/A)","SP","3489","FA","27","","0","0%","0%"
"*06kva*","Greylin De La Paz","LAA","3B,INF","3490","FA","19","@BOS Wed 6:45PM","0","0%","0%"
"*06r3y*","Jarlen De La Paz","(N/A)","SP","3491","FA","21","","0","0%","0%"
"*06iez*","Reynaldo De La Paz","(N/A)","OF","3492","FA","20","","0","0%","0%"
"*076se*","Ricardo De La Paz","SD","OF","3493","FA","17","WSH 2<br/>@SD 5","0","2%","0%"
"*06y88*","Carlos De La Rosa","SF","SP","3494","FA","18","STL 6<br/>@SF 1","0","1%","0%"
"*06kvl*","Dioris De La Rosa","LAA","SP","3495","FA","19","@BOS Wed 6:45PM","0","0%","0%"
"*06r0c*","Franck De La Rosa","(N/A)","RP","3496","FA","0","","0","0%","0%"
"*04yt7*","Jeremy De La Rosa","(N/A)","OF","3497","FA","24","","0","0%","0%"
"*06r14*","Jose De La Rosa","(N/A)","SP","3498","FA","21","","0","0%","0%"
"*06v2x*","Jose De La Rosa","SF","RP","3499","FA","19","STL 6<br/>@SF 1","0","0%","0%"
"*052i1*","Luis De La Rosa","(N/A)","SP","3500","FA","24","","0","0%","0%"
"*074uf*","Mairon De La Rosa","SEA","SS,INF","3501","FA","16","TEX 1<br/>@SEA 3","0","0%","0%"
"*05yl8*","Manuel De La Rosa","(N/A)","SP","3502","FA","23","","0","0%","0%"
"*06rsy*","Mayki De La Rosa","ARI","OF","3503","FA","18","@KC Wed 7:40PM","0","0%","0%"
"*06202*","Moises De La Rosa","(N/A)","OF","3504","FA","21","","0","0%","0%"
"*05t5l*","Samil De La Rosa","(N/A)","OF","3505","FA","22","","0","0%","0%"
"*06ugp*","Luis De La Torre","SF","SP","3506","FA","23","STL 6<br/>@SF 1","0","3%","0%"
"*078jm*","Oliver de la Torre","TOR","SP","10603","FA","21","TOR 0<br/>@ATH 2 F","0","0%","0%"
"*06ril*","Abel De Leon","(N/A)","C","3507","FA","22","","0","0%","0%"
"*06rjg*","Adrian De Leon","ARI","C","3508","FA","22","@KC Wed 7:40PM","0","0%","0%"
"*067zq*","Darlyn De Leon","CHC","OF","3509","FA","21","@MIL Wed 7:40PM","0","0%","0%"
"*06cwu*","Darwin De Leon","(N/A)","2B,INF","3510","FA","22","","0","0%","0%"
"*06mox*","Edgardo De Leon","MIA","1B,INF","3511","FA","19","NYM Wed 6:40PM","0","1%","0%"
"*05yif*","Fraymi De Leon","(N/A)","2B,3B,SS,INF","3512","FA","21","","0","0%","0%"
"*0376n*","Jose De Leon","(N/A)","SP","3513","FA","34","","0","0%","0%"
"*074qk*","Leonil De Leon","STL","SP","3514","FA","17","STL 6<br/>@SF 1","0","0%","0%"
"*06c7h*","Luis De Leon","SD","2B,INF","3515","FA","20","WSH 2<br/>@SD 5","0","0%","0%"
"*06y9p*","Luis De Leon","HOU","C","3516","FA","19","@PHI Wed 6:40PM","0","0%","0%"
"*06ule*","Meylin De Leon","(N/A)","2B,INF","3517","FA","19","","0","0%","0%"
"*06uld*","Alexander De Los Santos","PHI","SP,RP","3518","FA","20","HOU Wed 6:40PM","0","0%","0%"
"*05uxv*","Anderson De Los Santos","BAL","1B,3B,INF","3519","FA","22","CLE Wed 6:35PM","0","1%","0%"
"*06ytb*","Angel De Los Santos","DET","SS,INF","3520","FA","18","MIN 2<br/>@DET 7 F","0","2%","0%"
"*076ah*","Carlos De Los Santos","MIA","OF","3521","FA","17","NYM Wed 6:40PM","0","0%","0%"
"*06hyr*","Daiber De Los Santos","MIN","SS,INF","3522","FA","19","MIN 2<br/>@DET 7 F","0","2%","0%"
"*06rti*","David De Los Santos","BAL","SP","3523","FA","20","CLE Wed 6:35PM","0","0%","0%"
"*06rth*","Eliazar De Los Santos","(N/A)","RP","3524","FA","24","","0","0%","0%"
"*06m8j*","Ericksson De Los Santos","DET","RP","3525","FA","20","MIN 2<br/>@DET 7 F","0","0%","0%"
"*06rsk*","Greudis De Los Santos","ARI","SP","3526","FA","20","@KC Wed 7:40PM","0","0%","0%"
"*06rsl*","Jefrey De Los Santos","(N/A)","OF","3527","FA","23","","0","0%","0%"
"*06r9b*","Johan De Los Santos","PIT","2B,SS,INF","3528","FA","18","@CHW Wed 7:40PM","0","14%","0%"
"*06rsm*","Joldelanio De Los Santos","LAD","RP","3529","FA","22","CIN Wed 10:10PM","0","0%","0%"
"*061bu*","Juan De Los Santos","(N/A)","SP","3530","FA","24","","0","0%","0%"
"*06amh*","Luis De Los Santos","(N/A)","SS,INF","3531","FA","28","","0","0%","0%"
"*07765*","Manny De Los Santos","MIL","OF","3532","FA","17","CHC Wed 7:40PM","0","0%","0%"
"*061i0*","Omar De Los Santos","(N/A)","OF","3533","FA","27","","0","0%","0%"
"*06rsn*","Raimundo De Los Santos","TOR","SS,INF","3534","FA","21","TOR 0<br/>@ATH 2 F","0","0%","0%"
"*06rso*","Raudy De Los Santos","(N/A)","2B,INF","3535","FA","23","","0","0%","0%"
"*072wk*","Richard De Los Santos","COL","SS,INF","3536","FA","17","@NYY Wed 7:05PM","0","0%","0%"
"*06uy2*","Sebastian De Los Santos","CLE","OF","3537","FA","20","@BAL Wed 6:35PM","0","0%","0%"
"*06rsp*","Weslin De Los Santos","(N/A)","RP","3538","FA","20","","0","0%","0%"
"*05ygt*","Yordany De Los Santos","PIT","2B,SS,INF","3539","FA","21","@CHW Wed 7:40PM","0","4%","0%"
"*06idt*","Branny De Oleo","NYM","3B,INF","3540","FA","21","@MIA Wed 6:40PM","0","0%","0%"
"*061zv*","Josue De Paula","LAD","OF","3541","THG","21","CIN Wed 10:10PM","0","57%","0%"
"*06z58*","Rosniell De Paula","COL","SS,INF","3542","FA","18","@NYY Wed 7:05PM","0","0%","0%"
"*06rm4*","Yilver De Paula","LAA","SS,INF","3543","FA","18","@BOS Wed 6:45PM","0","1%","0%"
"*06zql*","Wilberson De Pena","NYY","OF","3544","FA","19","COL Wed 7:05PM","0","9%","0%"
"*06sum*","Carlos De Sousa","TB","C","3545","FA","20","@ATL Wed 7:15PM","0","0%","0%"
"*067yc*","Leo De Vries","ATH","SS,INF","3546","BHB","19","TOR 0<br/>@ATH 2 F","0","63%","0%"
"*06qtw*","Aidan Deakins","TEX","SP","3568","FA","22","TEX 1<br/>@SEA 3","0","0%","0%"
"*06if6*","Breyias Dean","MIA","3B,INF","3569","FA","21","NYM Wed 6:40PM","0","0%","0%"
"*06hoa*","Nick Dean","CHC","SP","3570","FA","25","@MIL Wed 7:40PM","0","0%","0%"
"*0648u*","Noah Dean","WSH","SP,RP","3571","FA","25","WSH 2<br/>@SD 5","0","0%","0%"
"*04ob8*","Tyler Dearden","(N/A)","OF","3572","FA","28","","0","0%","0%"
"*06kkg*","Kyle DeBarge","MIN","2B,SS,INF","3547","FA","23","MIN 2<br/>@DET 7 F","0","5%","0%"
"*06o8r*","Jaron DeBerry","MIL","SP","3548","FA","24","CHC Wed 7:40PM","0","3%","0%"
"*05ua0*","Max Debiec","(N/A)","SP","3573","FA","23","","0","0%","0%"
"*06v2s*","Nick DeCarlo","(N/A)","RP","3549","FA","24","","0","0%","0%"
"*06l5c*","Jason DeCaro","PIT","SP","3550","FA","20","@CHW Wed 7:40PM","0","0%","0%"
"*06ook*","Brandon Decker","NYY","SP,RP","3574","FA","24","COL Wed 7:05PM","0","0%","0%"
"*066f6*","Cameron Decker","LAD","1B,INF","3575","FA","22","CIN Wed 10:10PM","0","0%","0%"
"*04pmx*","Nick Decker","(N/A)","OF","3576","FA","26","","0","0%","0%"
"*04prm*","Niko Decolati","(N/A)","OF","3577","FA","29","","0","0%","0%"
"*07035*","Justin DeCriscio","SD","3B,INF","3551","FA","23","WSH 2<br/>@SD 5","0","0%","0%"
"*06lff*","Bailey Dees","(N/A)","SP,RP","3578","FA","27","","0","0%","0%"
"*064nm*","Jaycob Deese","PIT","RP","3579","FA","26","@CHW Wed 7:40PM","0","0%","0%"
"*06rgh*","Kevin Defrank","MIA","SP","3580","FA","18","NYM Wed 6:40PM","0","19%","0%"
"*06qpz*","Ryan Degges","CLE","SP","3581","FA","24","@BAL Wed 6:35PM","0","0%","0%"
"*076rs*","Maicor Degollado","BAL","SS,INF","3582","FA","18","CLE Wed 6:35PM","0","0%","0%"
"*06qsh*","Kyle DeGroat","KC","SP","3552","FA","20","ARI Wed 7:40PM","0","1%","0%"
"*070bt*","Holden deJong","BAL","SP","10604","FA","22","CLE Wed 6:35PM","0","0%","0%"
"*03qkh*","Paul DeJong","(N/A)","2B,3B,SS,INF","3553","FA","33","","0","1%","0%"
"*06r85*","Anthony Del Angel","(N/A)","3B,INF","3583","FA","19","","0","0%","0%"
"*051h6*","Fineas Del Bonta-Smith","(N/A)","RP","3584","FA","29","","0","0%","0%"
"*076so*","Francisco Del Campo","MIA","C","3585","FA","17","NYM Wed 6:40PM","0","0%","0%"
"*07773*","Adrian Del Cid","LAD","SS,INF","3586","FA","17","CIN Wed 10:10PM","0","0%","0%"
"*057xr*","Alisson Del Orbe","(N/A)","2B,INF","3587","FA","25","","0","0%","0%"
"*05un0*","Angel Del Rosario","(N/A)","3B,INF","3588","FA","23","","0","0%","0%"
"*06l0p*","Ismael Del Rosario","(N/A)","OF","3589","FA","19","","0","0%","0%"
"*06imy*","Joelvis Del Rosario","(N/A)","SP","3590","FA","25","","0","0%","0%"
"*05y6d*","Richel Del Rosario","(N/A)","1B,3B,INF,OF","3591","FA","22","","0","0%","0%"
"*060yr*","Jacob DeLabio","(N/A)","RP","3554","FA","28","","0","0%","0%"
"*06c2h*","Chad Delancey","(N/A)","OF","3592","FA","20","","0","0%","0%"
"*041w5*","Jason Delay","BOS","C","3593","FA","31","LAA Wed 6:45PM","0","0%","0%"
"*06ahf*","Jake DeLeo","(N/A)","OF","3555","FA","25","","0","0%","0%"
"*067zg*","Adrian Delgado","(N/A)","RP","3594","FA","21","","0","0%","0%"
"*0776n*","Anthony Delgado","NYM","1B,INF","3595","FA","19","@MIA Wed 6:40PM","0","0%","0%"
"*06y9y*","Antonio Delgado","HOU","RP","3596","FA","19","@PHI Wed 6:40PM","0","0%","0%"
"*06bs5*","Enderson Delgado","DET","C","3597","FA","21","MIN 2<br/>@DET 7 F","0","0%","0%"
"*06mht*","Jesus Delgado","(N/A)","RP","3598","FA","22","","0","0%","0%"
"*06rwc*","Jesus Delgado","ATH","SP","3599","FA","20","TOR 0<br/>@ATH 2 F","0","0%","0%"
"*06med*","Joan Delgado","(N/A)","OF","3600","FA","21","","0","0%","0%"
"*061z7*","Keiner Delgado","PIT","2B,3B,INF","3601","FA","22","@CHW Wed 7:40PM","0","2%","0%"
"*05gs6*","Zach DeLoach","(N/A)","OF","3556","FA","28","","0","1%","0%"
"*06quy*","Joe Delossantos","(N/A)","OF","3602","FA","25","","0","0%","0%"
"*06r1p*","Geremi Delpino","(N/A)","RP","3603","FA","22","","0","0%","0%"
"*06494*","Dylan DeLucia","CLE","SP","3557","FA","26","@BAL Wed 6:35PM","0","0%","0%"
"*06z42*","Cody Delvecchio","SF","SP","3604","FA","22","STL 6<br/>@SF 1","0","0%","0%"
"*06r9y*","Sadbiel Delzine","BOS","SP","3605","FA","18","LAA Wed 6:45PM","0","11%","0%"
"*062ec*","Carson DeMartini","PHI","3B,SS,INF","3558","FA","23","HOU Wed 6:40PM","0","3%","0%"
"*07739*","Josue Demey","LAA","C","3606","FA","19","@BOS Wed 6:45PM","0","0%","0%"
"*06gjk*","Austin Deming","(N/A)","3B,INF","3607","FA","26","","0","0%","0%"
"*077rt*","Evan Dempsey","DET","SP","3608","FA","21","MIN 2<br/>@DET 7 F","0","0%","0%"
"*060vb*","Eddy Demurias","(N/A)","RP","3609","FA","29","","0","0%","0%"
"*06rlk*","Joseph Deng Thon","LAD","RP","3610","FA","19","CIN Wed 10:10PM","0","0%","0%"
"*05jpf*","Trenton Denholm","CLE","SP,RP","3611","FA","26","@BAL Wed 6:35PM","0","0%","0%"
"*05yft*","Theo Denlinger","(N/A)","SP","3612","FA","30","","0","0%","0%"
"*06ume*","Jacob Denner","SEA","RP","3613","FA","26","TEX 1<br/>@SEA 3","0","0%","0%"
"*077n9*","Cole Dennis","ATL","SP","3614","FA","18","TB Wed 7:15PM","0","0%","0%"
"*0763q*","Hogan Denny","(N/A)","OF","3615","FA","20","","0","0%","0%"
"*05ydf*","Noah Denoyer","(N/A)","SP","3616","FA","28","","0","0%","0%"
"*06f1i*","Cade Denton","COL","RP","3617","FA","24","@NYY Wed 7:05PM","0","0%","0%"
"*05u2h*","Zane Denton","(N/A)","3B,INF","3618","FA","25","","0","0%","0%"
"*06zlf*","Anthony DePino","CHW","1B,INF","3559","FA","23","PIT Wed 7:40PM","0","1%","0%"
"*05155*","Brad Deppermann","SF","RP","3619","FA","30","STL 6<br/>@SF 1","0","0%","0%"
"*06ukf*","Tate DeRias","(N/A)","SP","3560","FA","20","","0","0%","0%"
"*06ror*","Kyle Dernedde","CLE","2B,3B,INF","3620","FA","25","@BAL Wed 6:35PM","0","0%","0%"
"*070ct*","Ryan DeSanto","CLE","SP","3561","FA","22","@BAL Wed 6:35PM","0","0%","0%"
"*06sut*","Nicolas Deschamps","(N/A)","C","3621","FA","24","","0","0%","0%"
"*02but*","Anthony DeSclafani","(N/A)","SP,RP","3562","FA","36","","0","0%","0%"
"*01tji*","Delino DeShields","(N/A)","OF","3563","FA","34","","0","0%","0%"
"*078tx*","Erick Dessens","CLE","OF","3622","FA","21","@BAL Wed 6:35PM","0","0%","0%"
"*076qn*","Ben` DeTaeye","TEX","RP","3564","FA","25","TEX 1<br/>@SEA 3","0","0%","0%"
"*078fa*","Drew Detlefsen","SD","OF","3623","FA","22","WSH 2<br/>@SD 5","0","0%","0%"
"*067ym*","Parker Detmers","(N/A)","SP","3624","FA","21","","0","0%","0%"
"*063e1*","Nathan Dettmer","ATH","SP","3625","FA","24","TOR 0<br/>@ATH 2 F","0","0%","0%"
"*051bu*","Cam Devanney","(N/A)","3B,INF","3626","FA","29","","0","0%","0%"
"*078io*","Hudson DeVaughan","KC","SP","3565","FA","19","ARI Wed 7:40PM","0","0%","0%"
"*04mkz*","Jose Devers","(N/A)","2B,INF","3627","FA","26","","0","0%","0%"
"*05uhx*","Jose Devers","CLE","SS,INF","3628","FA","23","@BAL Wed 6:35PM","0","0%","0%"
"*060vz*","Luis Devers","(N/A)","SP","3629","FA","26","","0","0%","0%"
"*05163*","Ricky DeVito","(N/A)","RP","3566","FA","28","","0","0%","0%"
"*065j7*","Nolan DeVos","HOU","SP","3567","FA","26","@PHI Wed 6:40PM","0","0%","0%"
"*066mf*","Filippo Di Turi","MIL","2B,3B,SS,INF","3630","FA","20","CHC Wed 7:40PM","0","1%","0%"
"*06495*","Derek Diamond","PIT","RP","3635","FA","25","@CHW Wed 7:40PM","0","0%","0%"
"*076kj*","Luis Dias","BAL","C","3636","FA","17","CLE Wed 6:35PM","0","1%","0%"
"*06o02*","Khadim Diaw","MIN","C","3637","FA","23","MIN 2<br/>@DET 7 F","0","2%","0%"
"*02y8t*","Aledmys Diaz","(N/A)","1B,3B,SS,INF","3638","FA","36","","0","0%","0%"
"*03qqf*","Alexis Diaz","TEX","RP","3639","FA","29","TEX 1<br/>@SEA 3","0","5%","0%"
"*06rsg*","Anderson Diaz","DET","SP","3640","FA","18","MIN 2<br/>@DET 7 F","0","0%","0%"
"*06con*","Angel Diaz","(N/A)","C","3641","FA","22","","0","0%","0%"
"*05m6d*","Blayberg Diaz","MIL","C","3642","FA","23","CHC Wed 7:40PM","0","0%","0%"
"*06hsu*","Brauli Diaz","(N/A)","3B,INF","3643","FA","20","","0","0%","0%"
"*066mu*","Camilo Diaz","HOU","3B,INF","3644","FA","21","@PHI Wed 6:40PM","0","1%","0%"
"*078kr*","Chris Diaz","SEA","SP","3645","FA","21","TEX 1<br/>@SEA 3","0","0%","0%"
"*05yh4*","Davis Diaz","ATH","C","3646","FA","23","TOR 0<br/>@ATH 2 F","0","0%","0%"
"*06sav*","Dencer Diaz","(N/A)","1B,INF","3647","FA","18","","0","0%","0%"
"*0375c*","Edwin Diaz","HOU","3B,SS,INF","3648","FA","31","@PHI Wed 6:40PM","0","0%","0%"
"*06f0j*","Franyel Diaz","NYM","RP","3649","FA","21","@MIA Wed 6:40PM","0","0%","0%"
"*06rs3*","Gleiner Diaz","SEA","RP","3650","FA","22","TEX 1<br/>@SEA 3","0","0%","0%"
"*05t8w*","Indigo Diaz","(N/A)","RP","3651","FA","27","","0","0%","0%"
"*03da6*","Isan Diaz","(N/A)","2B,SS,INF","3652","FA","30","","0","0%","0%"
"*06riq*","Jairo Diaz","CHC","C","3653","FA","22","@MIL Wed 7:40PM","0","0%","0%"
"*06dpt*","Jatnk Diaz","DET","SP","3654","FA","22","MIN 2<br/>@DET 7 F","0","0%","0%"
"*06qh6*","Jhiancarlos Diaz","(N/A)","SS,INF","3655","FA","19","","0","0%","0%"
"*050k5*","Jhon Diaz","TB","OF","3656","FA","23","@ATL Wed 7:15PM","0","1%","0%"
"*05rjb*","Joel Diaz","NYM","SP","3657","FA","22","@MIA Wed 6:40PM","0","1%","0%"
"*04yub*","Jordan Diaz","(N/A)","2B,INF","3658","FA","26","","0","0%","0%"
"*06ajs*","Joseph Diaz","(N/A)","OF","3659","FA","20","","0","0%","0%"
"*05itw*","Kelvin Diaz","(N/A)","2B,INF","3660","FA","23","","0","0%","0%"
"*06u78*","Kelvin Diaz","(N/A)","SS,INF","3661","FA","23","","0","0%","0%"
"*031ui*","Lewin Diaz","(N/A)","1B,INF","3662","FA","29","","0","0%","0%"
"*06dvu*","Lisbel Diaz","SF","OF","3663","FA","21","STL 6<br/>@SF 1","0","2%","0%"
"*03mkx*","Miguel Diaz","(N/A)","RP","3664","FA","31","","0","0%","0%"
"*066k6*","Nomar Diaz","(N/A)","C","3665","FA","22","","0","0%","0%"
"*06ulc*","Norbis Diaz","(N/A)","RP","3666","FA","22","","0","0%","0%"
"*06r51*","Oniel Diaz","CIN","SP","3667","FA","20","@LAD Wed 10:10PM","0","0%","0%"
"*06o0b*","Randal Diaz","BAL","2B,3B,SS,INF","3668","FA","23","CLE Wed 6:35PM","0","0%","0%"
"*06ulb*","Reudis Diaz","CHW","RP","3669","FA","20","PIT Wed 7:40PM","0","0%","0%"
"*0526b*","Victor Diaz","(N/A)","1B,INF","3670","FA","24","","0","0%","0%"
"*06qt6*","Victor Diaz","CIN","RP","3671","FA","23","@LAD Wed 10:10PM","0","0%","0%"
"*05gyh*","Wilman Diaz","(N/A)","2B,INF","3672","FA","22","","0","1%","0%"
"*060p4*","Winder Diaz","(N/A)","2B,INF","3673","FA","24","","0","0%","0%"
"*06rir*","Yidel Diaz","(N/A)","C","3674","FA","21","","0","0%","0%"
"*05gvn*","Yoljeldriz Diaz","(N/A)","RP","3675","FA","25","","0","0%","0%"
"*06rpc*","Yorvit Diaz","ATH","3B,INF","3676","FA","18","TOR 0<br/>@ATH 2 F","0","0%","0%"
"*03vuk*","Yusniel Diaz","(N/A)","OF","3677","FA","29","","0","0%","0%"
"*067z6*","Blake Dickerson","DET","SP","3678","FA","21","MIN 2<br/>@DET 7 F","0","0%","0%"
"*06fqf*","Dustin Dickerson","KC","SS,INF","3679","FA","25","ARI Wed 7:40PM","0","0%","0%"
"*067zd*","Korbyn Dickerson","SEA","OF","3680","FA","22","TEX 1<br/>@SEA 3","0","4%","0%"
"*06mne*","Luke Dickerson","WSH","2B,SS,INF","3681","FA","21","WSH 2<br/>@SD 5","0","10%","0%"
"*060my*","Jared Dickey","ATH","OF","3682","FA","24","TOR 0<br/>@ATH 2 F","0","1%","0%"
"*06lz2*","Daniel Dickinson","MIL","2B,INF","3683","FA","22","CHC Wed 7:40PM","0","1%","0%"
"*06lwi*","Jose Dickson","DET","SS,INF","3684","FA","19","MIN 2<br/>@DET 7 F","0","0%","0%"
"*0516i*","Jose Dicochea","ATH","SP,RP","3685","FA","25","TOR 0<br/>@ATH 2 F","0","0%","0%"
"*06qqq*","Harrison Didawick","(N/A)","OF","3686","FA","23","","0","0%","0%"
"*03mpg*","Ray-Patrick Didder","(N/A)","2B,SS,INF","3687","FA","31","","0","0%","0%"
"*06uxk*","Sayer Diederich","(N/A)","RP","3688","FA","25","","0","0%","0%"
"*077s2*","Carter Dierdorf","NYM","1B,INF","3689","FA","23","@MIA Wed 6:40PM","0","0%","0%"
"*06hi6*","Hunter Dietz","NYY","SP","3690","FA","21","COL Wed 7:05PM","0","2%","0%"
"*06zg0*","Tyler Dietz","SD","RP","3691","FA","23","WSH 2<br/>@SD 5","0","0%","0%"
"*075ny*","Choyce Diffey","CHW","RP","3692","FA","24","PIT Wed 7:40PM","0","0%","0%"
"*03c7r*","Wilmer Difo","(N/A)","2B,3B,INF","3693","FA","34","","0","0%","0%"
"*06mey*","Jairon Digon","(N/A)","RP","3694","FA","20","","0","0%","0%"
"*06kvd*","Eriel Dihigo","COL","3B,INF","3695","FA","19","@NYY Wed 7:05PM","0","0%","0%"
"*0710t*","Jay Dill","ATH","RP","3696","FA","23","TOR 0<br/>@ATH 2 F","0","0%","0%"
"*04pzn*","Trey Dillard","(N/A)","RP","3697","FA","27","","0","0%","0%"
"*078ts*","Parker Dillhoff","CLE","SP","3698","FA","23","@BAL Wed 6:35PM","0","0%","0%"
"*077em*","Julio Dilone","SD","RP","3699","FA","26","WSH 2<br/>@SD 5","0","0%","0%"
"*07796*","Matti DiMaggio","(N/A)","OF","3631","FA","15","","0","0%","0%"
"*06yqb*","Michael DiMartini","(N/A)","OF","3632","FA","21","","0","0%","0%"
"*04ydk*","Dawson Dimon","(N/A)","C","3700","FA","27","","0","0%","0%"
"*0766f*","Mason Dinesen","BAL","SS,INF","3701","FA","28","CLE Wed 6:35PM","0","0%","0%"
"*06o0e*","Marco Dinges","MIL","C","3702","FA","23","CHC Wed 7:40PM","0","9%","0%"
"*06gu6*","Jonah Dipoto","(N/A)","RP","3703","FA","30","","0","0%","0%"
"*06r04*","Isaias Dipre","(N/A)","SS,INF","3704","FA","23","","0","0%","0%"
"*06krw*","Eliazar Dishmey","MIA","SP","3705","FA","21","NYM Wed 6:40PM","0","6%","0%"
"*076g9*","Samil Dishmey","LAA","OF","3706","FA","20","@BOS Wed 6:45PM","0","0%","0%"
"*06htw*","Arturo Disla","TEX","1B,INF","3707","FA","25","TEX 1<br/>@SEA 3","0","0%","0%"
"*06hiz*","Angelo DiSpigna","(N/A)","1B,INF,OF","3633","FA","26","","0","0%","0%"
"*0668a*","Jordan Dissin","PHI","C","3708","FA","24","HOU Wed 6:40PM","0","0%","0%"
"*05rc0*","Jordan DiValerio","(N/A)","SP","3634","FA","28","","0","0%","0%"
"*066j0*","JD Dix","ARI","2B,INF","3709","FA","20","@KC Wed 7:40PM","0","14%","0%"
"*05yet*","Brenden Dixon","CHW","3B,INF","3710","FA","25","PIT Wed 7:40PM","0","0%","0%"
"*06fqj*","Joey Dixon","HOU","RP","3711","FA","24","@PHI Wed 6:40PM","0","0%","0%"
"*06qk6*","Hunter Dobbins","DET","C","3712","FA","23","MIN 2<br/>@DET 7 F","0","0%","0%"
"*04pn2*","Tanner Dodson","(N/A)","RP","3713","FA","29","","0","0%","0%"
"*06431*","Griffin Doersching","(N/A)","1B,INF","3714","FA","28","","0","0%","0%"
"*06nug*","Nate Dohm","STL","SP","3715","FA","23","STL 6<br/>@SF 1","0","2%","0%"
"*06qub*","Jason Doktorczyk","MIN","SP,RP","3716","FA","23","MIN 2<br/>@DET 7 F","0","0%","0%"
"*06zek*","Ryan Dollar","NYM","RP","3717","FA","22","@MIA Wed 6:40PM","0","0%","0%"
"*05jrq*","Taylor Dollard","SEA","SP","3718","FA","27","TEX 1<br/>@SEA 3","0","1%","0%"
"*06agi*","Nick Dombkowski","PIT","SP,RP","3719","FA","28","@CHW Wed 7:40PM","0","0%","0%"
"*062yw*","Trey Dombroski","HOU","SP,RP","3720","FA","25","@PHI Wed 6:40PM","0","1%","0%"
"*06ooj*","Vicarte Domingo","SD","RP","3721","FA","23","WSH 2<br/>@SD 5","0","0%","0%"
"*06kj1*","Alexis Dominguez","(N/A)","RP","3722","FA","20","","0","0%","0%"
"*06c83*","Diego Dominguez","TOR","RP","3723","FA","22","TOR 0<br/>@ATH 2 F","0","0%","0%"
"*06c59*","Eric Dominguez","(N/A)","SP,RP","3724","FA","23","","0","0%","0%"
"*05uxw*","Johan Dominguez","(N/A)","SP","3725","FA","30","","0","0%","0%"
"*051bk*","Michael Dominguez","(N/A)","SP,RP","3726","FA","26","","0","0%","0%"
"*06r1v*","Ramiro Dominguez","MIN","2B,INF","3727","FA","19","MIN 2<br/>@DET 7 F","0","1%","0%"
"*05gbb*","Robert Dominguez","(N/A)","RP","3728","FA","24","","0","0%","0%"
"*06r3r*","Brody Donay","TB","C,1B,INF","3729","FA","22","@ATL Wed 7:15PM","0","0%","0%"
"*05r6f*","Rayne Doncon","MIN","3B,INF","3730","FA","22","MIN 2<br/>@DET 7 F","0","2%","0%"
"*06uqp*","Carlos Done","MIL","OF","3731","FA","19","CHC Wed 7:40PM","0","0%","0%"
"*0734g*","Carlos Done","TEX","OF","3732","FA","17","TEX 1<br/>@SEA 3","0","0%","0%"
"*06z64*","Leni Done","NYY","3B,INF","3733","FA","19","COL Wed 7:05PM","0","0%","0%"
"*06quw*","Anthony Donofrio","SEA","OF","3734","FA","26","TEX 1<br/>@SEA 3","0","0%","0%"
"*0664q*","Liam Doolan","(N/A)","SP","3735","FA","27","","0","0%","0%"
"*0520t*","J.J. D'Orazio","LAA","C","3354","FA","24","@BOS Wed 6:45PM","0","0%","0%"
"*06quu*","Ethan Dorchies","MIL","SP,RP","3736","FA","19","CHC Wed 7:40PM","0","5%","0%"
"*06qio*","Carter Dorighi","SEA","1B,2B,3B,INF","3737","FA","23","TEX 1<br/>@SEA 3","0","0%","0%"
"*078vn*","Cole Dorland","ATL","SP","3738","FA","17","TB Wed 7:15PM","0","0%","0%"
"*078f0*","Felix Doroteo","PIT","RP","3739","FA","21","@CHW Wed 7:40PM","0","0%","0%"
"*06quk*","Carson Dorsey","BAL","SP","3740","FA","23","CLE Wed 6:35PM","0","0%","0%"
"*06rj9*","Manuel Dos Passos","ATL","C","3741","FA","19","TB Wed 7:15PM","0","0%","0%"
"*06yd4*","Sebastian Dos Santos","STL","SS,INF","3742","FA","18","STL 6<br/>@SF 1","0","13%","0%"
"*06r6t*","Vinicius Dos Santos","SF","OF","3743","FA","19","STL 6<br/>@SF 1","0","0%","0%"
"*0780f*","Cooper Dossett","NYM","RP","3744","FA","22","@MIA Wed 6:40PM","0","0%","0%"
"*06z13*","Luke Dotson","ARI","RP","3745","FA","22","@KC Wed 7:40PM","0","0%","0%"
"*060io*","Christian Doty","(N/A)","SS,INF","3746","FA","19","","0","0%","0%"
"*06za1*","Ty Doucette","CIN","1B,INF","3747","FA","22","@LAD Wed 10:10PM","0","0%","0%"
"*06fv7*","Jack Dougherty","MIN","SP","3748","FA","24","MIN 2<br/>@DET 7 F","0","0%","0%"
"*06kk6*","Braylon Doughty","CLE","SP","3749","FA","20","@BAL Wed 6:35PM","0","28%","0%"
"*05gds*","Cade Doughty","ATL","2B,3B,SS,INF","3750","FA","25","TB Wed 7:15PM","0","1%","0%"
"*072ar*","Kameron Douglas","DET","OF","3751","FA","22","MIN 2<br/>@DET 7 F","0","0%","0%"
"*078iq*","Brayden Dowd","ARI","OF","3752","FA","21","@KC Wed 7:40PM","0","0%","0%"
"*06fzp*","Drew Dowd","TB","RP","3753","FA","24","@ATL Wed 7:15PM","0","1%","0%"
"*06hh7*","Kevin Dowdell","(N/A)","RP","3754","FA","26","","0","0%","0%"
"*06qtr*","Brandon Downer","BAL","SP","3755","FA","23","CLE Wed 6:35PM","0","0%","0%"
"*06rni*","Jhojan Downer","SD","C","3756","FA","19","WSH 2<br/>@SD 5","0","0%","0%"
"*05tzc*","Aaron Downs","(N/A)","3B,INF","3757","FA","24","","0","0%","0%"
"*078lc*","Chris Downs","SD","RP","3758","FA","21","WSH 2<br/>@SD 5","0","0%","0%"
"*04eeg*","Jeter Downs","(N/A)","2B,3B,INF","3759","FA","28","","0","1%","0%"
"*06roc*","Liam Doyle","STL","SP","3760","FA","22","STL 6<br/>@SF 1","0","51%","0%"
"*04ef7*","Tommy Doyle","(N/A)","RP","3761","FA","30","","0","0%","0%"
"*06qtx*","Joel Dragoo","PHI","OF","3762","FA","23","HOU Wed 6:40PM","0","0%","0%"
"*06dna*","Isaiah Drake","ATL","OF","3763","FA","21","TB Wed 7:15PM","0","4%","0%"
"*06kk8*","Dylan Dreiling","TEX","OF","3764","FA","23","TEX 1<br/>@SEA 3","0","6%","0%"
"*06zb0*","Dylan Driessen","STL","RP","3765","FA","21","STL 6<br/>@SF 1","0","0%","0%"
"*0512b*","Logan Driscoll","MIA","C","3766","FA","28","NYM Wed 6:40PM","0","0%","0%"
"*06gif*","Jay Driver","CLE","RP","3767","FA","24","@BAL Wed 6:35PM","0","0%","0%"
"*06ppu*","Ryan Dromboski","PHI","SP,RP","3768","FA","23","HOU Wed 6:40PM","0","0%","0%"
"*05ua1*","Brody Drost","(N/A)","OF","3769","FA","24","","0","0%","0%"
"*06z5z*","Jorge Drullard","BAL","2B,INF","3770","FA","18","CLE Wed 6:35PM","0","0%","0%"
"*02hlw*","Brandon Drury","KC","2B,INF","3771","FA","34","ARI Wed 7:40PM","0","1%","0%"
"*06qpm*","Hunter Dryden","SF","SP","3772","FA","24","STL 6<br/>@SF 1","0","0%","0%"
"*06xzx*","Athanael Duarte","LAA","1B,3B,INF","3773","FA","21","@BOS Wed 6:45PM","0","0%","0%"
"*078oj*","Cristian Duarte","TOR","SP","3774","FA","18","TOR 0<br/>@ATH 2 F","0","0%","0%"
"*06kyz*","Fernando Duarte","(N/A)","RP","3775","FA","19","","0","0%","0%"
"*076gl*","Luis Duarte","MIN","C","3776","FA","17","MIN 2<br/>@DET 7 F","0","0%","0%"
"*074vv*","Victor Duarte","SD","2B,INF","3777","FA","25","WSH 2<br/>@SD 5","0","0%","0%"
"*0764g*","Victor Duarte","ATL","RP","3778","FA","18","TB Wed 7:15PM","0","0%","0%"
"*072r0*","Yoel Duarte","SD","SP","3779","FA","17","WSH 2<br/>@SD 5","0","0%","0%"
"*06qqn*","Jayden Dubanewicz","MIL","SP,RP","3780","FA","20","CHC Wed 7:40PM","0","2%","0%"
"*04pxb*","Shawn Dubin","(N/A)","RP","3781","FA","31","","0","0%","0%"
"*073ne*","Dylan Dubovik","(N/A)","OF","3782","FA","19","","0","0%","0%"
"*06ig8*","Jacob Dudan","ATH","SP","3783","FA","21","TOR 0<br/>@ATH 2 F","0","0%","0%"
"*06zak*","Bryson Dudley","KC","RP","3784","FA","22","ARI Wed 7:40PM","0","0%","0%"
"*077z4*","Jake Duer","ARI","OF","3785","FA","23","@KC Wed 7:40PM","0","0%","0%"
"*06805*","Damon Dues","(N/A)","2B,INF,OF","3786","FA","28","","0","0%","0%"
"*06ciy*","Brandon Dufault","(N/A)","SP,RP","3787","FA","27","","0","0%","0%"
"*02mzd*","Tyler Duffey","(N/A)","RP","3788","FA","35","","0","0%","0%"
"*02c5y*","Matt Duffy","(N/A)","3B,INF","3789","FA","35","","0","0%","0%"
"*06f0l*","Matt Duffy","BOS","SP","3790","FA","24","LAA Wed 6:45PM","0","0%","0%"
"*05u6i*","Nick Dugan","(N/A)","SP","3791","FA","22","","0","0%","0%"
"*0603k*","Gavin Dugas","(N/A)","3B,INF","3792","FA","26","","0","0%","0%"
"*078jb*","Cashel Dugger","WSH","C","3793","FA","21","WSH 2<br/>@SD 5","0","0%","0%"
"*0421i*","Robert Dugger","(N/A)","SP","3794","FA","31","","0","0%","0%"
"*06kwm*","Hunter Dula","(N/A)","RP","3795","FA","27","","0","0%","0%"
"*078zm*","Caden Dulin","CHC","SS,INF","3796","FA","23","@MIL Wed 7:40PM","0","0%","0%"
"*061yf*","Kevin Dume","(N/A)","1B,INF","3797","FA","21","","0","0%","0%"
"*06mvf*","Nick Dumesnil","DET","OF","3798","FA","22","MIN 2<br/>@DET 7 F","0","1%","0%"
"*06qr8*","Titus Dumitru","PIT","OF","3799","FA","23","@CHW Wed 7:40PM","0","0%","0%"
"*06y0a*","Matt Dunaway","SF","RP","3800","FA","27","STL 6<br/>@SF 1","0","0%","0%"
"*075xr*","Sean Duncan","NYY","SP","3801","FA","18","COL Wed 7:05PM","0","0%","0%"
"*06h20*","Andrew Dunford","HOU","RP","3802","FA","21","@PHI Wed 6:40PM","0","0%","0%"
"*0516r*","Clay Dungan","SD","2B,SS,INF,OF","3803","FA","30","WSH 2<br/>@SD 5","0","0%","0%"
"*05jr2*","Elijah Dunham","LAA","OF","3804","FA","28","@BOS Wed 6:45PM","0","1%","0%"
"*05ra1*","Hayden Dunhurst","(N/A)","C","3805","FA","25","","0","0%","0%"
"*075c6*","Sean Dunlap","(N/A)","C","3806","FA","18","","0","0%","0%"
"*041m4*","Justin Dunn","LAA","SP","3807","FA","30","@BOS Wed 6:45PM","0","0%","0%"
"*04pqr*","Nick Dunn","(N/A)","2B,INF","3808","FA","29","","0","0%","0%"
"*06371*","Ross Dunn","MIN","SP","3809","FA","24","MIN 2<br/>@DET 7 F","0","0%","0%"
"*041m9*","Dane Dunning","SEA","RP","3810","FA","31","TEX 1<br/>@SEA 3","0","2%","0%"
"*06626*","Alfredo Duno","CIN","C","3811","FA","20","@LAD Wed 10:10PM","0","43%","0%"
"*041y7*","Parker Dunshee","(N/A)","SP,RP","3812","FA","31","","0","0%","0%"
"*041qq*","Jon Duplantier","(N/A)","SP,RP","3813","FA","32","","0","0%","0%"
"*067zr*","Alessandro Duran","SF","1B,INF","3814","FA","21","STL 6<br/>@SF 1","0","0%","0%"
"*06rw8*","Carlos Duran","(N/A)","SP","3815","FA","18","","0","0%","0%"
"*065s0*","Edinson Duran","NYY","C","3816","FA","24","COL Wed 7:05PM","0","0%","0%"
"*05xyq*","Edward Duran","TOR","C","3817","FA","22","TOR 0<br/>@ATH 2 F","0","0%","0%"
"*06rnd*","Juan Duran","BAL","RP","3818","FA","22","CLE Wed 6:35PM","0","0%","0%"
"*074dt*","Juan Duran","WSH","OF","3819","FA","17","WSH 2<br/>@SD 5","0","1%","0%"
"*0775p*","Juanyerlin Duran","BOS","SP","3820","FA","18","LAA Wed 6:45PM","0","0%","0%"
"*06o12*","Julian Duran","(N/A)","RP","3821","FA","21","","0","0%","0%"
"*07301*","Ricky Duran","ATH","SS,INF","3822","FA","17","TOR 0<br/>@ATH 2 F","0","0%","0%"
"*06z5l*","Steven Duran","MIL","SP","3823","FA","18","CHC Wed 7:40PM","0","0%","0%"
"*06ytz*","Yovanny Duran","MIN","OF","3824","FA","18","MIN 2<br/>@DET 7 F","0","1%","0%"
"*05j8v*","Luis Durango","NYY","OF","3825","FA","23","COL Wed 7:05PM","0","2%","0%"
"*06qsp*","Brendan Durfee","SD","C","3826","FA","25","WSH 2<br/>@SD 5","0","0%","0%"
"*06huo*","Hayden Durke","ARI","RP","3827","FA","24","@KC Wed 7:40PM","0","0%","0%"
"*078n8*","Kam Durnin","HOU","SS,INF","3828","FA","22","@PHI Wed 6:40PM","0","0%","0%"
"*06rln*","Max Durrington","ATH","2B,INF","3829","FA","19","TOR 0<br/>@ATH 2 F","0","0%","0%"
"*06ywg*","Konni Durschlag","SEA","OF","3830","FA","24","TEX 1<br/>@SEA 3","0","0%","0%"
"*05tp8*","Andrew Dutkanych","STL","SP","3831","FA","23","STL 6<br/>@SF 1","0","0%","0%"
"*074vy*","Reese Dutton","PHI","SP","3832","FA","25","HOU Wed 6:40PM","0","0%","0%"
"*07039*","Samuel Dutton","ATH","SP","3833","FA","23","TOR 0<br/>@ATH 2 F","0","0%","0%"
"*027ow*","Adam Duvall","(N/A)","OF","3834","FA","38","","0","0%","0%"
"*076gn*","Jake Dykhoff","BAL","RP","3835","FA","27","CLE Wed 6:35PM","0","0%","0%"
"*06qip*","Connor Dykstra","SEA","C","3836","FA","25","TEX 1<br/>@SEA 3","0","0%","0%"
"*06rre*","Joseph Dzierwa","BAL","SP","3837","FA","22","CLE Wed 6:35PM","0","32%","0%"
"*06o03*","Daniel Eagen","STL","SP","3838","FA","23","STL 6<br/>@SF 1","0","14%","0%"
"*072ym*","Tyler Early","(N/A)","1B,INF,SP,RP","3839","FA","14","","0","1%","0%"
"*04prf*","Jayce Easley","(N/A)","2B,3B,INF","3841","FA","27","","0","0%","0%"
"*06qj2*","J'Briell Easley","TEX","SP","3840","FA","25","TEX 1<br/>@SEA 3","0","0%","0%"
"*06ywf*","Reid Easterly","SEA","RP","3842","FA","24","TEX 1<br/>@SEA 3","0","0%","0%"
"*06pgh*","Konner Eaton","COL","SP","3843","FA","23","@NYY Wed 7:05PM","0","1%","0%"
"*06alr*","Brady Ebel","MIL","SS,INF","3844","FA","19","CHC Wed 7:40PM","0","17%","0%"
"*077c5*","Trey Ebel","MIL","SS,INF","3845","FA","17","CHC Wed 7:40PM","0","1%","0%"
"*06hs4*","Weston Eberly","(N/A)","C","3846","FA","25","","0","0%","0%"
"*06qkg*","Bryce Eblin","CHW","2B,INF","3847","FA","24","PIT Wed 7:40PM","0","0%","0%"
"*078pb*","Sebastian Echavarria","MIN","RP","3848","FA","17","MIN 2<br/>@DET 7 F","0","0%","0%"
"*06cqx*","Steven Echavarria","ATH","SP","3849","FA","21","TOR 0<br/>@ATH 2 F","0","3%","0%"
"*06zb4*","Kaden Echeman","STL","SP","3850","FA","23","STL 6<br/>@SF 1","0","0%","0%"
"*078kx*","Mason Eckelman","SEA","C","3851","FA","21","TEX 1<br/>@SEA 3","0","0%","0%"
"*06za6*","Noah Edders","CHC","RP","3852","FA","23","@MIL Wed 7:40PM","0","0%","0%"
"*06fqk*","Jake Eddington","PHI","RP","3853","FA","25","HOU Wed 6:40PM","0","0%","0%"
"*078gt*","Gavin Eddy","HOU","SP","3854","FA","21","@PHI Wed 6:40PM","0","0%","0%"
"*0514l*","Cam Eden","(N/A)","OF","3855","FA","28","","0","0%","0%"
"*06zam*","Kamden Edge","KC","RP","3856","FA","21","ARI Wed 7:40PM","0","0%","0%"
"*06l50*","Brian Edgington","CIN","SP","3857","FA","28","@LAD Wed 10:10PM","0","0%","0%"
"*06s3c*","Derrick Edington","TB","RP","3858","FA","27","@ATL Wed 7:15PM","0","0%","0%"
"*072dj*","Clay Edmondson","SD","SP","3859","FA","23","WSH 2<br/>@SD 5","0","0%","0%"
"*05yo8*","Christian Edwards","(N/A)","SP","3860","FA","27","","0","0%","0%"
"*0513e*","Evan Edwards","(N/A)","1B,INF","3861","FA","29","","0","0%","0%"
"*06gjx*","Garrett Edwards","TB","SP","3862","FA","24","@ATL Wed 7:15PM","0","0%","0%"
"*06ul8*","Jacob Edwards","CIN","RP","3863","FA","26","@LAD Wed 10:10PM","0","0%","0%"
"*073sd*","Mason Edwards","ATH","SP","3864","FA","21","TOR 0<br/>@ATH 2 F","0","1%","0%"
"*05yd4*","Zach Edwards","(N/A)","SP","3865","FA","21","","0","0%","0%"
"*06ltg*","Payton Eeles","BAL","2B,SS,INF","3866","FA","26","CLE Wed 6:35PM","0","4%","0%"
"*03qs8*","Scott Effross","SEA","RP","3867","FA","32","TEX 1<br/>@SEA 3","0","1%","0%"
"*06h1r*","Kenten Egbert","CHC","SP,RP","3868","FA","25","@MIL Wed 7:40PM","0","0%","0%"
"*066l0*","Zach Ehrhard","LAD","OF","3869","FA","23","CIN Wed 10:10PM","0","8%","0%"
"*06l4q*","Austin Ehrlicher","BOS","SP,RP","3870","FA","23","LAA Wed 6:45PM","0","0%","0%"
"*04mls*","Jeremy Eierman","(N/A)","SS,INF","3871","FA","29","","0","0%","0%"
"*06qto*","Brandon Eike","SEA","1B,3B,INF","3872","FA","24","TEX 1<br/>@SEA 3","0","0%","0%"
"*0700z*","Riley Eikhoff","CHW","SP","3873","FA","24","PIT Wed 7:40PM","0","0%","0%"
"*075lq*","Kade Elam","(N/A)","SS,INF","3874","FA","20","","0","0%","0%"
"*06zej*","Will Eldridge","ATL","RP","3875","FA","22","TB Wed 7:15PM","0","0%","0%"
"*0763i*","Juan Elejandro","ATL","2B,INF","3876","FA","18","TB Wed 7:15PM","0","0%","0%"
"*06oog*","Frank Elissalt","STL","SP,RP","3877","FA","24","STL 6<br/>@SF 1","0","0%","0%"
"*06qti*","Lucas Elissalt","DET","SP","3878","FA","22","MIN 2<br/>@DET 7 F","0","3%","0%"
"*06fzi*","Jaron Elkins","LAD","OF","3879","FA","21","CIN Wed 10:10PM","0","2%","0%"
"*066da*","Tim Elko","CHW","1B,INF","3880","FA","27","PIT Wed 7:40PM","0","2%","0%"
"*064n3*","Magnus Ellerts","CLE","RP","3881","FA","25","@BAL Wed 6:35PM","0","0%","0%"
"*0603n*","Clark Elliott","ATH","OF","3882","FA","25","TOR 0<br/>@ATH 2 F","0","1%","0%"
"*0629r*","Hunter Elliott","(N/A)","SP","3883","FA","24","","0","0%","0%"
"*03dab*","Chris Ellis","(N/A)","SP","3884","FA","33","","0","0%","0%"
"*04eet*","Drew Ellis","(N/A)","1B,3B,INF","3885","FA","30","","0","0%","0%"
"*04es1*","Duke Ellis","NYY","OF","3886","FA","28","COL Wed 7:05PM","0","0%","0%"
"*06qit*","Matthew Ellis","SEA","C","3887","FA","26","TEX 1<br/>@SEA 3","0","0%","0%"
"*06iet*","James Ellwanger","MIN","SP","3888","FA","22","MIN 2<br/>@DET 7 F","0","3%","0%"
"*06mel*","Marco Eluscat","SD","SP","3889","FA","20","WSH 2<br/>@SD 5","0","0%","0%"
"*05jpn*","Stevie Emanuels","ATH","RP","3890","FA","27","TOR 0<br/>@ATH 2 F","0","0%","0%"
"*076si*","Jon Embury","(N/A)","3B,INF","3891","FA","20","","0","0%","0%"
"*06hsa*","Austin Emener","COL","RP","3892","FA","24","@NYY Wed 7:05PM","0","0%","0%"
"*066j2*","Grady Emerson","TB","SS,INF","3893","FA","18","@ATL Wed 7:15PM","0","8%","0%"
"*05jqu*","Kale Emshoff","(N/A)","C,1B,INF","3894","FA","28","","0","0%","0%"
"*061zj*","Andy Encarnacion","ARI","OF","3895","FA","21","@KC Wed 7:40PM","0","0%","0%"
"*063zd*","Anyelo Encarnacion","STL","SS,INF","3896","FA","22","STL 6<br/>@SF 1","0","1%","0%"
"*057za*","Breidy Encarnacion","(N/A)","SP","3897","FA","25","","0","0%","0%"
"*06xzv*","Diwarys Encarnacion","MIA","SS,INF","3898","FA","20","NYM Wed 6:40PM","0","0%","0%"
"*077b7*","Erick Encarnacion","ATH","3B,INF","3899","FA","17","TOR 0<br/>@ATH 2 F","0","0%","0%"
"*05ycp*","Freili Encarnacion","BOS","1B,3B,INF","3900","FA","21","LAA Wed 6:45PM","0","1%","0%"
"*06kv2*","Handelfry Encarnacion","MIL","OF","3901","FA","19","CHC Wed 7:40PM","0","5%","0%"
"*05ydx*","Juan Daniel Encarnacion","(N/A)","SP","3902","FA","25","","0","0%","0%"
"*06klh*","Kifraidy Encarnacion","MIA","RP","3903","FA","20","NYM Wed 6:40PM","0","0%","0%"
"*06suz*","Lorenzo Encarnacion","(N/A)","SP","3904","FA","24","","0","0%","0%"
"*05ydw*","Luis Encarnacion","(N/A)","1B,INF","3905","FA","23","","0","0%","0%"
"*064w7*","Nixon Encarnacion","(N/A)","RP","3906","FA","21","","0","0%","0%"
"*060w3*","Yamal Encarnacion","HOU","OF","3907","FA","23","@PHI Wed 6:40PM","0","0%","0%"
"*05rc1*","Jimmy Endersby","(N/A)","SP","3908","FA","28","","0","0%","0%"
"*04205*","Scott Engler","(N/A)","SP,RP","3909","FA","29","","0","0%","0%"
"*0780k*","McCarty English","TB","RP","3910","FA","22","@ATL Wed 7:15PM","0","0%","0%"
"*0512d*","Tristin English","(N/A)","1B,INF","3911","FA","29","","0","1%","0%"
"*078zf*","Patrick Engskov","ATL","SS,INF","3912","FA","22","TB Wed 7:15PM","0","0%","0%"
"*04ak4*","Blayne Enlow","ATL","SP","3913","FA","27","TB Wed 7:15PM","0","0%","0%"
"*03qvm*","Nic Enright","TOR","RP","3914","FA","29","TOR 0<br/>@ATH 2 F","0","1%","0%"
"*076f0*","Junsang Eom","ARI","SS,INF,SP","3915","FA","18","@KC Wed 7:40PM","0","1%","0%"
"*06zdj*","Sean Episcope","MIL","SP","3916","FA","22","CHC Wed 7:40PM","0","0%","0%"
"*06fu3*","Haden Erbe","(N/A)","RP","3917","FA","28","","0","0%","0%"
"*06imz*","Alessandro Ercolani","PIT","SP","3918","FA","22","@CHW Wed 7:40PM","0","1%","0%"
"*066md*","Kevin Ereu","(N/A)","1B,INF","3919","FA","20","","0","0%","0%"
"*05jqq*","Mason Erla","LAA","RP","3920","FA","29","@BOS Wed 6:45PM","0","0%","0%"
"*06u6l*","Estarlin Escalante","(N/A)","RP","3921","FA","23","","0","0%","0%"
"*06rl3*","Yhoan Escalona","PHI","3B,INF","3922","FA","20","HOU Wed 6:40PM","0","0%","0%"
"*078y4*","Ysaias Escalona","CIN","SP","3923","FA","20","@LAD Wed 10:10PM","0","0%","0%"
"*06idi*","Aneudi Escanio","(N/A)","SS,INF","3924","FA","21","","0","0%","0%"
"*05wbo*","Brenny Escanio","(N/A)","2B,SS,INF","3925","FA","23","","0","0%","0%"
"*06vya*","Alan Escobar","CHW","OF","3926","FA","18","PIT Wed 7:40PM","0","0%","0%"
"*06423*","Aroon Escobar","PHI","2B,INF","3927","FA","21","HOU Wed 6:40PM","0","16%","0%"
"*024nt*","Edwin Escobar","(N/A)","RP","3928","FA","34","","0","0%","0%"
"*076s2*","Jesus Escobar","ARI","SP,RP","3929","FA","20","@KC Wed 7:40PM","0","0%","0%"
"*066qd*","Jose Escobar","CHC","OF","3930","FA","21","@MIL Wed 7:40PM","0","1%","0%"
"*04z94*","Maikol Escotto","(N/A)","2B,SS,INF","3931","FA","24","","0","0%","0%"
"*06o0h*","Luis Escudero","NYY","2B,INF","3932","FA","20","COL Wed 7:05PM","0","2%","0%"
"*05u1q*","Samuel Escudero","PIT","C","3933","FA","22","@CHW Wed 7:40PM","0","0%","0%"
"*075lc*","Jack Eshleman","TOR","RP","3934","FA","22","TOR 0<br/>@ATH 2 F","0","0%","0%"
"*06qod*","Alan Espinal","COL","C","3935","FA","24","@NYY Wed 7:05PM","0","0%","0%"
"*06ugv*","Cesar Espinal","MIL","RP","3936","FA","21","CHC Wed 7:40PM","0","0%","0%"
"*06yyt*","Edian Espinal","DET","2B,INF","3937","FA","21","MIN 2<br/>@DET 7 F","0","0%","0%"
"*06uj4*","Edwardo Espinal","LAA","OF","3938","FA","20","@BOS Wed 6:45PM","0","0%","0%"
"*05gdj*","Ewry Espinal","(N/A)","OF","3939","FA","23","","0","0%","0%"
"*06op6*","Jeury Espinal","ARI","RP","3940","FA","19","@KC Wed 7:40PM","0","0%","0%"
"*06iyu*","Juan Espinal","ATL","OF","3941","FA","19","TB Wed 7:15PM","0","0%","0%"
"*05y5v*","Christopher Espinola","(N/A)","OF","3942","FA","22","","0","0%","0%"
"*060qf*","Carlos Espinosa","LAA","RP","3943","FA","25","@BOS Wed 6:45PM","0","0%","0%"
"*06yex*","Romeli Espinosa","PHI","SS,INF","3944","FA","18","HOU Wed 6:40PM","0","1%","0%"
"*03g4b*","Anderson Espinoza","(N/A)","RP","3945","FA","28","","0","0%","0%"
"*064vs*","Eiver Espinoza","(N/A)","RP","3946","FA","22","","0","0%","0%"
"*06qxw*","Francisco Espinoza","LAD","C","3947","FA","19","CIN Wed 10:10PM","0","0%","0%"
"*06c2x*","Leonel Espinoza","CHC","OF","3948","FA","23","@MIL Wed 7:40PM","0","0%","0%"
"*0624a*","Lizandro Espinoza","ATL","SS,INF,OF","3949","FA","23","TB Wed 7:15PM","0","1%","0%"
"*066my*","Ludwing Espinoza","CHC","2B,INF","3950","FA","20","@MIL Wed 7:40PM","0","0%","0%"
"*06o0x*","Luis Espinoza","BAL","SP","3951","FA","19","CLE Wed 6:35PM","0","0%","0%"
"*06zwv*","Rainer Espinoza","SF","OF","3952","FA","18","STL 6<br/>@SF 1","0","0%","0%"
"*074ce*","Sebastian Espinoza","CLE","OF","3953","FA","17","@BAL Wed 6:35PM","0","0%","0%"
"*06r6m*","Victor Espiritu","TOR","RP","3954","FA","21","TOR 0<br/>@ATH 2 F","0","0%","0%"
"*06igu*","Luke Esquivel","(N/A)","1B,INF","3955","FA","17","","0","0%","0%"
"*06yk0*","Conor Essenburg","ATL","OF,SP","3956","FA","19","TB Wed 7:15PM","0","18%","0%"
"*0641j*","Jaydenn Estanista","PHI","RP","3957","FA","24","HOU Wed 6:40PM","0","0%","0%"
"*0700w*","Claudio Estelie","PIT","RP","3958","FA","22","@CHW Wed 7:40PM","0","0%","0%"
"*07771*","Emerson Estevez","NYM","OF","3959","FA","17","@MIA Wed 6:40PM","0","0%","0%"
"*06kuk*","Evan Estevez","SF","1B,INF","3960","FA","19","STL 6<br/>@SF 1","0","0%","0%"
"*05j74*","Geury Estevez","(N/A)","SS,INF","3961","FA","24","","0","0%","0%"
"*06aot*","John Estevez","ATL","OF","3962","FA","20","TB Wed 7:15PM","0","0%","0%"
"*06mc2*","Samuel Estevez","MIA","OF","3963","FA","19","NYM Wed 6:40PM","0","0%","0%"
"*0630n*","Aron Estrada","BAL","2B,INF,OF","3964","FA","21","CLE Wed 6:35PM","0","11%","0%"
"*06rkf*","Johan Estrada","(N/A)","1B,INF","3965","FA","20","","0","0%","0%"
"*06qo2*","Mack Estrada","NYY","SP","3966","FA","21","COL Wed 7:05PM","0","0%","0%"
"*06yqz*","Mason Estrada","LAD","SP","3967","FA","22","CIN Wed 10:10PM","0","0%","0%"
"*06y03*","Ricardo Estrada","SF","RP","3968","FA","24","STL 6<br/>@SF 1","0","0%","0%"
"*03aay*","Thairo Estrada","(N/A)","2B,INF","3969","FA","30","","0","2%","0%"
"*0776k*","Luis Estrella","STL","OF","3970","FA","17","STL 6<br/>@SF 1","0","0%","0%"
"*064vp*","Mauricio Estrella","SF","RP","3971","FA","22","STL 6<br/>@SF 1","0","0%","0%"
"*078f3*","Carson Estridge","HOU","RP","3972","FA","22","@PHI Wed 6:40PM","0","0%","0%"
"*06qll*","J.T. Etheridge","NYY","SP","3973","FA","24","COL Wed 7:05PM","0","0%","0%"
"*06fut*","Matthew Etzel","MIA","OF","3974","FA","24","NYM Wed 6:40PM","0","1%","0%"
"*06rr6*","Chan Eui Song","(N/A)","2B,INF","3975","FA","27","","0","0%","0%"
"*077r8*","Jase Evangelista","BOS","RP","3976","FA","21","LAA Wed 6:45PM","0","0%","0%"
"*078xj*","Andrew Evans","ARI","SP","3977","FA","22","@KC Wed 7:40PM","0","0%","0%"
"*06ahg*","Casan Evans","(N/A)","SS,INF","3978","FA","20","","0","0%","0%"
"*06hsb*","Donye Evans","DET","RP","3979","FA","24","MIN 2<br/>@DET 7 F","0","0%","0%"
"*06hv8*","Logan Evans","SEA","SP","3980","FA","25","TEX 1<br/>@SEA 3","0","12%","0%"
"*02610*","Phillip Evans","(N/A)","1B,3B,INF","3981","FA","33","","0","0%","0%"
"*078lt*","Rob Evans","SD","SP","3982","FA","22","WSH 2<br/>@SD 5","0","0%","0%"
"*078ms*","Spencer Evans","PIT","SP","3983","FA","19","@CHW Wed 7:40PM","0","0%","0%"
"*066it*","Wyatt Evans","(N/A)","RP","3984","FA","23","","0","0%","0%"
"*06qu5*","Zach Evans","SD","2B,3B,INF","3985","FA","24","WSH 2<br/>@SD 5","0","0%","0%"
"*06uuu*","AJ Evasco","(N/A)","OF","3986","FA","21","","0","0%","0%"
"*066je*","E.J. Exposito","DET","2B,3B,INF","3987","FA","25","MIN 2<br/>@DET 7 F","0","0%","0%"
"*06mph*","Anthony Eyanson","BAL","SP","3988","jd","21","CLE Wed 6:35PM","0","42%","0%"
"*04z95*","Albert Fabian","SD","OF","3989","FA","24","WSH 2<br/>@SD 5","0","0%","0%"
"*06ulj*","Andy Fabian","BAL","RP","3990","FA","23","CLE Wed 6:35PM","0","0%","0%"
"*05ybu*","Deric Fabian","(N/A)","SS,INF","3991","FA","24","","0","0%","0%"
"*05gsp*","Jud Fabian","BAL","OF","3992","FA","25","CLE Wed 6:35PM","0","3%","0%"
"*06u6h*","Samuel Fabian","(N/A)","RP","3993","FA","23","","0","0%","0%"
"*03o3v*","Sandro Fabian","(N/A)","OF","3994","FA","28","","0","0%","0%"
"*05xxv*","Allen Facundo","NYY","SP","3995","FA","24","COL Wed 7:05PM","0","3%","0%"
"*04aec*","Alex Faedo","LAA","RP","3996","FA","30","@BOS Wed 6:45PM","0","1%","0%"
"*06qj1*","Christian Fagnant","WSH","C","3997","FA","25","WSH 2<br/>@SD 5","0","0%","0%"
"*066io*","Jake Faherty","TOR","RP","3998","FA","23","TOR 0<br/>@ATH 2 F","0","0%","0%"
"*06uli*","Fred Fajardo","(N/A)","RP","3999","FA","21","","0","0%","0%"
"*06hu5*","German Fajardo","SEA","RP","4000","FA","25","TEX 1<br/>@SEA 3","0","0%","0%"
"*06mcc*","Yhoiker Fajardo","STL","SP","4001","FA","19","STL 6<br/>@SF 1","0","15%","0%"
"*04s8l*","Yoyner Fajardo","(N/A)","OF","4002","FA","27","","0","0%","0%"
"*075kt*","Adam Falinski","MIN","RP","4003","FA","24","MIN 2<br/>@DET 7 F","0","0%","0%"
"*06zg5*","Nick Falter","SD","SP","4004","FA","23","WSH 2<br/>@SD 5","0","0%","0%"
"*05ua2*","Trey Faltine","CIN","2B,INF","4005","FA","25","@LAD Wed 10:10PM","0","0%","0%"
"*06vy8*","Cesar Familia","CHW","RP","4006","FA","18","PIT Wed 7:40PM","0","0%","0%"
"*0624b*","Christopher Familia","(N/A)","OF","4007","FA","26","","0","0%","0%"
"*06lwg*","Jose Familia","(N/A)","SS,INF","4008","FA","19","","0","0%","0%"
"*072zy*","Kendri Fana","LAA","SP","4009","FA","17","@BOS Wed 6:45PM","0","1%","0%"
"*06r8d*","Nomar Fana","(N/A)","OF","4010","FA","23","","0","0%","0%"
"*060qh*","Willy Fanas","(N/A)","OF","4011","FA","22","","0","0%","0%"
"*070dx*","Callan Fang","MIN","SP","4012","FA","22","MIN 2<br/>@DET 7 F","0","0%","0%"
"*06ks6*","Ryne Farber","(N/A)","SS,INF","4013","FA","21","","0","0%","0%"
"*07778*","Ray Faria","BAL","C","4014","FA","17","CLE Wed 6:35PM","0","0%","0%"
"*070cb*","Elijah Farley","HOU","OF","4015","FA","20","@PHI Wed 6:40PM","0","0%","0%"
"*066sx*","Jonny Farmelo","SEA","OF","4016","FA","22","TEX 1<br/>@SEA 3","0","34%","0%"
"*02n6j*","Buck Farmer","(N/A)","RP","4017","FA","35","","0","0%","0%"
"*0669m*","Caleb Farmer","WSH","C","4018","FA","27","WSH 2<br/>@SD 5","0","0%","0%"
"*066ao*","Ezra Farmer","(N/A)","OF","4019","FA","23","","0","0%","0%"
"*06qug*","Greg Farone","SF","SP","4020","FA","24","STL 6<br/>@SF 1","0","0%","0%"
"*06hex*","Trent Farquhar","PHI","2B,3B,INF","4021","FA","25","HOU Wed 6:40PM","0","0%","0%"
"*06ra3*","Sawyer Farr","(N/A)","SS,INF","4022","FA","21","","0","0%","0%"
"*05xpx*","Thomas Farr","CIN","RP","4023","FA","27","@LAD Wed 10:10PM","0","0%","0%"
"*06qsm*","Ian Farrow","(N/A)","OF","4024","FA","24","","0","0%","0%"
"*06z7o*","Drew Faurot","MIA","2B,INF","4025","FA","22","NYM Wed 6:40PM","0","1%","0%"
"*06y9u*","Jaden Fauske","CHW","OF","4026","FA","19","PIT Wed 7:40PM","0","9%","0%"
"*066an*","Braeden Fausnaught","PHI","SP","4027","FA","27","HOU Wed 6:40PM","0","0%","0%"
"*06pgp*","Caden Favors","CLE","SP","4028","FA","25","@BAL Wed 6:35PM","0","1%","0%"
"*077yh*","Austin Fawley","ATL","C","4029","FA","23","TB Wed 7:15PM","0","0%","0%"
"*077qf*","Tyler Fay","PIT","SP","4030","FA","22","@CHW Wed 7:40PM","0","0%","0%"
"*064zn*","Moises Febrillet","(N/A)","3B,INF","4031","FA","21","","0","0%","0%"
"*062ja*","Ryan Feczko","(N/A)","SP","4032","FA","25","","0","0%","0%"
"*06bmz*","Daniel Federman","(N/A)","RP","4033","FA","27","","0","0%","0%"
"*0791z*","Cole Fehrman","TEX","RP","4034","FA","23","TEX 1<br/>@SEA 3","0","0%","0%"
"*04anh*","Brady Feigl","(N/A)","RP","4035","FA","35","","0","0%","0%"
"*078zn*","Harrison Feinberg","CHC","OF","4036","FA","23","@MIL Wed 7:40PM","0","0%","0%"
"*077o7*","Justin Feld","CHW","SP","4037","FA","23","PIT Wed 7:40PM","0","0%","0%"
"*041qj*","Mario Feliciano","(N/A)","C","4038","FA","27","","0","0%","0%"
"*078qs*","Sandor Feliciano","CIN","2B,INF","4039","FA","18","@LAD Wed 10:10PM","0","0%","0%"
"*060mo*","Angel Felipe","(N/A)","RP","4040","FA","29","","0","0%","0%"
"*06c3b*","Diego Felix","(N/A)","OF","4041","FA","20","","0","0%","0%"
"*06mmp*","Eddy Felix","DET","SP","4042","FA","23","MIN 2<br/>@DET 7 F","0","0%","0%"
"*06hwv*","Edrick Felix","(N/A)","3B,INF","4043","FA","24","","0","0%","0%"
"*06ibj*","Adbiel Feliz","PIT","2B,SS,INF","4044","FA","19","@CHW Wed 7:40PM","0","0%","0%"
"*0510y*","Albert Feliz","(N/A)","1B,INF","4045","FA","24","","0","0%","0%"
"*06ibw*","Angel Feliz","WSH","SS,INF","4046","FA","19","WSH 2<br/>@SD 5","0","2%","0%"
"*05it8*","Cristian Feliz","(N/A)","OF","4047","FA","24","","0","0%","0%"
"*05ad6*","George Feliz","SEA","OF","4048","FA","23","TEX 1<br/>@SEA 3","0","1%","0%"
"*04rzy*","Ignacio Feliz","(N/A)","SP","4049","FA","26","","0","0%","0%"
"*0737n*","Imanol Feliz","HOU","OF","4050","FA","17","@PHI Wed 6:40PM","0","0%","0%"
"*06k85*","Jose Feliz","WSH","SP","4051","FA","20","WSH 2<br/>@SD 5","0","0%","0%"
"*06rkv*","Wandi Feliz","COL","OF","4052","FA","18","@NYY Wed 7:05PM","0","0%","0%"
"*06ugu*","Mervin Fell","ARI","SP","4053","FA","23","@KC Wed 7:40PM","0","0%","0%"
"*0514x*","Drake Fellows","PHI","SP,RP","4054","FA","28","HOU Wed 6:40PM","0","0%","0%"
"*04ppx*","Durbin Feltman","STL","SP,RP","4055","FA","29","STL 6<br/>@SF 1","0","0%","0%"
"*06fqd*","Jackson Feltner","(N/A)","1B,INF","4056","FA","24","","0","0%","0%"
"*06r5q*","Kenny Fenelon","MIL","OF","4057","FA","18","CHC Wed 7:40PM","0","2%","0%"
"*06hhe*","Connor Fenlong","DET","SP","4058","FA","26","MIN 2<br/>@DET 7 F","0","0%","0%"
"*064n4*","Cade Fergus","(N/A)","OF","4059","FA","26","","0","0%","0%"
"*05uaf*","Max Ferguson","BOS","2B,INF,OF","4060","FA","27","LAA Wed 6:45PM","0","0%","0%"
"*072p5*","Albert Fermin","HOU","SS,INF","4061","FA","17","@PHI Wed 6:40PM","0","12%","0%"
"*06lwh*","Anderson Fermin","BOS","OF","4062","FA","20","LAA Wed 6:45PM","0","0%","0%"
"*0777b*","Joshua Fermin","KC","OF","4063","FA","18","ARI Wed 7:40PM","0","0%","0%"
"*078z6*","Alex Fernandes","ATH","OF","4064","FA","23","TOR 0<br/>@ATH 2 F","0","0%","0%"
"*072zq*","Angeni Fernandez","MIL","SS,INF","4065","FA","17","CHC Wed 7:40PM","0","3%","0%"
"*074a8*","Brandol Fernandez","COL","SP","4066","FA","17","@NYY Wed 7:05PM","0","0%","0%"
"*066m8*","Darling Fernandez","ATH","OF","4067","FA","20","TOR 0<br/>@ATH 2 F","0","0%","0%"
"*06kxm*","Dauri Fernandez","CLE","SS,INF","4068","FA","19","@BAL Wed 6:35PM","0","5%","0%"
"*076go*","Diego Fernandez","CLE","2B,INF","4069","FA","17","@BAL Wed 6:35PM","0","0%","0%"
"*04y7p*","Eduarqui Fernandez","(N/A)","OF","4070","FA","24","","0","0%","0%"
"*0792r*","Edwing Fernandez","CLE","SP,RP","4071","FA","17","@BAL Wed 6:35PM","0","0%","0%"
"*06nlp*","Ilan Fernandez","PHI","3B,INF","4072","FA","19","HOU Wed 6:40PM","0","0%","0%"
"*06hf8*","Jesus Fernandez","ATH","SS,INF","4073","FA","20","TOR 0<br/>@ATH 2 F","0","0%","0%"
"*06rjd*","Johan Fernandez","ARI","C","4074","FA","19","@KC Wed 7:40PM","0","0%","0%"
"*06r5n*","Jomar Fernandez","(N/A)","SP","4075","FA","21","","0","0%","0%"
"*064ry*","Jose Fernandez","(N/A)","RP","4076","FA","22","","0","0%","0%"
"*048tm*","Juan Fernandez","(N/A)","C","4077","FA","27","","0","0%","0%"
"*03mo2*","Junior Fernandez","(N/A)","RP","4078","FA","29","","0","0%","0%"
"*072az*","Luke Fernandez","CLE","RP","4079","FA","22","@BAL Wed 6:35PM","0","0%","0%"
"*06rty*","Malvin Fernandez","ATL","3B,INF","4080","FA","18","TB Wed 7:15PM","0","0%","0%"
"*072g0*","Ricardo Fernandez","STL","SP","4081","FA","18","STL 6<br/>@SF 1","0","0%","0%"
"*06lta*","Richard Fernandez","(N/A)","RP","4082","FA","23","","0","0%","0%"
"*05g3k*","Yanquiel Fernandez","NYY","OF","4083","FA","23","COL Wed 7:05PM","0","6%","0%"
"*05adw*","Yeiner Fernandez","LAD","C,2B,3B,INF","4084","FA","23","CIN Wed 10:10PM","0","1%","0%"
"*05rha*","Yosmi Fernandez","(N/A)","SS,INF","4085","FA","22","","0","0%","0%"
"*072np*","Uli Fernsler","(N/A)","SP","4086","FA","19","","0","0%","0%"
"*0701l*","Matthew Ferrara","PHI","2B,INF","4087","FA","19","HOU Wed 6:40PM","0","0%","0%"
"*077rw*","Caden Ferraro","STL","1B,INF","4088","FA","21","STL 6<br/>@SF 1","0","0%","0%"
"*06mcb*","Alirio Ferrebus","PHI","C,1B,INF","4089","FA","20","HOU Wed 6:40PM","0","3%","0%"
"*060u8*","Johan Ferreira","(N/A)","3B,INF","4090","FA","23","","0","0%","0%"
"*06c8t*","Andinson Ferrer","(N/A)","SP","4091","FA","22","","0","0%","0%"
"*062e6*","Jaime Ferrer","MIN","C,1B,INF,OF","4092","FA","23","MIN 2<br/>@DET 7 F","0","0%","0%"
"*05ym2*","Richard Ferrer-Westrop","(N/A)","3B,INF","4093","FA","23","","0","0%","0%"
"*06hnr*","Pascanel Ferreras","HOU","2B,3B,SS,INF","4094","FA","24","@PHI Wed 6:40PM","0","0%","0%"
"*05u6g*","Jackson Ferris","LAD","SP","4095","FA","22","CIN Wed 10:10PM","0","32%","0%"
"*0776w*","William Ferrufino","COL","SS,INF","4096","FA","18","@NYY Wed 7:05PM","0","0%","0%"
"*05yav*","David Festa","MIN","SP","4097","FA","26","MIN 2<br/>@DET 7 F","0","15%","0%"
"*03dpn*","J.P. Feyereisen","LAD","RP","4098","FA","33","CIN Wed 10:10PM","0","0%","0%"
"*06ql2*","Jadyn Fielder","HOU","OF","4099","FA","22","@PHI Wed 6:40PM","0","1%","0%"
"*05jq8*","Brandon Fields","(N/A)","OF","4100","FA","25","","0","0%","0%"
"*0665l*","Colin Fields","DET","RP","4101","FA","26","MIN 2<br/>@DET 7 F","0","0%","0%"
"*06pq8*","Dylan Fien","ATH","C","4102","FA","20","TOR 0<br/>@ATH 2 F","0","0%","0%"
"*06qyu*","Gavin Fien","WSH","3B,SS,INF","4103","FA","19","WSH 2<br/>@SD 5","0","27%","0%"
"*078sq*","Peyton Fiene","HOU","RP","4104","FA","20","@PHI Wed 6:40PM","0","0%","0%"
"*075ks*","Dilan Figueredo","LAD","RP","4105","FA","23","CIN Wed 10:10PM","0","0%","0%"
"*076r0*","Raunny Figueredo","MIA","OF","4106","FA","17","NYM Wed 6:40PM","0","0%","0%"
"*076a6*","Breyner Figuereo","TEX","SP","4107","FA","18","TEX 1<br/>@SEA 3","0","0%","0%"
"*06s4a*","Enmanuel Figuereo","BOS","OF","4108","FA","18","LAA Wed 6:45PM","0","0%","0%"
"*05xnt*","Gleider Figuereo","TEX","3B,INF","4109","FA","22","TEX 1<br/>@SEA 3","0","1%","0%"
"*0734e*","Brayan Figueroa","ARI","SS,INF","4110","FA","17","@KC Wed 7:40PM","0","0%","0%"
"*066td*","Derlin Figueroa","KC","1B,3B,INF","4111","FA","23","ARI Wed 7:40PM","0","0%","0%"
"*0766x*","Diego Figueroa","KC","RP","4112","FA","21","ARI Wed 7:40PM","0","0%","0%"
"*06z67*","Edgardo Figueroa","WSH","C","4113","FA","18","WSH 2<br/>@SD 5","0","0%","0%"
"*05uvf*","Jeferson Figueroa","(N/A)","RP","4114","FA","26","","0","0%","0%"
"*0776o*","Juan Figueroa","PIT","OF","4115","FA","0","@CHW Wed 7:40PM","0","0%","0%"
"*064wc*","Leiker Figueroa","(N/A)","3B,INF","4116","FA","21","","0","0%","0%"
"*0790c*","Pablo Figueroa","CLE","SP,RP","4117","FA","19","@BAL Wed 6:35PM","0","0%","0%"
"*06nv7*","Victor Figueroa","BAL","1B,INF","4118","FA","22","CLE Wed 6:35PM","0","7%","0%"
"*04esk*","Dylan File","DET","SP","4119","FA","30","MIN 2<br/>@DET 7 F","0","0%","0%"
"*062ea*","Jack Findlay","STL","RP","4120","FA","24","STL 6<br/>@SF 1","0","0%","0%"
"*06ajo*","Jackson Finley","ATH","SP,RP","4121","FA","25","TOR 0<br/>@ATH 2 F","0","0%","0%"
"*06z14*","Leighton Finley","BOS","SP","4122","FA","22","LAA Wed 6:45PM","0","0%","0%"
"*04ggh*","Claudio Finol","(N/A)","3B,INF","4123","FA","26","","0","0%","0%"
"*0657x*","Graham Firoved","(N/A)","RP","4124","FA","26","","0","0%","0%"
"*06k7t*","Andrew Fischer","MIL","3B,INF","4125","FA","22","CHC Wed 7:40PM","0","44%","0%"
"*070db*","Carson Fischer","WSH","RP","4126","FA","23","WSH 2<br/>@SD 5","0","0%","0%"
"*06agk*","Cade Fisher","BOS","SP","4127","FA","23","LAA Wed 6:45PM","0","0%","0%"
"*06amp*","Cam Fisher","(N/A)","1B,INF,OF","4128","FA","25","","0","0%","0%"
"*06mib*","Colin Fisher","SF","SP","4129","FA","21","STL 6<br/>@SF 1","0","0%","0%"
"*06uth*","Matthew Fisher","PHI","SP","4130","FA","20","HOU Wed 6:40PM","0","6%","0%"
"*078ss*","Troy Fisher","ATL","SS,INF","4131","FA","18","TB Wed 7:15PM","0","0%","0%"
"*05146*","Evan Fitterer","SD","SP,RP","4132","FA","26","WSH 2<br/>@SD 5","0","1%","0%"
"*05rav*","Richard Fitts","STL","SP","4133","FA","26","STL 6<br/>@SF 1","0","12%","0%"
"*06p5z*","Devin Fitz-Gerald","WSH","SS,INF","4134","FA","21","WSH 2<br/>@SD 5","0","28%","0%"
"*06hu4*","Hunter Fitz-Gerald","SEA","1B,INF","4135","FA","25","TEX 1<br/>@SEA 3","0","0%","0%"
"*06qqp*","Kevin Fitzer","COL","1B,INF,OF","4136","FA","24","@NYY Wed 7:05PM","0","0%","0%"
"*078z7*","Colin Fitzgerald","ATH","SP","4137","FA","23","TOR 0<br/>@ATH 2 F","0","0%","0%"
"*05uo0*","Ryan Fitzgerald","LAD","2B,SS,INF","4138","FA","32","CIN Wed 10:10PM","0","1%","0%"
"*05131*","Tyler Fitzgerald","LAD","2B,INF","4139","FA","28","CIN Wed 10:10PM","0","3%","0%"
"*06hwy*","Jake Fitzgibbons","ARI","RP","4140","FA","24","@KC Wed 7:40PM","0","0%","0%"
"*078lx*","Sean Fitzpatrick","SD","RP","4141","FA","23","WSH 2<br/>@SD 5","0","0%","0%"
"*077o5*","Grayson Fitzwater","CHW","1B,INF","4142","FA","22","PIT Wed 7:40PM","0","0%","0%"
"*06kvh*","Daniel Flames","TEX","2B,INF","4143","FA","19","TEX 1<br/>@SEA 3","0","0%","0%"
"*06hpu*","Ethan Flanagan","CHC","SP","4144","FA","24","@MIL Wed 7:40PM","0","0%","0%"
"*06hwm*","Danny Flatt","NYY","SP","4145","FA","22","COL Wed 7:05PM","0","0%","0%"
"*05ybk*","William Fleming","MIN","SP,RP","4146","FA","27","MIN 2<br/>@DET 7 F","0","0%","0%"
"*06yxh*","Cooper Flemming","TB","SS,INF","4147","FA","20","@ATL Wed 7:15PM","0","17%","0%"
"*06gjq*","Stu Flesland III","COL","SP,RP","4148","FA","25","@NYY Wed 7:05PM","0","0%","0%"
"*04y45*","Dominic Fletcher","CIN","OF","4149","FA","29","@LAD Wed 10:10PM","0","1%","0%"
"*066qg*","Jose Fleury","HOU","SP","4150","FA","24","@PHI Wed 6:40PM","0","1%","0%"
"*06o01*","Nathan Flewelling","TB","C","4151","FA","19","@ATL Wed 7:15PM","0","23%","0%"
"*02n5v*","Chris Flexen","(N/A)","RP","4152","FA","32","","0","0%","0%"
"*066bv*","Tucker Flint","LAA","OF","4153","FA","25","@BOS Wed 6:45PM","0","0%","0%"
"*06rop*","Jackson Flora","SF","SP","4154","FA","21","STL 6<br/>@SF 1","0","8%","0%"
"*06qe5*","Dariel Florentino","PIT","SP","4155","FA","20","@CHW Wed 7:40PM","0","0%","0%"
"*06mh4*","Edward Florentino","PIT","OF","4156","FA","19","@CHW Wed 7:40PM","0","47%","0%"
"*06ifv*","Jostin Florentino","CHC","SP","4157","FA","21","@MIL Wed 7:40PM","0","1%","0%"
"*04u6u*","Randy Florentino","(N/A)","C","4158","FA","26","","0","0%","0%"
"*062zr*","Anthony Flores","MIL","SP,RP","4159","FA","21","CHC Wed 7:40PM","0","0%","0%"
"*075gg*","Arturo Flores","HOU","C","4160","FA","20","@PHI Wed 6:40PM","0","0%","0%"
"*06ky1*","Diego Flores","NYY","1B,INF","4161","FA","19","COL Wed 7:05PM","0","0%","0%"
"*075l2*","Eminen Flores","TOR","RP","4162","FA","23","TOR 0<br/>@ATH 2 F","0","0%","0%"
"*066kx*","Jalin Flores","STL","3B,INF","4163","FA","23","STL 6<br/>@SF 1","0","0%","0%"
"*06rfv*","Jason Flores","(N/A)","RP","4164","FA","20","","0","0%","0%"
"*06rh8*","Jesus Flores","MIL","RP","4165","FA","21","CHC Wed 7:40PM","0","0%","0%"
"*0776x*","Jesus Flores","TEX","C","4166","FA","17","TEX 1<br/>@SEA 3","0","0%","0%"
"*06z7k*","Joshua Flores","MIL","SP","4167","FA","19","CHC Wed 7:40PM","0","1%","0%"
"*06iao*","Juan Flores","LAA","C","4168","FA","20","@BOS Wed 6:45PM","0","2%","0%"
"*06ulh*","Junior Flores","PIT","RP","4169","FA","24","@CHW Wed 7:40PM","0","0%","0%"
"*06s3q*","Luis Flores","CLE","RP","4170","FA","22","@BAL Wed 6:35PM","0","0%","0%"
"*06k88*","Miguel Flores","CLE","SP","4171","FA","21","@BAL Wed 6:35PM","0","0%","0%"
"*06rjt*","Miguel Flores","(N/A)","C","4172","FA","21","","0","0%","0%"
"*06r5y*","Rafael Flores","TOR","OF","4173","FA","19","TOR 0<br/>@ATH 2 F","0","0%","0%"
"*06k6o*","Randy Flores","(N/A)","2B,INF","4174","FA","25","","0","0%","0%"
"*06bpy*","Roderick Flores","MIL","2B,INF","4175","FA","20","CHC Wed 7:40PM","0","0%","0%"
"*057xt*","Ronaldo Flores","(N/A)","C","4176","FA","24","","0","0%","0%"
"*06ekv*","Stiven Flores","CHW","C","4177","FA","20","PIT Wed 7:40PM","0","0%","0%"
"*01cgt*","Wilmer Flores","(N/A)","1B,INF","4178","FA","35","","0","2%","0%"
"*05ww2*","Wilmer Flores","(N/A)","RP","4179","FA","25","","0","2%","0%"
"*05rcv*","Yemal Flores","(N/A)","SS,INF","4180","FA","22","","0","0%","0%"
"*04z8l*","Santiago Florez","(N/A)","SP","4181","FA","26","","0","0%","0%"
"*03yth*","Estevan Florial","(N/A)","OF","4182","FA","28","","0","0%","0%"
"*02hhd*","Dylan Floro","(N/A)","RP","4183","FA","35","","0","0%","0%"
"*0421a*","J.C. Flowers","(N/A)","RP","4184","FA","28","","0","0%","0%"
"*0517x*","Taylor Floyd","CIN","RP","4185","FA","28","@LAD Wed 10:10PM","0","0%","0%"
"*05u2l*","Ty Floyd","CIN","SP","4186","FA","25","@LAD Wed 10:10PM","0","5%","0%"
"*06l5b*","Cameron Flukey","DET","SP","4187","FA","21","MIN 2<br/>@DET 7 F","0","4%","0%"
"*06qje*","Bennett Flynn","(N/A)","SP","4188","FA","25","","0","0%","0%"
"*04pru*","Michael Flynn","SD","RP","4189","FA","30","WSH 2<br/>@SD 5","0","0%","0%"
"*06qnx*","Aidan Foeller","LAD","SP","4190","FA","24","CIN Wed 10:10PM","0","0%","0%"
"*073hk*","Adam Fogel","CHW","OF","4191","FA","28","PIT Wed 7:40PM","0","0%","0%"
"*06hp6*","Zach Fogell","BOS","RP","4192","FA","26","LAA Wed 6:45PM","0","0%","0%"
"*06p62*","Connor Foley","ARI","SP","4193","FA","23","@KC Wed 7:40PM","0","1%","0%"
"*06g6d*","T.J. Fondtain","TB","RP","4194","FA","25","@ATL Wed 7:15PM","0","0%","0%"
"*078st*","Luis Fonseca","CHW","RP","4195","FA","24","PIT Wed 7:40PM","0","0%","0%"
"*051hl*","Shayne Fontana","(N/A)","1B,INF","4196","FA","29","","0","0%","0%"
"*06dqn*","Cole Fontenelle","LAA","3B,INF","4197","FA","24","@BOS Wed 6:45PM","0","0%","0%"
"*078sf*","Grant Fontenot","KC","RP","4198","FA","23","ARI Wed 7:40PM","0","0%","0%"
"*06roe*","Patrick Forbes","ARI","SP","4199","FA","22","@KC Wed 7:40PM","0","14%","0%"
"*06kkj*","Ryan Forcucci","HOU","SP","4200","FA","23","@PHI Wed 6:40PM","0","3%","0%"
"*0514b*","Grant Ford","(N/A)","SP,RP","4201","FA","28","","0","0%","0%"
"*06kvp*","Henry Ford","SEA","3B,INF","4202","FA","22","TEX 1<br/>@SEA 3","0","0%","0%"
"*072eq*","TJ Ford","LAA","OF","4203","FA","20","@BOS Wed 6:45PM","0","0%","0%"
"*05ua3*","Walter Ford","SEA","SP","4204","FA","21","TEX 1<br/>@SEA 3","0","3%","0%"
"*0791w*","JR Fordham","STL","RP","4205","FA","23","STL 6<br/>@SF 1","0","0%","0%"
"*06zen*","Brandon Forrester","HOU","SS,INF","4206","FA","22","@PHI Wed 6:40PM","0","0%","0%"
"*06dqc*","Garret Forrester","MIA","C","4207","FA","24","NYM Wed 6:40PM","0","1%","0%"
"*06hwt*","Michael Forret","BAL","SP","4208","FA","22","CLE Wed 6:35PM","0","22%","0%"
"*070ee*","Logan Forsythe","ATL","RP","4209","FA","23","TB Wed 7:15PM","0","0%","0%"
"*076cl*","Luis Fortunato","ATL","SS,INF","4210","FA","17","TB Wed 7:15PM","0","0%","0%"
"*06zhd*","Peyton Fosher","MIA","RP","4211","FA","23","NYM Wed 6:40PM","0","0%","0%"
"*075gh*","Kyle Fossum","COL","OF","4212","FA","24","@NYY Wed 7:05PM","0","0%","0%"
"*05jpr*","Cole Foster","(N/A)","3B,INF","4213","FA","24","","0","0%","0%"
"*0422q*","Matt Foster","(N/A)","RP","4214","FA","31","","0","0%","0%"
"*06fwf*","Rio Foster","LAA","OF","4215","FA","23","@BOS Wed 6:45PM","0","0%","0%"
"*06kka*","Kale Fountain","SD","1B,INF","4216","FA","21","WSH 2<br/>@SD 5","0","5%","0%"
"*06z0z*","Christian Foutch","BOS","RP","4217","FA","22","LAA Wed 6:45PM","0","1%","0%"
"*070eu*","Brody Fowler","ATL","SP","4218","FA","22","TB Wed 7:15PM","0","0%","0%"
"*06qrz*","Brooks Fowler","TEX","SP","4219","FA","23","TEX 1<br/>@SEA 3","0","0%","0%"
"*06dse*","Dalton Fowler","(N/A)","RP","4220","FA","26","","0","0%","0%"
"*06zzc*","Michael Fowler","MIL","RP","4221","FA","24","CHC Wed 7:40PM","0","0%","0%"
"*05w8n*","Jake Fox","CLE","OF","4222","FA","23","@BAL Wed 6:35PM","0","1%","0%"
"*06hol*","Luke Fox","LAD","SP","4223","FA","24","CIN Wed 10:10PM","0","1%","0%"
"*06pqb*","Phil Fox","CHW","RP","4224","FA","23","PIT Wed 7:40PM","0","0%","0%"
"*06yyu*","Rory Fox","NYY","SP","4225","FA","22","COL Wed 7:05PM","0","1%","0%"
"*06qzf*","Luis Fragoza","MIN","OF","4226","FA","19","MIN 2<br/>@DET 7 F","0","3%","0%"
"*06ruo*","Juan Fraide","HOU","SP","4227","FA","20","@PHI Wed 6:40PM","0","1%","0%"
"*0512f*","Matt Fraizer","BOS","OF","4228","FA","28","LAA Wed 6:45PM","0","0%","0%"
"*06sj3*","Chase Fralick","(N/A)","C","4229","FA","21","","0","0%","0%"
"*06ifo*","Juan Frances","(N/A)","OF","4230","FA","21","","0","0%","0%"
"*06ux9*","Dariel Francia","PIT","RP","4231","FA","20","@CHW Wed 7:40PM","0","0%","0%"
"*0421k*","Bowden Francis","TOR","SP","4232","FA","30","TOR 0<br/>@ATH 2 F","0","8%","0%"
"*06rq5*","Dale Francis","(N/A)","1B,INF","4233","FA","25","","0","0%","0%"
"*072fu*","Ian Francis","CIN","C","4234","FA","23","@LAD Wed 10:10PM","0","0%","0%"
"*06qh3*","Joshua Francis","SEA","OF","4235","FA","19","TEX 1<br/>@SEA 3","0","0%","0%"
"*066mk*","Welbyn Francisca","CLE","SS,INF","4236","FA","20","@BAL Wed 6:35PM","0","11%","0%"
"*06ul7*","Brent Francisco","MIN","RP","4237","FA","25","MIN 2<br/>@DET 7 F","0","0%","0%"
"*06s3f*","Carlos Francisco","(N/A)","RP","4238","FA","27","","0","0%","0%"
"*06kli*","Estarlin Francisco","(N/A)","RP","4239","FA","19","","0","0%","0%"
"*05nir*","Javier Francisco","(N/A)","SS,INF","4240","FA","23","","0","0%","0%"
"*06iby*","Branneli Franco","STL","RP","4241","FA","19","STL 6<br/>@SF 1","0","1%","0%"
"*060gn*","Carlos Franco","ATH","C","4242","FA","23","TOR 0<br/>@ATH 2 F","0","0%","0%"
"*06qlu*","Cesar Franco","(N/A)","OF","4243","FA","24","","0","0%","0%"
"*05y3t*","Junior Franco","ARI","OF","4244","FA","23","@KC Wed 7:40PM","0","0%","0%"
"*06alx*","Lucas Franco","(N/A)","SS,INF","4245","FA","19","","0","0%","0%"
"*06ux8*","Marlon Franco","SF","SP,RP","4246","FA","23","STL 6<br/>@SF 1","0","0%","0%"
"*060in*","Noah Franco","(N/A)","1B,INF","4247","FA","20","","0","0%","0%"
"*06uwc*","Oliver Franco","(N/A)","SP","4248","FA","19","","0","0%","0%"
"*0586u*","Sadrac Franco","SD","RP","4249","FA","26","WSH 2<br/>@SD 5","0","0%","0%"
"*04csx*","Wander Franco","(N/A)","SS,INF","4250","FA","25","","0","2%","0%"
"*07769*","Sebastian Franeites","MIL","C","4251","FA","17","CHC Wed 7:40PM","0","0%","0%"
"*0744m*","Jhon Franganten","STL","OF","4252","FA","17","STL 6<br/>@SF 1","0","0%","0%"
"*06qrr*","Hayden Frank","CHC","SP","4253","FA","23","@MIL Wed 7:40PM","0","0%","0%"
"*05y9a*","Jack Frankel","(N/A)","SP","4254","FA","21","","0","0%","0%"
"*0724h*","Kaemyn Franklin","CHC","SP","4255","FA","20","@MIL Wed 7:40PM","0","0%","0%"
"*04ps3*","Kohl Franklin","CHC","SP","4256","FA","27","@MIL Wed 7:40PM","0","1%","0%"
"*072ff*","Noah Franklin","TEX","C","4257","FA","19","TEX 1<br/>@SEA 3","0","0%","0%"
"*06yjx*","Tanner Franklin","STL","SP","4258","FA","22","STL 6<br/>@SF 1","0","23%","0%"
"*06giw*","Zach Franklin","NYM","RP","4259","FA","27","@MIA Wed 6:40PM","0","0%","0%"
"*066ci*","Jason Franks","(N/A)","SP","4260","FA","27","","0","0%","0%"
"*05ya6*","Arij Fransen","(N/A)","RP","4261","FA","25","","0","0%","0%"
"*065jg*","Caleb Franzen","SEA","SP","4262","FA","25","TEX 1<br/>@SEA 3","0","0%","0%"
"*06qxp*","Geronimo Franzua","(N/A)","SP","4263","FA","32","","0","0%","0%"
"*051gx*","Nick Fraze","(N/A)","SP","4264","FA","28","","0","0%","0%"
"*05148*","Garrett Frechette","(N/A)","1B,INF","4265","FA","25","","0","0%","0%"
"*06pik*","Carter Frederick","KC","OF","4266","FA","24","ARI Wed 7:40PM","0","0%","0%"
"*073ft*","Tijn Fredrikze","NYY","SP","4267","FA","19","COL Wed 7:05PM","0","0%","0%"
"*06kxo*","Dominic Freeberger","STL","SP","4268","FA","26","STL 6<br/>@SF 1","0","0%","0%"
"*051bd*","Caleb Freeman","TOR","RP","4269","FA","28","TOR 0<br/>@ATH 2 F","0","0%","0%"
"*072ay*","Kaleb Freeman","CHW","2B,INF","4270","FA","23","PIT Wed 7:40PM","0","0%","0%"
"*06qst*","J.R. Freethy","TOR","2B,INF,OF","4271","FA","23","TOR 0<br/>@ATH 2 F","0","0%","0%"
"*06ul6*","Dariel Fregio","DET","RP","4272","FA","26","MIN 2<br/>@DET 7 F","0","0%","0%"
"*06kld*","Jesus Freitez","COL","C","4273","FA","20","@NYY Wed 7:05PM","0","0%","0%"
"*06ujp*","Luis Freitez","ATH","OF","4274","FA","23","TOR 0<br/>@ATH 2 F","0","0%","0%"
"*06r4u*","Anderson French","(N/A)","C","4275","FA","20","","0","0%","0%"
"*06yjs*","Ethan Frey","HOU","OF","4276","FA","22","@PHI Wed 6:40PM","0","18%","0%"
"*06hn8*","Riley Frey","ATL","SP,RP","4277","FA","24","TB Wed 7:15PM","0","0%","0%"
"*06rq4*","Alexander Frias","STL","OF","4278","FA","18","STL 6<br/>@SF 1","0","24%","0%"
"*05ydh*","Dayan Frias","CLE","1B,3B,INF","4279","FA","24","@BAL Wed 6:35PM","0","0%","0%"
"*0757f*","Francisco Frias","HOU","RP","4280","FA","21","@PHI Wed 6:40PM","0","0%","0%"
"*06s9z*","Jealmy Frias","CIN","OF","4281","FA","18","@LAD Wed 10:10PM","0","0%","0%"
"*04ysx*","Luis Frias","(N/A)","RP","4282","FA","28","","0","0%","0%"
"*07633*","Luis Frias","SF","OF","4283","FA","22","STL 6<br/>@SF 1","0","0%","0%"
"*06r3b*","Madinson Frias","BOS","RP","4284","FA","21","LAA Wed 6:45PM","0","0%","0%"
"*06rj2*","Wander Frias","(N/A)","2B,INF","4285","FA","21","","0","0%","0%"
"*06ht7*","Tomas Frick","NYY","C","4286","FA","25","COL Wed 7:05PM","0","0%","0%"
"*06zg4*","Colby Frieda","WSH","RP","4287","FA","24","WSH 2<br/>@SD 5","0","0%","0%"
"*06hu1*","Ross Friedrick","(N/A)","1B,INF","4288","FA","25","","0","0%","0%"
"*06pgs*","Jacob Friend","CIN","C","4289","FA","23","@LAD Wed 10:10PM","0","0%","0%"
"*070et*","Hayden Friese","ATL","1B,INF","4290","FA","22","TB Wed 7:15PM","0","0%","0%"
"*04py8*","Matt Frisbee","(N/A)","SP,RP","4291","FA","29","","0","0%","0%"
"*05jr8*","Jackson Fristoe","NYY","RP","4292","FA","25","COL Wed 7:05PM","0","0%","0%"
"*06amq*","Dom Fritton","TB","SP","4293","FA","23","@ATL Wed 7:15PM","0","1%","0%"
"*0701k*","Anthony Frobose","NYM","SS,INF","4294","FA","19","@MIA Wed 6:40PM","0","0%","0%"
"*072pa*","Diego Frontado","MIL","SS,INF","4295","FA","17","CHC Wed 7:40PM","0","7%","0%"
"*06yyr*","Jacob Frost","LAD","SP","4296","FA","23","CIN Wed 10:10PM","0","0%","0%"
"*06fu2*","Zach Fruit","BAL","SP","4297","FA","26","CLE Wed 6:35PM","0","1%","0%"
"*078ve*","Brayden Fry","BAL","SS,INF","4298","FA","18","CLE Wed 6:35PM","0","0%","0%"
"*031ez*","Paul Fry","(N/A)","RP","4299","FA","34","","0","0%","0%"
"*06zcs*","Bradley Frye","SD","3B,INF","4300","FA","24","WSH 2<br/>@SD 5","0","0%","0%"
"*06qzr*","Davirik Fuenmayor","(N/A)","OF","4301","FA","19","","0","0%","0%"
"*064vo*","Johandry Fuente","(N/A)","RP","4302","FA","23","","0","0%","0%"
"*06ux7*","Alexander Fuentes","SF","SP","4303","FA","21","STL 6<br/>@SF 1","0","0%","0%"
"*0413a*","Josh Fuentes","(N/A)","3B,INF","4304","FA","33","","0","0%","0%"
"*06qh2*","Yadimir Fuentes","(N/A)","1B,INF","4305","FA","19","","0","0%","0%"
"*061sz*","Abel Fuerte","(N/A)","SP","4306","FA","21","","0","0%","0%"
"*02xih*","Shintaro Fujinami","(N/A)","RP","4307","FA","32","","0","0%","0%"
"*06y09*","Masahiro Fukuda","TEX","RP","4308","FA","25","TEX 1<br/>@SEA 3","0","0%","0%"
"*06cqh*","Chase Fuller","(N/A)","SS,INF","4309","FA","17","","0","1%","0%"
"*02n67*","Carson Fulmer","SEA","RP","4310","FA","32","TEX 1<br/>@SEA 3","0","0%","0%"
"*03nqh*","Kyle Funkhouser","(N/A)","SP,RP","4311","FA","32","","0","0%","0%"
"*06dsb*","Hunter Furtado","PIT","RP","4312","FA","24","@CHW Wed 7:40PM","0","0%","0%"
"*0763n*","Justin Fuson","CHW","SP","4313","FA","26","PIT Wed 7:40PM","0","0%","0%"
"*060es*","Devin Futrell","BOS","SP","4314","FA","23","LAA Wed 6:45PM","0","1%","0%"
"*06hf7*","Cole Gabrielson","NYY","OF","4315","FA","26","COL Wed 7:05PM","0","0%","0%"
"*06qrw*","Luke Gabrysh","NYM","SP","4316","FA","23","@MIA Wed 6:40PM","0","0%","0%"
"*062zu*","Gabe Gaeckle","ATH","SP","4317","FA","21","TOR 0<br/>@ATH 2 F","0","1%","0%"
"*06mic*","Luke Gaffney","(N/A)","1B,INF","4318","FA","22","","0","0%","0%"
"*06qsw*","Will Gagnon","LAD","SP","4319","FA","22","CIN Wed 10:10PM","0","0%","0%"
"*078qo*","Andrew Gaines","MIL","RP","4320","FA","22","CHC Wed 7:40PM","0","0%","0%"
"*06qi9*","Garrett Gainey","TB","SP,RP","4321","FA","26","@ATL Wed 7:15PM","0","0%","0%"
"*06hw6*","Marty Gair","SF","RP","4322","FA","23","STL 6<br/>@SF 1","0","0%","0%"
"*06qyj*","Ray Gaither","(N/A)","RP","4323","FA","28","","0","0%","0%"
"*06c3r*","Daniel Gaitor","(N/A)","OF","4324","FA","20","","0","0%","0%"
"*06qpt*","Andres Galan","TB","SP","4325","FA","23","@ATL Wed 7:15PM","0","0%","0%"
"*06l0o*","Emiliano Galan","(N/A)","OF","4326","FA","19","","0","0%","0%"
"*06tzy*","Luis Galan","CLE","3B,INF","4327","FA","18","@BAL Wed 6:35PM","0","0%","0%"
"*05t6m*","Yosy Galan","(N/A)","OF","4328","FA","25","","0","0%","0%"
"*06huk*","Ryan Galanie","CHW","1B,INF","4329","FA","26","PIT Wed 7:40PM","0","0%","0%"
"*066r6*","Yorman Galindez","MIL","SP","4330","FA","23","CHC Wed 7:40PM","0","0%","0%"
"*06idz*","Ruben Galindo","(N/A)","RP","4331","FA","25","","0","0%","0%"
"*05mod*","Jesus Galiz","LAD","C","4332","FA","22","CIN Wed 10:10PM","0","1%","0%"
"*066lw*","Pat Gallagher","TOR","RP","4333","FA","26","TOR 0<br/>@ATH 2 F","0","0%","0%"
"*062j9*","Ryan Gallagher","MIN","SP","4334","FA","23","MIN 2<br/>@DET 7 F","0","2%","0%"
"*06l59*","Gavin Gallaher","(N/A)","3B,INF","4335","FA","22","","0","0%","0%"
"*06sbf*","Moises Gallardo","(N/A)","OF","4336","FA","23","","0","0%","0%"
"*04qnb*","Richard Gallardo","TOR","SP","4337","FA","25","TOR 0<br/>@ATH 2 F","0","1%","0%"
"*06z10*","Patrick Galle","STL","RP","4338","FA","22","STL 6<br/>@SF 1","0","0%","0%"
"*072r1*","Alexis Gallego","SF","SP","4339","FA","17","STL 6<br/>@SF 1","0","0%","0%"
"*072zz*","Ruben Gallego","ARI","SS,INF","4340","FA","17","@KC Wed 7:40PM","0","1%","0%"
"*06r2o*","Alonso Gallegos","(N/A)","SS,INF","4341","FA","19","","0","0%","0%"
"*03mul*","Giovanny Gallegos","(N/A)","RP","4342","FA","35","","0","0%","0%"
"*06hq7*","Isaac Gallegos","ATL","RP","4343","FA","23","TB Wed 7:15PM","0","0%","0%"
"*02i3v*","Joey Gallo","(N/A)","1B,INF","4344","FA","32","","0","0%","0%"
"*06her*","Ronaldo Gallo","PIT","RP","4345","FA","25","@CHW Wed 7:40PM","0","0%","0%"
"*077xy*","Jacob Galloway","SEA","C","4346","FA","23","TEX 1<br/>@SEA 3","0","0%","0%"
"*078sn*","Rashawn Galloway","HOU","C","4347","FA","23","@PHI Wed 6:40PM","0","0%","0%"
"*06z11*","Alex Galvan","ARI","RP","4348","FA","25","@KC Wed 7:40PM","0","0%","0%"
"*06r49*","Gilbel Galvan","BOS","RP","4349","FA","19","LAA Wed 6:45PM","0","0%","0%"
"*070du*","Rylan Galvan","CHW","C","4350","FA","23","PIT Wed 7:40PM","0","0%","0%"
"*066qj*","Jovi Galvez","STL","RP","4351","FA","22","STL 6<br/>@SF 1","0","0%","0%"
"*062cy*","Sean Gamble","KC","SS,INF","4352","FA","20","ARI Wed 7:40PM","0","14%","0%"
"*03ml3*","Arquimedes Gamboa","(N/A)","SS,INF","4353","FA","28","","0","0%","0%"
"*078qu*","Jackson Gamboa","BOS","SP","4354","FA","19","LAA Wed 6:45PM","0","0%","0%"
"*0512n*","Grant Gambrell","KC","SP","4355","FA","28","ARI Wed 7:40PM","0","0%","0%"
"*02hka*","Ben Gamel","ATL","UT","4356","FA","34","TB Wed 7:15PM","0","0%","0%"
"*06bl5*","Jesus Gamez","TEX","RP","4357","FA","23","TEX 1<br/>@SEA 3","0","0%","0%"
"*0774g*","Luis Gamez","LAD","SP","4358","FA","20","CIN Wed 10:10PM","0","1%","0%"
"*06z50*","Tadeo Gamez","CHC","SP","4359","FA","18","@MIL Wed 7:40PM","0","0%","0%"
"*03c8u*","John Gant","(N/A)","SP","4360","FA","34","","0","0%","0%"
"*03mey*","Gerson Garabito","MIL","RP","4361","FA","31","CHC Wed 7:40PM","0","0%","0%"
"*059zm*","Natanael Garabitos","(N/A)","RP","4362","FA","26","","0","0%","0%"
"*06zem*","Carter Garate","TEX","3B,INF","4363","FA","22","TEX 1<br/>@SEA 3","0","0%","0%"
"*06z0w*","Raul Garayzar","ARI","SP,RP","4364","FA","23","@KC Wed 7:40PM","0","0%","0%"
"*06r1e*","Carlos Garces","CLE","OF","4365","FA","19","@BAL Wed 6:35PM","0","0%","0%"
"*06rnw*","Eliomar Garces","TB","SS,INF","4366","FA","18","@ATL Wed 7:15PM","0","0%","0%"
"*06tzt*","Jonierbis Garces","WSH","OF","4367","FA","18","WSH 2<br/>@SD 5","0","0%","0%"
"*05uaz*","Jose Garces","PIT","RP","4368","FA","22","@CHW Wed 7:40PM","0","0%","0%"
"*0744o*","Luis Garces","KC","SP","4369","FA","17","ARI Wed 7:40PM","0","0%","0%"
"*066b4*","Roel Garcia III","TB","RP","4370","FA","27","@ATL Wed 7:15PM","0","0%","0%"
"*06hp7*","Hector Garcia Jr.","(N/A)","SP","4371","FA","24","","0","0%","0%"
"*06tko*","Adrian Garcia","(N/A)","2B,INF","4373","FA","19","","0","0%","0%"
"*078z4*","AJ Garcia","ATL","OF","4372","FA","21","TB Wed 7:15PM","0","0%","0%"
"*06z5j*","Alexander Garcia","CLE","SP","4374","FA","20","@BAL Wed 6:35PM","0","0%","0%"
"*06qxv*","Anderson Garcia","KC","3B,INF","4375","FA","19","ARI Wed 7:40PM","0","0%","0%"
"*06o0w*","Angel Garcia","BAL","OF","4376","FA","19","CLE Wed 6:35PM","0","0%","0%"
"*075s0*","Angel Garcia","(N/A)","OF","4377","FA","14","","0","0%","0%"
"*06r2a*","Anhuar Garcia","CHC","SP","4378","FA","22","@MIL Wed 7:40PM","0","0%","0%"
"*06uh1*","Anthony Garcia","(N/A)","RP","4379","FA","24","","0","0%","0%"
"*06g24*","Benito Garcia","(N/A)","RP","4380","FA","26","","0","0%","0%"
"*06v2r*","Brett Garcia","(N/A)","RP","4381","FA","27","","0","0%","0%"
"*05ui7*","Carlos Garcia","(N/A)","RP","4382","FA","27","","0","0%","0%"
"*06rn3*","Carlos Garcia","TOR","C,1B,INF","4383","FA","19","TOR 0<br/>@ATH 2 F","0","0%","0%"
"*060p8*","Cristian Garcia","(N/A)","1B,INF","4384","FA","22","","0","0%","0%"
"*071m2*","Daniel Garcia","MIL","SP","4385","FA","18","CHC Wed 7:40PM","0","0%","0%"
"*06r0q*","Dariel Garcia","COL","2B,INF,OF","4386","FA","19","@NYY Wed 7:05PM","0","0%","0%"
"*06k82*","Darison Garcia","KC","2B,INF","4387","FA","19","ARI Wed 7:40PM","0","0%","0%"
"*06r09*","Darvin Garcia","(N/A)","SP","4388","FA","27","","0","0%","0%"
"*06o09*","Davian Garcia","WSH","SP","4389","FA","22","WSH 2<br/>@SD 5","0","1%","0%"
"*049vk*","David Garcia","MIL","C","4390","FA","26","CHC Wed 7:40PM","0","0%","0%"
"*0406o*","Deivi Garcia","(N/A)","SP","4391","FA","27","","0","1%","0%"
"*077a2*","Derek Garcia","PIT","RP","4392","FA","18","@CHW Wed 7:40PM","0","0%","0%"
"*03c8a*","Dermis Garcia","(N/A)","1B,INF","4393","FA","28","","0","0%","0%"
"*04ye6*","Eduardo Garcia","MIL","SS,INF,OF","4394","FA","24","CHC Wed 7:40PM","0","1%","0%"
"*06jgz*","Elvin Garcia","BAL","3B,SS,INF","4395","FA","19","CLE Wed 6:35PM","0","2%","0%"
"*06u6k*","Engert Garcia","(N/A)","SP","4396","FA","26","","0","0%","0%"
"*05uv4*","Francisco Garcia","(N/A)","3B,INF","4397","FA","23","","0","0%","0%"
"*0777c*","Ire Garcia","HOU","C","4398","FA","18","@PHI Wed 6:40PM","0","0%","0%"
"*06rt1*","Isaac Garcia","CIN","OF","4399","FA","18","@LAD Wed 10:10PM","0","0%","0%"
"*06ux6*","Jaiker Garcia","PIT","RP","4400","FA","21","@CHW Wed 7:40PM","0","0%","0%"
"*0730h*","Jawel Garcia","WSH","OF","4401","FA","17","WSH 2<br/>@SD 5","0","0%","0%"
"*06c5f*","Jogly Garcia","CLE","SP","4402","FA","23","@BAL Wed 6:35PM","0","1%","0%"
"*05yig*","Johanfran Garcia","BOS","C","4403","FA","21","LAA Wed 6:45PM","0","2%","0%"
"*066fk*","John Garcia","HOU","C","4404","FA","25","@PHI Wed 6:40PM","0","0%","0%"
"*06max*","Juan Garcia","(N/A)","C","4405","FA","20","","0","0%","0%"
"*06rig*","Juan Garcia","(N/A)","C","4406","FA","23","","0","0%","0%"
"*0779k*","Julian Garcia","MIL","SP","4407","FA","18","CHC Wed 7:40PM","0","0%","0%"
"*06mdg*","Junior Garcia","ATL","OF","4408","FA","21","TB Wed 7:15PM","0","0%","0%"
"*06akb*","Keiver Garcia","(N/A)","SS,INF","4409","FA","20","","0","0%","0%"
"*06mep*","Kevin Garcia","MIL","C","4410","FA","19","CHC Wed 7:40PM","0","0%","0%"
"*06byi*","Leonard Garcia","LAA","RP","4411","FA","23","@BOS Wed 6:45PM","0","0%","0%"
"*021oi*","Leury Garcia","(N/A)","OF","4412","FA","35","","0","0%","0%"
"*073nd*","Linkin Garcia","(N/A)","SS,INF","4413","FA","20","","0","0%","0%"
"*04ni3*","Luis Garcia","NYY","SP","4414","FA","29","COL Wed 7:05PM","0","6%","0%"
"*06rnx*","Luis Garcia","CLE","SS,INF","4415","FA","18","@BAL Wed 6:35PM","0","0%","0%"
"*07616*","Luis Garcia","TEX","RP","4416","FA","22","TEX 1<br/>@SEA 3","0","0%","0%"
"*05lb9*","Nick Garcia","SEA","RP","4417","FA","27","TEX 1<br/>@SEA 3","0","0%","0%"
"*06qyi*","Pedro Garcia","(N/A)","SP","4418","FA","31","","0","0%","0%"
"*06upz*","Pedro Garcia","DET","RP","4419","FA","24","MIN 2<br/>@DET 7 F","0","0%","0%"
"*04vvz*","Reivaj Garcia","(N/A)","2B,3B,SS,INF","4420","FA","25","","0","0%","0%"
"*06qy6*","Rodrigo Garcia","(N/A)","C","4421","FA","19","","0","0%","0%"
"*06z62*","Roni Garcia","NYM","2B,INF","4422","FA","18","@MIA Wed 6:40PM","0","0%","0%"
"*06ahs*","Roy Garcia","(N/A)","RP","4423","FA","26","","0","0%","0%"
"*0511x*","Ryan Garcia","CIN","RP","4424","FA","28","@LAD Wed 10:10PM","0","0%","0%"
"*06qkv*","Sam Garcia","MIL","SP,RP","4425","FA","24","CHC Wed 7:40PM","0","0%","0%"
"*0776m*","Santiago Garcia","MIL","SS,INF","4426","FA","0","CHC Wed 7:40PM","0","0%","0%"
"*078jp*","Santiago Garcia","TOR","RP","4427","FA","21","TOR 0<br/>@ATH 2 F","0","0%","0%"
"*06c4d*","Saul Garcia","NYM","RP","4428","FA","23","@MIA Wed 6:40PM","0","0%","0%"
"*076sr*","Victor Garcia","CHC","C","4429","FA","18","@MIL Wed 7:40PM","0","0%","0%"
"*06rtz*","Yassel Garcia","ATL","3B,INF","4430","FA","18","TB Wed 7:15PM","0","0%","0%"
"*05h2s*","Yhoswar Garcia","(N/A)","OF","4431","FA","24","","0","0%","0%"
"*02z0e*","Yimi Garcia","TOR","RP","4432","FA","36","TOR 0<br/>@ATH 2 F","0","8%","0%"
"*06hw1*","Yirer Garcia","TB","C","4433","FA","20","@ATL Wed 7:15PM","0","0%","0%"
"*04pf6*","Yunior Garcia","(N/A)","OF","4434","FA","25","","0","0%","0%"
"*0765f*","Sam Gardner","TOR","RP","4435","FA","29","TOR 0<br/>@ATH 2 F","0","0%","0%"
"*072je*","Nate Garkow","(N/A)","RP","4436","FA","29","","0","0%","0%"
"*066dh*","Jake Garland","ATH","SP,RP","4437","FA","25","TOR 0<br/>@ATH 2 F","0","0%","0%"
"*03v3t*","Kyle Garlick","(N/A)","OF","4438","FA","34","","0","0%","0%"
"*078kb*","Brian Garmon","STL","RP","4439","FA","22","STL 6<br/>@SF 1","0","0%","0%"
"*06qkp*","Travis Garnett","(N/A)","RP","4440","FA","23","","0","0%","0%"
"*06ilw*","Tristan Garnett","PHI","RP","4441","FA","28","HOU Wed 6:40PM","0","0%","0%"
"*02i3x*","Amir Garrett","(N/A)","RP","4442","FA","34","","0","0%","0%"
"*066fb*","Drew Garrett","(N/A)","SP","4443","FA","26","","0","0%","0%"
"*05rcy*","Ray Garrett","(N/A)","SS,INF","4444","FA","22","","0","0%","0%"
"*03dpt*","Reed Garrett","NYM","RP","4445","FA","33","@MIA Wed 6:40PM","0","3%","0%"
"*03dgh*","Stone Garrett","(N/A)","OF","4446","FA","30","","0","0%","0%"
"*066j9*","Andy Garriola","CHC","OF","4447","FA","26","@MIL Wed 7:40PM","0","0%","0%"
"*078om*","Lee Garris","NYY","OF","4448","FA","18","COL Wed 7:05PM","0","0%","0%"
"*078vc*","Gunnar Garrison","BAL","SP","4449","FA","18","CLE Wed 6:35PM","0","0%","0%"
"*06qrn*","Joey Gartrell","BOS","SP,RP","4450","FA","23","LAA Wed 6:45PM","0","0%","0%"
"*078tv*","Alejandro Garza","CLE","2B,3B,INF","4451","FA","21","@BAL Wed 6:35PM","0","0%","0%"
"*06rnf*","Andres Garza","(N/A)","C","4452","FA","19","","0","0%","0%"
"*03adu*","Justin Garza","(N/A)","RP","4453","FA","32","","0","0%","0%"
"*067y3*","Will Gasparino","PHI","OF","4454","FA","21","HOU Wed 6:40PM","0","0%","0%"
"*04ofy*","Sandy Gaston","WSH","RP","4455","FA","24","WSH 2<br/>@SD 5","0","1%","0%"
"*066ew*","Evan Gates","PHI","RP","4456","FA","28","HOU Wed 6:40PM","0","0%","0%"
"*032ll*","Jake Gatewood","(N/A)","2B,3B,SS,INF","4457","FA","30","","0","0%","0%"
"*06ilv*","Claudio Gatier","(N/A)","RP","4458","FA","24","","0","0%","0%"
"*06pgc*","Connor Gatwood","(N/A)","SP","4459","FA","20","","0","0%","0%"
"*0629a*","Austin Gauthier","LAD","2B,INF","4460","FA","27","CIN Wed 10:10PM","0","1%","0%"
"*0657h*","Thomas Gavello","SF","2B,3B,INF,OF","4461","FA","25","STL 6<br/>@SF 1","0","0%","0%"
"*04aq9*","Grant Gavin","(N/A)","SP,RP","4462","FA","31","","0","0%","0%"
"*06mik*","Aldo Gaxiola","TOR","3B,INF","4463","FA","20","TOR 0<br/>@ATH 2 F","0","0%","0%"
"*06qhz*","Jon Jon Gazdar","STL","2B,3B,SS,INF","4464","FA","24","STL 6<br/>@SF 1","0","0%","0%"
"*06ax9*","Jordan Geber","NYM","SP,RP","4465","FA","27","@MIA Wed 6:40PM","0","0%","0%"
"*066ac*","Will Geerdes","(N/A)","SP","4466","FA","26","","0","0%","0%"
"*072fh*","Connor Gehr","BAL","SP","4467","FA","20","CLE Wed 6:35PM","0","0%","0%"
"*072fd*","Cory Geinzer","TEX","SP","4468","FA","20","TEX 1<br/>@SEA 3","0","0%","0%"
"*0790x*","Scott Gell","SF","C","4469","FA","21","STL 6<br/>@SF 1","0","0%","0%"
"*060g1*","Jake Gelof","LAD","2B,3B,INF","4470","FA","24","CIN Wed 10:10PM","0","5%","0%"
"*072ps*","Michael Gemma","(N/A)","SP","4471","FA","24","","0","0%","0%"
"*06sbt*","Feliz Genao","ARI","1B,INF","4472","FA","18","@KC Wed 7:40PM","0","0%","0%"
"*06rrx*","Jhostin Genao","TEX","OF","4473","FA","18","TEX 1<br/>@SEA 3","0","0%","0%"
"*06k86*","Manuel Genao","MIA","SP,RP","4474","FA","20","NYM Wed 6:40PM","0","1%","0%"
"*043cc*","Ricardo Genoves","(N/A)","C","4475","FA","27","","0","0%","0%"
"*075gk*","Harry Genth","MIN","SS,INF","4476","FA","23","MIN 2<br/>@DET 7 F","0","0%","0%"
"*06ywe*","Eric Genther","NYY","OF","4477","FA","24","COL Wed 7:05PM","0","0%","0%"
"*078nc*","Daniel Gentile","CLE","SP","4478","FA","18","@BAL Wed 6:35PM","0","0%","0%"
"*05jqw*","Tyler Gentry","DET","OF","4479","FA","27","MIN 2<br/>@DET 7 F","0","1%","0%"
"*06qtk*","Drake George","SF","SP","4480","FA","24","STL 6<br/>@SF 1","0","0%","0%"
"*06cql*","Kendall George","LAD","OF","4481","FA","21","CIN Wed 10:10PM","0","12%","0%"
"*07308*","Kingston George","(N/A)","OF","4482","FA","15","","0","0%","0%"
"*06qr6*","Nate George","BAL","OF","4483","FA","20","CLE Wed 6:35PM","0","27%","0%"
"*06qta*","Pierce George","CHW","RP","4484","FA","23","PIT Wed 7:40PM","0","0%","0%"
"*077zv*","Sam George","MIL","SP","4485","FA","21","CHC Wed 7:40PM","0","0%","0%"
"*078vx*","Logan Georges","TB","SP,RP","4486","FA","19","@ATL Wed 7:15PM","0","0%","0%"
"*0730p*","Johan Geraldo","CHC","SS,INF","4487","FA","17","@MIL Wed 7:40PM","0","1%","0%"
"*06tlo*","Jose Geraldo","(N/A)","RP","4488","FA","27","","0","0%","0%"
"*06v2w*","Jose Geraldo","SEA","RP","4489","FA","26","TEX 1<br/>@SEA 3","0","0%","0%"
"*060xy*","Jose Gerardo","(N/A)","RP","4490","FA","21","","0","0%","0%"
"*078fb*","Ryan Gerety","SD","OF","4491","FA","22","WSH 2<br/>@SD 5","0","0%","0%"
"*03c97*","Domingo German","(N/A)","SP","4492","FA","34","","0","0%","0%"
"*07634*","Lewis German","KC","OF","4493","FA","18","ARI Wed 7:40PM","0","0%","0%"
"*064vt*","Luis German","SD","RP","4494","FA","24","WSH 2<br/>@SD 5","0","0%","0%"
"*0666b*","Manuel German","KC","1B,INF","4495","FA","21","ARI Wed 7:40PM","0","0%","0%"
"*06v26*","Marconi German","WSH","2B,SS,INF","4496","FA","19","WSH 2<br/>@SD 5","0","7%","0%"
"*06gjv*","Nestor German","BAL","SP","4497","FA","24","CLE Wed 6:35PM","0","14%","0%"
"*064nq*","Domingo Geronimo","(N/A)","RP","4498","FA","21","","0","0%","0%"
"*06qsi*","Sam Gerth","COL","RP","4499","FA","21","@NYY Wed 7:05PM","0","0%","0%"
"*06qqu*","Will Gervase","LAA","RP","4500","FA","24","@BOS Wed 6:45PM","0","0%","0%"
"*072io*","Luis Ghisays","CHC","SP","4501","FA","20","@MIL Wed 7:40PM","0","0%","0%"
"*03qpg*","Ian Gibaut","(N/A)","RP","4502","FA","32","","0","0%","0%"
"*06kr2*","Josh Gibbs","(N/A)","SS,INF","4503","FA","19","","0","0%","0%"
"*073si*","Cole Gibler","(N/A)","RP","4504","FA","20","","0","0%","0%"
"*077qp*","Michael Gibson","PIT","RP","4505","FA","22","@CHW Wed 7:40PM","0","0%","0%"
"*066ey*","Max Gieg","LAA","RP","4506","FA","25","@BOS Wed 6:45PM","0","0%","0%"
"*078ip*","Gavin Giese","TB","SP","4507","FA","18","@ATL Wed 7:15PM","0","0%","0%"
"*0648o*","Spencer Giesting","ARI","SP","4508","FA","25","@KC Wed 7:40PM","0","1%","0%"
"*06i07*","Adrian Gil","CHW","C,1B,INF","4509","FA","20","PIT Wed 7:40PM","0","0%","0%"
"*06u76*","Igor Gil","SD","RP","4510","FA","25","WSH 2<br/>@SD 5","0","0%","0%"
"*06yxf*","Jhon Gil","LAD","C","4511","FA","18","CIN Wed 10:10PM","0","0%","0%"
"*06hsz*","John Gil","ATL","SS,INF","4512","FA","20","TB Wed 7:15PM","0","22%","0%"
"*04nx4*","Mateo Gil","(N/A)","SS,INF","4513","FA","26","","0","0%","0%"
"*060wn*","Samuel Gil","DET","2B,3B,INF","4514","FA","21","MIN 2<br/>@DET 7 F","0","0%","0%"
"*06sbu*","Santiago Gil","ARI","C","4515","FA","18","@KC Wed 7:40PM","0","0%","0%"
"*066ln*","Geoffrey Gilbert","NYY","RP","4516","FA","25","COL Wed 7:05PM","0","0%","0%"
"*06tx7*","Jake Gilbert","(N/A)","RP","4517","FA","29","","0","0%","0%"
"*04ei1*","Lucas Gilbreath","(N/A)","RP","4518","FA","30","","0","0%","0%"
"*078is*","Andruw Giles","PIT","OF","4519","FA","18","@CHW Wed 7:40PM","0","0%","0%"
"*02bvf*","Ken Giles","(N/A)","RP","4520","FA","35","","0","0%","0%"
"*064o6*","Gary Gill Hill","NYM","SP","4521","FA","21","@MIA Wed 6:40PM","0","10%","0%"
"*05y17*","Logan Gillaspie","SD","RP","4522","FA","29","WSH 2<br/>@SD 5","0","0%","0%"
"*05u2m*","Theo Gillen","TB","OF","4523","2xChamp","20","@ATL Wed 7:15PM","0","47%","0%"
"*06ywd*","Blake Gillespie","NYY","SP","4524","FA","22","COL Wed 7:05PM","0","0%","0%"
"*07034*","Cole Gilley","PHI","RP","4525","FA","25","HOU Wed 6:40PM","0","0%","0%"
"*03duw*","Isiah Gilliam","(N/A)","OF","4526","FA","30","","0","0%","0%"
"*05yof*","Keagan Gillies","BAL","RP","4527","FA","28","CLE Wed 6:35PM","0","0%","0%"
"*06qj6*","Hayden Gilliland","LAD","C","4528","FA","24","CIN Wed 10:10PM","0","0%","0%"
"*066cw*","Brett Gillis","HOU","SP","4529","FA","26","@PHI Wed 6:40PM","0","0%","0%"
"*076gf*","Brock Gillis","WSH","SP","4530","FA","24","WSH 2<br/>@SD 5","0","0%","0%"
"*06t23*","Tanner Gillis","MIL","SP","4531","FA","26","CHC Wed 7:40PM","0","0%","0%"
"*0516q*","Connor Gillispie","PHI","SP","4532","FA","28","HOU Wed 6:40PM","0","1%","0%"
"*06yyk*","Jason Gilman","BOS","SP","4533","FA","23","LAA Wed 6:45PM","0","1%","0%"
"*06qgx*","Greyson Gimenez","WSH","RP","4534","FA","21","WSH 2<br/>@SD 5","0","0%","0%"
"*06h1q*","Landon Ginn","(N/A)","RP","4535","FA","25","","0","0%","0%"
"*078fj*","Jack Giordano","LAD","RP","4536","FA","21","CIN Wed 10:10PM","0","0%","0%"
"*0514z*","Sawyer Gipson-Long","DET","SP,RP","4537","FA","28","MIN 2<br/>@DET 7 F","0","7%","0%"
"*06qid*","Brendan Girton","NYM","SP","4538","FA","24","@MIA Wed 6:40PM","0","1%","0%"
"*06m8l*","Ettore Giulianelli","(N/A)","RP","4539","FA","23","","0","0%","0%"
"*04es7*","Matt Givin","(N/A)","RP","4540","FA","27","","0","0%","0%"
"*051c9*","DJ Gladney","NYY","OF","4541","FA","25","COL Wed 7:05PM","0","0%","0%"
"*06gil*","Phillip Glasser","WSH","OF","4542","FA","26","WSH 2<br/>@SD 5","0","0%","0%"
"*06qez*","Joe Glassey","WSH","SP","4543","FA","25","WSH 2<br/>@SD 5","0","0%","0%"
"*0741h*","Caden Glauber","(N/A)","RP","4544","FA","18","","0","0%","0%"
"*06uh0*","Peyton Glavine","(N/A)","RP","4545","FA","27","","0","0%","0%"
"*06qu9*","Dub Gleed","TOR","1B,3B,INF","4546","FA","24","TOR 0<br/>@ATH 2 F","0","1%","0%"
"*060hr*","Robbie Glendinning","(N/A)","SS,INF","4547","FA","30","","0","0%","0%"
"*060pf*","Douglas Glod","(N/A)","OF","4548","FA","21","","0","0%","0%"
"*05jpq*","Jimmy Glowenke","(N/A)","SS,INF","4549","FA","27","","0","0%","0%"
"*06rs9*","Seung Min Go","(N/A)","2B,INF","4550","FA","26","","0","0%","0%"
"*0664p*","Ben Gobbel","LAA","3B,INF","4551","FA","26","@BOS Wed 6:45PM","0","0%","0%"
"*06am1*","Henry Godbout","BOS","2B,INF","4552","FA","22","LAA Wed 6:45PM","0","10%","0%"
"*05llr*","Jose Godoy","(N/A)","C","4553","FA","31","","0","0%","0%"
"*0665r*","Connor Godwin","(N/A)","RP","4554","FA","24","","0","0%","0%"
"*05yah*","Luke Gold","(N/A)","1B,INF","4555","FA","25","","0","0%","0%"
"*06rst*","Jordan Goldmann","(N/A)","OF,SP","4556","FA","24","","0","0%","0%"
"*05m6i*","Blake Goldsberry","(N/A)","RP","4557","FA","29","","0","0%","0%"
"*073se*","Cade Goldstein","(N/A)","OF","4558","FA","20","","0","0%","0%"
"*03dbe*","Austin Gomber","DET","SP","4559","FA","32","MIN 2<br/>@DET 7 F","0","2%","0%"
"*06ri8*","Gabriel Gomes","(N/A)","C","4560","FA","22","","0","0%","0%"
"*0724b*","Angeibel Gomez","KC","OF","4561","FA","17","ARI Wed 7:40PM","0","30%","0%"
"*04qox*","Antonio Gomez","NYY","C","4562","FA","24","COL Wed 7:05PM","0","1%","0%"
"*06bj3*","Antony Gomez","(N/A)","OF","4563","FA","20","","0","0%","0%"
"*06qyk*","Cesar Gomez","(N/A)","SP,RP","4564","FA","28","","0","0%","0%"
"*0689s*","Cristofer Gomez","NYM","RP","4565","FA","23","@MIA Wed 6:40PM","0","0%","0%"
"*06rwj*","Daniel Gomez","STL","SP","4566","FA","18","STL 6<br/>@SF 1","0","0%","0%"
"*067z1*","Franklin Gomez","CLE","SP","4567","FA","21","@BAL Wed 6:35PM","0","2%","0%"
"*0730m*","Geowin Gomez","ATL","SP","4568","FA","17","TB Wed 7:15PM","0","0%","0%"
"*06r0d*","Henry Gomez","(N/A)","RP","4569","FA","24","","0","0%","0%"
"*06qk2*","Jacob Gomez","(N/A)","RP","4570","FA","24","","0","0%","0%"
"*0737o*","Jarvis Gomez","SEA","OF","4571","FA","17","TEX 1<br/>@SEA 3","0","2%","0%"
"*06rro*","Johanse Gomez","BAL","OF","4572","FA","18","CLE Wed 6:35PM","0","0%","0%"
"*03mwx*","Jose Gomez","(N/A)","SS,INF","4573","FA","29","","0","0%","0%"
"*05yh1*","Kenni Gomez","HOU","OF","4574","FA","21","@PHI Wed 6:40PM","0","1%","0%"
"*06r9o*","Luis Gomez","(N/A)","C","4575","FA","32","","0","0%","0%"
"*06rla*","Mario Gomez","(N/A)","C","4576","FA","23","","0","0%","0%"
"*06qvb*","Michael Gomez","(N/A)","RP","4577","FA","30","","0","0%","0%"
"*06tlv*","Miguel Gomez","(N/A)","RP","4578","FA","24","","0","0%","0%"
"*03yuu*","Moises Gomez","(N/A)","OF","4579","FA","28","","0","1%","0%"
"*04ydf*","Ofreidy Gomez","NYM","RP","4580","FA","31","@MIA Wed 6:40PM","0","0%","0%"
"*072x2*","Pedro Gomez","BAL","OF","4581","FA","17","CLE Wed 6:35PM","0","1%","0%"
"*066t5*","Raimon Gomez","BAL","RP","4582","FA","25","CLE Wed 6:35PM","0","1%","0%"
"*064p0*","Raudy Gomez","(N/A)","SP","4583","FA","21","","0","0%","0%"
"*06cww*","Redinson Gomez","COL","RP","4584","FA","22","@NYY Wed 7:05PM","0","0%","0%"
"*05uch*","Rio Gomez","(N/A)","RP","4585","FA","31","","0","0%","0%"
"*06hem*","Ruddy Gomez","MIN","RP","4586","FA","26","MIN 2<br/>@DET 7 F","0","0%","0%"
"*06ckp*","Santiago Gomez","NYY","2B,INF","4587","FA","22","COL Wed 7:05PM","0","0%","0%"
"*06mih*","Saul Gomez","BAL","1B,INF","4588","FA","19","CLE Wed 6:35PM","0","0%","0%"
"*06rgp*","Vladi Gomez","NYM","2B,INF","4589","FA","20","@MIA Wed 6:40PM","0","0%","0%"
"*072hq*","Yendy Gomez","DET","RP","4590","FA","22","MIN 2<br/>@DET 7 F","0","0%","0%"
"*061v6*","Yorman Gomez","CLE","SP,RP","4591","FA","23","@BAL Wed 6:35PM","0","2%","0%"
"*0792p*","Carlos Goncalves","CIN","C","4592","FA","17","@LAD Wed 10:10PM","0","0%","0%"
"*06qny*","Sebastian Gongora","BAL","SP","4593","FA","25","CLE Wed 6:35PM","0","1%","0%"
"*03740*","Stephen Gonsalves","(N/A)","RP","4594","FA","32","","0","0%","0%"
"*041v6*","Tony Gonsolin","KC","SP","4595","FA","32","ARI Wed 7:40PM","0","6%","0%"
"*06mff*","Justin Gonzales","BOS","OF","4596","FA","19","LAA Wed 6:45PM","0","32%","0%"
"*06s3i*","Alex Gonzalez","HOU","SP","4597","FA","20","@PHI Wed 6:40PM","0","0%","0%"
"*04mkv*","Alvaro Gonzalez","(N/A)","2B,INF","4598","FA","25","","0","0%","0%"
"*0792m*","Anderson Gonzalez","BOS","2B,SS,INF","4599","FA","17","LAA Wed 6:45PM","0","0%","0%"
"*078or*","Andrew Gonzalez","NYY","3B,INF","4600","FA","18","COL Wed 7:05PM","0","0%","0%"
"*06mfg*","Anferni Gonzalez","(N/A)","SP","4601","FA","20","","0","0%","0%"
"*060gj*","Angel Gonzalez","(N/A)","RP","4602","FA","24","","0","0%","0%"
"*06r1b*","Angel Gonzalez","MIL","OF","4603","FA","19","CHC Wed 7:40PM","0","0%","0%"
"*06rn8*","Anyelo Gonzalez","(N/A)","C","4604","FA","21","","0","0%","0%"
"*06akw*","Asbel Gonzalez","KC","OF","4605","FA","20","ARI Wed 7:40PM","0","4%","0%"
"*050yj*","Bryan Gonzalez","(N/A)","1B,INF","4606","FA","24","","0","0%","0%"
"*06f17*","Bryan Gonzalez","LAD","C","4607","FA","21","CIN Wed 10:10PM","0","0%","0%"
"*066ow*","Carlos Gonzalez","SEA","1B,INF","4608","FA","22","TEX 1<br/>@SEA 3","0","0%","0%"
"*061we*","Cesar Gonzalez","ATH","1B,INF","4609","FA","21","TOR 0<br/>@ATH 2 F","0","0%","0%"
"*06msz*","Christian Gonzalez","CHW","OF","4610","FA","20","PIT Wed 7:40PM","0","0%","0%"
"*05uhz*","Cristian Gonzalez","(N/A)","SS,INF","4611","FA","24","","0","0%","0%"
"*06cqt*","Cristopfer Gonzalez","(N/A)","OF","4612","FA","21","","0","0%","0%"
"*064qb*","Danny Gonzalez","(N/A)","OF","4613","FA","21","","0","0%","0%"
"*06k7z*","Deinys Gonzalez","TB","C","4614","FA","19","@ATL Wed 7:15PM","0","0%","0%"
"*06yvz*","Deiry Gonzalez","PHI","SP","4615","FA","18","HOU Wed 6:40PM","0","0%","0%"
"*06kxt*","Diego Gonzalez","(N/A)","1B,INF","4616","FA","19","","0","0%","0%"
"*06qxb*","Diego Gonzalez","CHC","C","4617","FA","19","@MIL Wed 7:40PM","0","0%","0%"
"*06qxc*","Diego Gonzalez","(N/A)","3B,INF","4618","FA","23","","0","0%","0%"
"*06ytq*","Diomar Gonzalez","ATH","SP","4619","FA","21","TOR 0<br/>@ATH 2 F","0","0%","0%"
"*0730q*","Eduardo Gonzalez","CHC","SS,INF","4620","FA","17","@MIL Wed 7:40PM","0","0%","0%"
"*064oz*","Edwin Gonzalez","(N/A)","SP","4621","FA","22","","0","0%","0%"
"*03bnk*","Erik Gonzalez","(N/A)","3B,SS,INF","4622","FA","35","","0","0%","0%"
"*05xmx*","Esteban Gonzalez","CLE","OF","4623","FA","23","@BAL Wed 6:35PM","0","0%","0%"
"*0749z*","Fabian Gonzalez","SEA","SS,INF","4624","FA","17","TEX 1<br/>@SEA 3","0","0%","0%"
"*06qoo*","Fernando Gonzalez","SF","C","4625","FA","24","STL 6<br/>@SF 1","0","0%","0%"
"*0760b*","Harold Gonzalez","LAD","3B,INF","4626","FA","20","CIN Wed 10:10PM","0","0%","0%"
"*06r7p*","Howard Gonzalez","(N/A)","OF","4627","FA","19","","0","0%","0%"
"*06ake*","Irvin Gonzalez","CIN","RP","4628","FA","20","@LAD Wed 10:10PM","0","0%","0%"
"*06er4*","J.D. Gonzalez","TB","C","4629","FA","20","@ATL Wed 7:15PM","0","1%","0%"
"*06kxh*","James Gonzalez","ATH","SP","4630","FA","25","TOR 0<br/>@ATH 2 F","0","0%","0%"
"*06ux5*","Javier Gonzalez","BAL","RP","4631","FA","20","CLE Wed 6:35PM","0","0%","0%"
"*078pc*","Jhon Gonzalez","MIN","OF","4632","FA","17","MIN 2<br/>@DET 7 F","0","0%","0%"
"*06hel*","Joan Gonzalez","(N/A)","SP","4633","FA","28","","0","0%","0%"
"*06rh7*","Joangel Gonzalez","ARI","RP","4634","FA","22","@KC Wed 7:40PM","0","0%","0%"
"*072df*","Jonathan Gonzalez","PHI","SP","4635","FA","24","HOU Wed 6:40PM","0","0%","0%"
"*06l4p*","Jorge Gonzalez","(N/A)","SP","4636","FA","24","","0","0%","0%"
"*06mcd*","Jose Gonzalez","LAA","SP","4637","FA","25","@BOS Wed 6:45PM","0","0%","0%"
"*06rhm*","Jose Gonzalez","(N/A)","OF","4638","FA","26","","0","0%","0%"
"*06v30*","Jose Gonzalez","LAD","1B,INF","4639","FA","21","CIN Wed 10:10PM","0","0%","0%"
"*06ugz*","Joseilyn Gonzalez","LAD","RP","4640","FA","24","CIN Wed 10:10PM","0","0%","0%"
"*06ps2*","Josuar Gonzalez","SF","SS,INF","4641","FA","18","STL 6<br/>@SF 1","0","44%","0%"
"*06cmy*","Josue Gonzalez","NYY","1B,INF","4642","FA","22","COL Wed 7:05PM","0","0%","0%"
"*06rik*","Juan Gonzalez","(N/A)","C","4643","FA","25","","0","0%","0%"
"*078z3*","Julio Gonzalez","NYM","SP,RP","4644","FA","19","@MIA Wed 6:40PM","0","0%","0%"
"*04ao0*","Luis Gonzalez","(N/A)","RP","4645","FA","34","","0","0%","0%"
"*04gdv*","Luis Gonzalez","(N/A)","OF","4646","FA","30","","0","0%","0%"
"*066qx*","Luis Gonzalez","PHI","SP","4647","FA","21","HOU Wed 6:40PM","0","0%","0%"
"*06qzd*","Lukas Gonzalez","MIL","RP","4648","FA","19","CHC Wed 7:40PM","0","0%","0%"
"*05yip*","Martin Gonzalez","SEA","3B,INF","4649","FA","21","TEX 1<br/>@SEA 3","0","0%","0%"
"*06num*","Oliver Gonzalez","LAD","SP","4650","FA","19","CIN Wed 10:10PM","0","1%","0%"
"*062n2*","Omar Gonzalez","NYY","SP","4651","FA","21","COL Wed 7:05PM","0","0%","0%"
"*06umd*","Orlando Gonzalez","PHI","RP","4652","FA","23","HOU Wed 6:40PM","0","0%","0%"
"*03nrk*","Oscar Gonzalez","(N/A)","OF","4653","FA","28","","0","0%","0%"
"*04rhi*","Pedro Gonzalez","(N/A)","RP","4654","FA","26","","0","0%","0%"
"*06mij*","Rafael Gonzalez","HOU","RP","4655","FA","22","@PHI Wed 6:40PM","0","0%","0%"
"*061z9*","Ricardo Gonzalez","TB","SS,INF","4656","FA","22","@ATL Wed 7:15PM","0","0%","0%"
"*06rk3*","Ricson Gonzalez","KC","C","4657","FA","21","ARI Wed 7:40PM","0","0%","0%"
"*062zl*","Robert Gonzalez","(N/A)","OF","4658","FA","21","","0","0%","0%"
"*06sbr*","Rodrigo Gonzalez","ARI","SS,INF","4659","FA","18","@KC Wed 7:40PM","0","0%","0%"
"*075lm*","Samuel Gonzalez","ATH","SS,INF","4660","FA","19","TOR 0<br/>@ATH 2 F","0","0%","0%"
"*078qt*","Samuel Gonzalez","ARI","RP","4661","FA","21","@KC Wed 7:40PM","0","0%","0%"
"*04q59*","Saul Gonzalez","(N/A)","SP,RP","4662","FA","26","","0","0%","0%"
"*077r6*","Steven Gonzalez","TB","SP","4663","FA","18","@ATL Wed 7:15PM","0","0%","0%"
"*076vn*","Tony Gonzalez","PIT","RP","4664","FA","22","@CHW Wed 7:40PM","0","0%","0%"
"*0648x*","Tres Gonzalez","(N/A)","OF","4665","FA","25","","0","0%","0%"
"*03aqt*","Victor Gonzalez","(N/A)","RP","4666","FA","30","","0","0%","0%"
"*07764*","Victor Gonzalez","TEX","SS,INF","4667","FA","17","TEX 1<br/>@SEA 3","0","0%","0%"
"*052ht*","Wikelman Gonzalez","MIA","RP","4668","FA","24","NYM Wed 6:40PM","0","4%","0%"
"*06rll*","Yeferson Gonzalez","(N/A)","SP","4669","FA","19","","0","0%","0%"
"*062zo*","Yoendris Gonzalez","CHC","RP","4670","FA","23","@MIL Wed 7:40PM","0","0%","0%"
"*06r3c*","Yohandry Gonzalez","(N/A)","RP","4671","FA","20","","0","0%","0%"
"*06qna*","Cayman Goode","ATL","SP","4672","FA","21","TB Wed 7:15PM","0","0%","0%"
"*070eg*","Jack Goodman","DET","SS,INF","4673","FA","22","MIN 2<br/>@DET 7 F","0","0%","0%"
"*067xt*","Nick Goodwin","TOR","2B,INF","4674","FA","25","TOR 0<br/>@ATH 2 F","0","0%","0%"
"*05yg2*","Shawn Goosenberg","(N/A)","SS,INF","4675","FA","26","","0","0%","0%"
"*06ih6*","Lucas Gordillo","(N/A)","SP","4676","FA","24","","0","0%","0%"
"*06oo9*","Austin Gordon","LAA","SP","4677","FA","23","@BOS Wed 6:45PM","0","1%","0%"
"*06qr1*","Christian Gordon","CHC","SP,RP","4678","FA","25","@MIL Wed 7:40PM","0","0%","0%"
"*06f1e*","Lucas Gordon","CHW","SP","4679","FA","24","PIT Wed 7:40PM","0","0%","0%"
"*03c7z*","Nick Gordon","(N/A)","2B,INF","4680","FA","30","","0","0%","0%"
"*06qtf*","R.J. Gordon","NYM","SP","4681","FA","24","@MIA Wed 6:40PM","0","1%","0%"
"*077br*","Jose Gori","TOR","C","4682","FA","17","TOR 0<br/>@ATH 2 F","0","0%","0%"
"*0780m*","Javier Gorostola","ATH","3B,INF","4683","FA","21","TOR 0<br/>@ATH 2 F","0","0%","0%"
"*0511z*","Matt Gorski","LAD","1B,INF","4684","FA","28","CIN Wed 10:10PM","0","1%","0%"
"*04yih*","JJ Goss","ATH","RP","4685","FA","25","TOR 0<br/>@ATH 2 F","0","2%","0%"
"*078rz*","Miles Gosztola","LAD","SP","4686","FA","21","CIN Wed 10:10PM","0","0%","0%"
"*0316r*","Trevor Gott","SD","RP","4687","FA","34","WSH 2<br/>@SD 5","0","0%","0%"
"*06z41*","Jordan Gottesman","SF","SP","4688","FA","24","STL 6<br/>@SF 1","0","0%","0%"
"*0649f*","Tyler Gough","LAD","SP","4689","FA","23","CIN Wed 10:10PM","0","1%","0%"
"*06oob*","Gunner Gouldsmith","ATH","2B,SS,INF","4690","FA","24","TOR 0<br/>@ATH 2 F","0","0%","0%"
"*062e8*","Duce Gourson","PIT","1B,2B,3B,INF","4691","FA","23","@CHW Wed 7:40PM","0","1%","0%"
"*078hv*","Grant Govel","PIT","SP","4692","FA","22","@CHW Wed 7:40PM","0","0%","0%"
"*041q3*","Kevin Gowdy","(N/A)","RP","4693","FA","28","","0","0%","0%"
"*06gig*","Riley Gowens","CHW","SP","4694","FA","26","PIT Wed 7:40PM","0","1%","0%"
"*06yyq*","Ben Grable","WSH","SP","4695","FA","24","WSH 2<br/>@SD 5","0","2%","0%"
"*04put*","Regi Grace","(N/A)","SP,RP","4696","FA","26","","0","0%","0%"
"*06kx4*","A.J. Gracia","ATL","OF","4697","FA","21","TB Wed 7:15PM","0","3%","0%"
"*06alv*","Clay Grady","(N/A)","SS,INF","4698","FA","22","","0","0%","0%"
"*06guj*","Jace Grady","(N/A)","OF","4699","FA","25","","0","0%","0%"
"*06zg3*","Aaron Graeber","LAA","OF","4700","FA","23","@BOS Wed 6:45PM","0","0%","0%"
"*0516d*","Logan Gragg","(N/A)","RP","4701","FA","28","","0","0%","0%"
"*062e4*","Carter Graham","CIN","1B,3B,INF","4702","FA","24","@LAD Wed 10:10PM","0","3%","0%"
"*065nr*","Kevin Graham","(N/A)","OF","4703","FA","27","","0","0%","0%"
"*06zb3*","Payton Graham","STL","SP","4704","FA","22","STL 6<br/>@SF 1","0","0%","0%"
"*05ub1*","Peyton Graham","DET","2B,INF","4705","FA","25","MIN 2<br/>@DET 7 F","0","2%","0%"
"*05zd9*","Gavin Grahovac","LAA","1B,INF","4706","FA","21","@BOS Wed 6:45PM","0","1%","0%"
"*05140*","Conor Grammes","(N/A)","SP,RP","4707","FA","29","","0","0%","0%"
"*06riu*","Dilan Granadillo","CHC","C","4708","FA","25","@MIL Wed 7:40PM","0","0%","0%"
"*05re3*","Adari Grant","(N/A)","SS,INF","4709","FA","23","","0","0%","0%"
"*06hek*","Donte Grant","(N/A)","OF","4710","FA","22","","0","0%","0%"
"*06rp5*","Frenny Grant","DET","SP","4711","FA","22","MIN 2<br/>@DET 7 F","0","0%","0%"
"*078ij*","Gannon Grant","(N/A)","SP","4712","FA","19","","0","0%","0%"
"*03zbj*","Brusdar Graterol","LAD","RP","4713","FA","28","CIN Wed 10:10PM","0","6%","0%"
"*072wh*","Fernando Graterol","CHW","C","4714","FA","17","PIT Wed 7:40PM","0","1%","0%"
"*0724g*","Gabe Graulau","(N/A)","OF","4715","FA","20","","0","0%","0%"
"*031c2*","Kendall Graveman","(N/A)","RP","4716","FA","35","","0","0%","0%"
"*06578*","Mavis Graves","PHI","SP","4717","FA","22","HOU Wed 6:40PM","0","3%","0%"
"*06zcz*","CJ Gray","LAA","SP","4718","FA","19","@BOS Wed 6:45PM","0","2%","0%"
"*06tx6*","Clayton Gray","COL","OF","4719","FA","24","@NYY Wed 7:05PM","0","0%","0%"
"*05up0*","Drew Gray","CHC","SP","4720","FA","23","@MIL Wed 7:40PM","0","1%","0%"
"*06muw*","Evan Gray","SF","RP","4721","FA","25","STL 6<br/>@SF 1","0","0%","0%"
"*078zo*","Grant Gray","CHC","SS,INF,OF","4722","FA","22","@MIL Wed 7:40PM","0","0%","0%"
"*04ggs*","Joe Gray","(N/A)","OF","4723","FA","26","","0","0%","0%"
"*02bxv*","Jon Gray","(N/A)","RP","4724","FA","34","","0","1%","0%"
"*04pn3*","Josiah Gray","WSH","SP","4725","FA","28","WSH 2<br/>@SD 5","0","13%","0%"
"*06mvg*","Murf Gray","PIT","3B,INF","4726","FA","22","@CHW Wed 7:40PM","0","25%","0%"
"*05136*","Seth Gray","(N/A)","1B,3B,INF","4727","FA","28","","0","0%","0%"
"*06654*","Shane Gray","(N/A)","SP","4728","FA","26","","0","0%","0%"
"*06y9r*","Taitn Gray","TB","C","4729","FA","19","@ATL Wed 7:15PM","0","22%","0%"
"*06qsq*","Austin Green","NYY","2B,INF","4730","FA","24","COL Wed 7:05PM","0","0%","0%"
"*0374o*","Chad Green","(N/A)","RP","4731","FA","35","","0","1%","0%"
"*05oek*","Elijah Green","WSH","OF","4732","FA","22","WSH 2<br/>@SD 5","0","11%","0%"
"*04py0*","Josh Green","(N/A)","RP","4733","FA","31","","0","0%","0%"
"*069zm*","Landon Green","(N/A)","SP","4734","FA","18","","0","0%","0%"
"*05ynr*","Mason Green","COL","SP,RP","4735","FA","27","@NYY Wed 7:05PM","0","0%","0%"
"*04ejd*","Max Green","NYM","SP,RP","4736","FA","30","@MIA Wed 6:40PM","0","0%","0%"
"*060g5*","Payton Green","MIA","SS,INF","4737","FA","23","NYM Wed 6:40PM","0","0%","0%"
"*06ag6*","Rodney Green","ATH","OF","4738","FA","23","TOR 0<br/>@ATH 2 F","0","1%","0%"
"*06hn9*","Spencer Green","LAD","SP","4739","FA","21","CIN Wed 10:10PM","0","0%","0%"
"*03749*","Conner Greene","(N/A)","RP","4740","FA","31","","0","0%","0%"
"*05jrd*","Isaiah Greene","(N/A)","OF","4741","FA","25","","0","1%","0%"
"*02hds*","Shane Greene","(N/A)","RP","4742","FA","37","","0","0%","0%"
"*04pym*","Zach Greene","(N/A)","RP","4743","FA","30","","0","0%","0%"
"*06cqj*","Mason Greenhouse","(N/A)","OF","4744","FA","20","","0","0%","0%"
"*0763o*","Simon Gregersen","ARI","RP","4745","FA","24","@KC Wed 7:40PM","0","0%","0%"
"*06qjb*","Owen Gregg","TOR","SS,INF","4746","FA","19","TOR 0<br/>@ATH 2 F","0","0%","0%"
"*076k8*","Drew Grego","(N/A)","SS,INF","4747","FA","20","","0","0%","0%"
"*070ek*","Dylan Grego","SD","2B,INF","4748","FA","22","WSH 2<br/>@SD 5","0","0%","0%"
"*05xrw*","Hunter Gregory","MIN","RP","4749","FA","27","MIN 2<br/>@DET 7 F","0","0%","0%"
"*06kk7*","Trey Gregory-Alford","LAA","SP","4750","FA","20","@BOS Wed 6:45PM","0","6%","0%"
"*06ppv*","Tanner Gresham","PHI","SP","4751","FA","24","HOU Wed 6:40PM","0","0%","0%"
"*05u2w*","Caden Grice","ARI","SP","4752","FA","24","@KC Wed 7:40PM","0","2%","0%"
"*077p5*","Conner Griffin","CIN","SP","4753","FA","21","@LAD Wed 10:10PM","0","0%","0%"
"*05ylr*","David Griffin","(N/A)","SP,RP","4754","FA","30","","0","0%","0%"
"*06yuy*","Jordin Griffin","(N/A)","OF","4755","FA","18","","0","0%","0%"
"*078se*","Tanner Griffith","KC","OF","4756","FA","21","ARI Wed 7:40PM","0","0%","0%"
"*073ua*","Ethan Grim","(N/A)","SP","4757","FA","19","","0","0%","0%"
"*06kvt*","Jared Grindlinger","LAA","1B,INF,OF","4758","FA","17","@BOS Wed 6:45PM","0","3%","0%"
"*075lp*","Trent Grindlinger","(N/A)","C","4759","FA","20","","0","0%","0%"
"*078s0*","TJ Grines","LAA","2B,INF","4760","FA","22","@BOS Wed 6:45PM","0","0%","0%"
"*06zgt*","Grayson Grinsell","DET","SP","4761","FA","22","MIN 2<br/>@DET 7 F","0","1%","0%"
"*05jqd*","Marquis Grissom Jr.","WSH","RP","4762","FA","25","WSH 2<br/>@SD 5","0","0%","0%"
"*06tli*","Rob Griswold","(N/A)","RP","4763","FA","28","","0","0%","0%"
"*03ysp*","Jay Groome","(N/A)","SP","4764","FA","28","","0","1%","0%"
"*04zo1*","Jaxx Groshans","(N/A)","C","4765","FA","28","","0","0%","0%"
"*04n8x*","Jordan Groshans","ATL","3B,INF","4766","FA","26","TB Wed 7:15PM","0","3%","0%"
"*01seb*","Robbie Grossman","(N/A)","OF","4767","FA","36","","0","0%","0%"
"*06gul*","Josh Grosz","ARI","SP","4768","FA","24","@KC Wed 7:40PM","0","1%","0%"
"*077nb*","Tyson Grulkowski","ATL","SP","4769","FA","19","TB Wed 7:15PM","0","0%","0%"
"*02c0c*","Robert Gsellman","(N/A)","RP","4770","FA","33","","0","0%","0%"
"*06rr9*","Ruei Yang Gu Lin","(N/A)","SP","4771","FA","26","","0","0%","0%"
"*06uxe*","Xiomer Guacache","DET","RP","4772","FA","22","MIN 2<br/>@DET 7 F","0","0%","0%"
"*06z4z*","Omar Guadamuz","CIN","3B,INF","4773","FA","18","@LAD Wed 10:10PM","0","0%","0%"
"*05xmu*","Fernando Guanare","(N/A)","SP","4774","FA","23","","0","0%","0%"
"*06py1*","Alfredo Guanchez","ARI","3B,INF","4775","FA","20","@KC Wed 7:40PM","0","0%","0%"
"*06jh1*","Gabriel Guanchez","SEA","C","4776","FA","19","TEX 1<br/>@SEA 3","0","0%","0%"
"*066me*","Luis Guanipa","ATL","OF","4777","FA","20","TB Wed 7:15PM","0","5%","0%"
"*060mw*","Wander Guante","(N/A)","RP","4778","FA","26","","0","0%","0%"
"*074ch*","Jendry Guaraco","COL","SS,INF","4779","FA","17","@NYY Wed 7:05PM","0","0%","0%"
"*072ed*","Jakob Guardado","LAA","SP","4780","FA","24","@BOS Wed 6:45PM","0","0%","0%"
"*04ym4*","Richard Guasch","BAL","RP","4781","FA","28","CLE Wed 6:35PM","0","0%","0%"
"*066jk*","Quinn Gudaitis","(N/A)","SP","4782","FA","27","","0","0%","0%"
"*06rkh*","Jeiker Gudino","DET","C","4783","FA","19","MIN 2<br/>@DET 7 F","0","0%","0%"
"*06ro7*","Breyson Guedez","ATH","OF","4784","FA","18","TOR 0<br/>@ATH 2 F","0","5%","0%"
"*06am3*","Jose Guedez","HOU","SP,RP","4785","FA","24","@PHI Wed 6:40PM","0","0%","0%"
"*04ei8*","Sean Guenther","DET","RP","4786","FA","30","MIN 2<br/>@DET 7 F","0","0%","0%"
"*06uhj*","Daniel Guerra","TOR","SP,RP","4787","FA","22","TOR 0<br/>@ATH 2 F","0","1%","0%"
"*03fi1*","Javy Guerra","CHW","RP","4788","FA","30","PIT Wed 7:40PM","0","0%","0%"
"*06c3d*","Jose Guerra","(N/A)","1B,INF","4789","FA","20","","0","0%","0%"
"*06qsx*","Mason Guerra","ATL","1B,INF","4790","FA","24","TB Wed 7:15PM","0","0%","0%"
"*072hp*","Wilton Guerrero Jr","PIT","SS,INF","4791","FA","17","@CHW Wed 7:40PM","0","2%","0%"
"*066mz*","Brailer Guerrero","TB","OF","4792","FA","20","@ATL Wed 7:15PM","0","11%","0%"
"*064qc*","Eduardo Guerrero","LAD","2B,3B,SS,INF","4793","FA","21","CIN Wed 10:10PM","0","0%","0%"
"*04ycn*","Juan Guerrero","(N/A)","OF","4794","FA","24","","0","0%","0%"
"*05xyu*","Kevin Guerrero","(N/A)","OF","4795","FA","22","","0","0%","0%"
"*06aop*","Luis Guerrero","TB","RP","4796","FA","26","@ATL Wed 7:15PM","0","1%","0%"
"*06tfy*","Oliver Guerrero","TEX","UT","4797","FA","18","TEX 1<br/>@SEA 3","0","0%","0%"
"*068z1*","Pablo Guerrero","TEX","1B,INF","4798","FA","20","TEX 1<br/>@SEA 3","0","5%","0%"
"*05yns*","Tyson Guerrero","KC","SP","4799","FA","27","ARI Wed 7:40PM","0","0%","0%"
"*06kjv*","Vladi Guerrero","(N/A)","1B,INF","4800","FA","19","","0","0%","0%"
"*0731o*","Yhon Guerrero","CLE","OF","4801","FA","17","@BAL Wed 6:35PM","0","0%","0%"
"*06uxd*","Anderson Guevara","SEA","RP","4802","FA","21","TEX 1<br/>@SEA 3","0","0%","0%"
"*05ud4*","Diego Guevara","(N/A)","OF","4803","FA","24","","0","0%","0%"
"*078rp*","Eric Guevara","MIA","3B,INF","4804","FA","21","NYM Wed 6:40PM","0","0%","0%"
"*06mfr*","Jose Guevara","NYM","SP","4805","FA","21","@MIA Wed 6:40PM","0","0%","0%"
"*05ybs*","Gavin Guidry","NYM","SS,INF","4806","FA","23","@MIA Wed 6:40PM","0","0%","0%"
"*05yi1*","Freddy Guilamo","(N/A)","C","4807","FA","25","","0","0%","0%"
"*05rbu*","Daniel Guilarte","MIL","2B,3B,INF,OF","4808","FA","22","CHC Wed 7:40PM","0","0%","0%"
"*064o3*","Tyler Guilfoil","(N/A)","RP","4809","FA","26","","0","0%","0%"
"*06hsh*","Garret Guillemette","HOU","C,1B,INF","4810","FA","25","@PHI Wed 6:40PM","0","0%","0%"
"*06ry2*","Frandy Guillen","BAL","3B,INF","4811","FA","18","CLE Wed 6:35PM","0","0%","0%"
"*06hzg*","Xavier Guillen","(N/A)","OF","4812","FA","22","","0","0%","0%"
"*0317b*","Luis Guillorme","(N/A)","2B,3B,INF","4813","FA","31","","0","0%","0%"
"*078zp*","Michael Gupton","CHC","OF","4814","FA","22","@MIL Wed 7:40PM","0","0%","0%"
"*06yju*","Jack Gurevitch","STL","1B,INF","4815","FA","22","STL 6<br/>@SF 1","0","4%","0%"
"*06kve*","Edward Guribe","STL","3B,INF","4816","FA","19","STL 6<br/>@SF 1","0","0%","0%"
"*025jv*","Yuli Gurriel","(N/A)","UT","4817","FA","42","","0","0%","0%"
"*06qk3*","Mac Guscette","ATL","C","4818","FA","24","TB Wed 7:15PM","0","0%","0%"
"*06hox*","Harry Gustin","SD","RP","4819","FA","24","WSH 2<br/>@SD 5","0","0%","0%"
"*078v4*","Luke Guth","CHC","RP","4820","FA","22","@MIL Wed 7:40PM","0","0%","0%"
"*04ae9*","Dalton Guthrie","(N/A)","OF","4821","FA","30","","0","0%","0%"
"*06qo0*","Troy Guthrie","TOR","RP","4822","FA","20","TOR 0<br/>@ATH 2 F","0","0%","0%"
"*0440c*","Abrahan Gutierrez","NYY","C","4823","FA","26","COL Wed 7:05PM","0","0%","0%"
"*06bpv*","Albert Gutierrez","(N/A)","1B,INF","4824","FA","22","","0","0%","0%"
"*05wy2*","Anthony Gutierrez","TEX","OF","4825","FA","21","TEX 1<br/>@SEA 3","0","4%","0%"
"*06bkz*","Carlos Gutierrez","BOS","OF","4826","FA","22","LAA Wed 6:45PM","0","1%","0%"
"*06s3p*","Carlos Gutierrez","(N/A)","OF","4842","FA","22","","0","0%","0%"
"*066ml*","Daiverson Gutierrez","NYM","C","4827","FA","20","@MIA Wed 6:40PM","0","1%","0%"
"*078vd*","Diego Gutierrez","BAL","SP","4828","FA","23","CLE Wed 6:35PM","0","0%","0%"
"*076g4*","Edgardo Gutierrez","BOS","C","4829","FA","17","LAA Wed 6:45PM","0","0%","0%"
"*076uz*","Eider Gutierrez","CIN","OF","4830","FA","17","@LAD Wed 10:10PM","0","1%","0%"
"*06klg*","Eric Gutierrez","(N/A)","RP","4831","FA","20","","0","0%","0%"
"*06lp7*","Gerardo Gutierrez","(N/A)","RP","4832","FA","27","","0","0%","0%"
"*06ifr*","Jean Gutierrez","(N/A)","RP","4833","FA","20","","0","0%","0%"
"*06ift*","Jean Gutierrez","(N/A)","OF","4834","FA","20","","0","0%","0%"
"*06ifc*","Joan Gutierrez","(N/A)","3B,INF","4835","FA","20","","0","0%","0%"
"*06uxc*","Jose Gutierrez","KC","SP","4836","FA","23","ARI Wed 7:40PM","0","0%","0%"
"*056j7*","Luis Gutierrez","SD","SP","4837","FA","23","WSH 2<br/>@SD 5","0","1%","0%"
"*06r0g*","Luis Gutierrez","KC","SS,INF","4838","FA","20","ARI Wed 7:40PM","0","0%","0%"
"*06l0h*","Roque Gutierrez","LAD","SP,RP","4839","FA","24","CIN Wed 10:10PM","0","0%","0%"
"*03mmw*","Vladimir Gutierrez","(N/A)","RP","4840","FA","30","","0","0%","0%"
"*078na*","Paul Gutierrez-Contreras II","NYY","OF","4841","FA","21","COL Wed 7:05PM","0","0%","0%"
"*078u5*","Colby Guy","MIA","RP","4843","FA","23","NYM Wed 6:40PM","0","0%","0%"
"*078gv*","James Guyette","SD","SP","4844","FA","21","WSH 2<br/>@SD 5","0","0%","0%"
"*06hn2*","Adonys Guzman","BOS","C","4845","FA","22","LAA Wed 6:45PM","0","0%","0%"
"*04rhh*","Alvin Guzman","(N/A)","RP","4846","FA","24","","0","0%","0%"
"*06c8a*","Angel Guzman","SF","1B,INF","4847","FA","20","STL 6<br/>@SF 1","0","0%","0%"
"*06ic5*","Angel Guzman","TOR","2B,INF","4848","FA","19","TOR 0<br/>@ATH 2 F","0","1%","0%"
"*04yk5*","Carlos Guzman","NYM","RP","4849","FA","28","@MIA Wed 6:40PM","0","0%","0%"
"*06akr*","David Guzman","TOR","OF","4850","FA","20","TOR 0<br/>@ATH 2 F","0","0%","0%"
"*05tl6*","Diego Guzman","KC","3B,INF","4851","FA","22","ARI Wed 7:40PM","0","0%","0%"
"*06aoq*","Emilker Guzman","(N/A)","RP","4852","FA","27","","0","0%","0%"
"*03xs6*","Jeison Guzman","(N/A)","SS,INF","4853","FA","27","","0","0%","0%"
"*076l3*","Joephillip Guzman","BAL","2B,INF","4854","FA","19","CLE Wed 6:35PM","0","0%","0%"
"*0406z*","Jonathan Guzman","(N/A)","SS,INF","4855","FA","27","","0","0%","0%"
"*06qfm*","Jorge Guzman","(N/A)","SP","4856","FA","19","","0","0%","0%"
"*076sd*","Jose Guzman","DET","RP","4857","FA","22","MIN 2<br/>@DET 7 F","0","0%","0%"
"*06uxb*","Michael Guzman","(N/A)","3B,INF","4858","FA","20","","0","0%","0%"
"*06zei*","Randy Guzman","NYM","1B,INF","4859","FA","21","@MIA Wed 6:40PM","0","2%","0%"
"*0770p*","Randy Guzman","NYM","RP","4860","FA","19","@MIA Wed 6:40PM","0","0%","0%"
"*06mi4*","Ricardo Guzman","TB","RP","4861","FA","22","@ATL Wed 7:15PM","0","0%","0%"
"*02i1a*","Ronald Guzman","(N/A)","1B,INF","4862","FA","31","","0","0%","0%"
"*06rng*","Walfrent Guzman","(N/A)","1B,INF","4863","FA","21","","0","0%","0%"
"*06rr1*","Been Gwak","(N/A)","SP","4864","FA","27","","0","0%","0%"
"*072ey*","Carter Gwost","PIT","OF","4865","FA","19","@CHW Wed 7:40PM","0","0%","0%"
"*04ps0*","Zach Haake","(N/A)","RP","4866","FA","29","","0","0%","0%"
"*06ek3*","Hunter Haas","(N/A)","1B,3B,INF","4867","FA","24","","0","0%","0%"
"*061yj*","Aaron Haase","(N/A)","RP","4868","FA","26","","0","0%","0%"
"*06bl1*","Kevin Hacen","(N/A)","3B,INF","4869","FA","20","","0","0%","0%"
"*05y3o*","Adam Hachman","(N/A)","SP","4870","FA","21","","0","0%","0%"
"*05yeq*","Adam Hackenberg","(N/A)","C","4871","FA","27","","0","0%","0%"
"*062e9*","Drue Hackenberg","ATL","SP","4872","FA","24","TB Wed 7:15PM","0","8%","0%"
"*06qib*","Owen Hackman","ATL","SP","4873","FA","24","TB Wed 7:15PM","0","0%","0%"
"*06ms2*","Chris Hacopian","WSH","3B,INF","4874","FA","22","WSH 2<br/>@SD 5","0","3%","0%"
"*06ih1*","Shinnosuke Hada","(N/A)","SP","4875","FA","22","","0","0%","0%"
"*06pgq*","Woody Hadeen","DET","2B,SS,INF,OF","4876","FA","24","MIN 2<br/>@DET 7 F","0","0%","0%"
"*07306*","Carter Hadnot","(N/A)","SS,INF","4877","FA","18","","0","0%","0%"
"*06onz*","David Hagaman","ARI","SP","4878","FA","23","@KC Wed 7:40PM","0","12%","0%"
"*0790m*","Kendall Hagedorn","MIL","C","4879","FA","18","CHC Wed 7:40PM","0","0%","0%"
"*078os*","Dustin Hagens","NYM","RP","4880","FA","21","@MIA Wed 6:40PM","0","0%","0%"
"*020dj*","Jesse Hahn","(N/A)","RP","4881","FA","37","","0","0%","0%"
"*06r4v*","Adam Haight","(N/A)","SS,INF","4882","FA","20","","0","0%","0%"
"*06qul*","Elijah Hainline","LAD","2B,SS,INF","4883","FA","23","CIN Wed 10:10PM","0","1%","0%"
"*06qoy*","Jalen Hairston","CIN","3B,INF","4884","FA","22","@LAD Wed 10:10PM","0","0%","0%"
"*06tvm*","Landon Hairston","(N/A)","OF","4885","FA","20","","0","1%","0%"
"*05lg6*","Jeffrey Hakanson","(N/A)","SP,RP","4886","FA","28","","0","0%","0%"
"*06qux*","Matt Halbach","CHC","1B,INF","4887","FA","23","@MIL Wed 7:40PM","0","0%","0%"
"*0648s*","Cade Halemanu","(N/A)","RP","4888","FA","26","","0","0%","0%"
"*06ew1*","Skylar Hales","STL","RP","4889","FA","24","STL 6<br/>@SF 1","0","1%","0%"
"*078kf*","Jacob Haley","STL","RP","4890","FA","21","STL 6<br/>@SF 1","0","0%","0%"
"*0422d*","Jim Haley","(N/A)","2B,INF","4891","FA","31","","0","0%","0%"
"*070c4*","Talon Haley","LAA","SP","4892","FA","20","@BOS Wed 6:45PM","0","4%","0%"
"*04ef3*","Adam Hall","(N/A)","OF","4893","FA","27","","0","0%","0%"
"*06432*","Anthony Hall","(N/A)","OF","4894","FA","25","","0","0%","0%"
"*0669l*","Bubba Hall","(N/A)","RP","4895","FA","26","","0","0%","0%"
"*041yc*","Darick Hall","(N/A)","1B,INF","4896","FA","31","","0","0%","0%"
"*06qkt*","Jakob Hall","(N/A)","RP","4897","FA","24","","0","0%","0%"
"*077n5*","Jeremiah Hall","(N/A)","SS,INF","4898","FA","17","","0","0%","0%"
"*06ynm*","Nathan Hall","ARI","OF","4899","FA","22","@KC Wed 7:40PM","0","0%","0%"
"*06yyp*","Nathan Hall","NYM","SP","4900","FA","22","@MIA Wed 6:40PM","0","0%","0%"
"*06fqo*","Noah Hall","NYM","SP","4901","FA","25","@MIA Wed 6:40PM","0","0%","0%"
"*06hey*","Owen Hall","DET","SP","4902","FA","20","MIN 2<br/>@DET 7 F","0","4%","0%"
"*078fm*","Regan Hall","BAL","SP","4903","FA","21","CLE Wed 6:35PM","0","0%","0%"
"*06zgy*","Ryan Hall","DET","SP","4904","FA","19","MIN 2<br/>@DET 7 F","0","1%","0%"
"*06rw2*","Steele Hall","CIN","SS,INF","4905","FA","19","@LAD Wed 10:10PM","0","34%","0%"
"*06247*","Tanner Hall","MIN","SP","4906","FA","24","MIN 2<br/>@DET 7 F","0","0%","0%"
"*066b5*","Tayden Hall","MIL","1B,INF","4907","FA","23","CHC Wed 7:40PM","0","0%","0%"
"*060u2*","Patrick Halligan","BOS","RP","4908","FA","26","LAA Wed 6:45PM","0","0%","0%"
"*06ros*","Mike Hallquist","CHC","3B,INF","4909","FA","24","@MIL Wed 7:40PM","0","0%","0%"
"*05jq0*","Colby Halter","ATH","2B,3B,INF","4910","FA","25","TOR 0<br/>@ATH 2 F","0","0%","0%"
"*076g8*","Malachai Halterman","MIL","C,OF","4911","FA","19","CHC Wed 7:40PM","0","0%","0%"
"*077qe*","Wyatt Halvorson","LAD","RP","4912","FA","21","CIN Wed 10:10PM","0","0%","0%"
"*05yb9*","Dominic Hambley","(N/A)","RP","4913","FA","23","","0","0%","0%"
"*05udy*","Dom Hamel","NYY","RP","4914","FA","27","COL Wed 7:05PM","0","1%","0%"
"*01sy8*","Billy Hamilton","(N/A)","OF","4915","FA","36","","0","0%","0%"
"*078vm*","Brady Hamilton","ATL","SP","4916","FA","21","TB Wed 7:15PM","0","0%","0%"
"*074mn*","Connor Hamilton","(N/A)","SP","4917","FA","20","","0","0%","0%"
"*05xps*","Quincy Hamilton","(N/A)","OF","4918","FA","28","","0","0%","0%"
"*070bx*","River Hamilton","DET","SP","4919","FA","19","MIN 2<br/>@DET 7 F","0","1%","0%"
"*06hwx*","Xander Hamilton","(N/A)","RP","4920","FA","25","","0","0%","0%"
"*06f0u*","Jaden Hamm","DET","SP","4921","FA","24","MIN 2<br/>@DET 7 F","0","7%","0%"
"*06h1y*","Bryson Hammer","COL","RP","4922","FA","24","@NYY Wed 7:05PM","0","0%","0%"
"*0519m*","Dan Hammer","NYM","RP","4923","FA","28","@MIA Wed 6:40PM","0","0%","0%"
"*066fz*","Ethan Hammerberg","(N/A)","RP","4924","FA","25","","0","0%","0%"
"*06qrd*","Blake Hammond","ATH","RP","4925","FA","23","TOR 0<br/>@ATH 2 F","0","0%","0%"
"*075l5*","Eric Hammond","MIN","RP","4926","FA","23","MIN 2<br/>@DET 7 F","0","0%","0%"
"*06cqi*","Josh Hammond","KC","3B,SS,INF","4927","FA","19","ARI Wed 7:40PM","0","24%","0%"
"*041qk*","Garrett Hampson","CIN","2B,INF,OF","4928","FA","31","@LAD Wed 10:10PM","0","1%","0%"
"*06qot*","Jace Hampson","NYM","SP","4929","FA","21","@MIA Wed 6:40PM","0","0%","0%"
"*05yh3*","Chase Hampton","NYY","SP","4930","FA","25","COL Wed 7:05PM","0","14%","0%"
"*06qvq*","Tyler Hampu","COL","RP","4931","FA","24","@NYY Wed 7:05PM","0","0%","0%"
"*06ysk*","Kailen Hamson","BAL","SP","4932","FA","24","CLE Wed 6:35PM","0","0%","0%"
"*06hu9*","Ty Hanchey","SF","C","4933","FA","26","STL 6<br/>@SF 1","0","0%","0%"
"*02mwj*","Mitch Haniger","(N/A)","OF","4934","FA","35","","0","0%","0%"
"*06ru9*","Jake Hanley","(N/A)","1B,INF","4935","FA","21","","0","0%","0%"
"*04pmh*","Jameson Hannah","(N/A)","OF","4936","FA","29","","0","0%","0%"
"*07714*","Wyatt Hanoian","(N/A)","SS,INF","4937","FA","20","","0","0%","0%"
"*076qm*","Luke Hansel","COL","RP","4938","FA","25","@NYY Wed 7:05PM","0","0%","0%"
"*06hsc*","Josh Hansell","KC","SP","4939","FA","24","ARI Wed 7:40PM","0","0%","0%"
"*04ptj*","Austin Hansen","(N/A)","SP,RP","4940","FA","30","","0","0%","0%"
"*06qon*","Ben Hansen","ATH","SP","4941","FA","24","TOR 0<br/>@ATH 2 F","0","0%","0%"
"*05yks*","Pete Hansen","STL","SP","4942","FA","26","STL 6<br/>@SF 1","0","1%","0%"
"*078s6*","Trevor Hansen","LAA","SP","4943","FA","21","@BOS Wed 6:45PM","0","0%","0%"
"*078jc*","Max Hansmann","WSH","RP","4944","FA","22","WSH 2<br/>@SD 5","0","0%","0%"
"*072bp*","Luke Hanson","TEX","3B,INF","4945","FA","23","TEX 1<br/>@SEA 3","0","0%","0%"
"*06qlr*","Parks Harber","SF","3B,INF","4946","FA","24","STL 6<br/>@SF 1","0","11%","0%"
"*051d8*","Ryan Harbin","PIT","SP,RP","4947","FA","25","@CHW Wed 7:40PM","0","0%","0%"
"*06qng*","Tyson Hardin","MIL","SP","4948","FA","24","CHC Wed 7:40PM","0","13%","0%"
"*06r23*","Houston Harding","LAA","RP","4949","FA","28","@BOS Wed 6:45PM","0","0%","0%"
"*05tay*","Tyler Hardman","NYY","1B,INF","4950","FA","27","COL Wed 7:05PM","0","0%","0%"
"*06iev*","Brendan Hardy","(N/A)","RP","4951","FA","26","","0","0%","0%"
"*076ch*","Halton Hardy","MIN","RP","4952","FA","24","MIN 2<br/>@DET 7 F","0","0%","0%"
"*06qj3*","Theo Hardy","TEX","SS,INF","4953","FA","24","TEX 1<br/>@SEA 3","0","0%","0%"
"*06kjz*","Chase Harlan","LAD","3B,INF","4954","FA","20","CIN Wed 10:10PM","0","20%","0%"
"*06hn7*","Josh Harlow","CLE","RP","4955","FA","25","@BAL Wed 6:35PM","0","0%","0%"
"*066lq*","Johnathan Harmon","CIN","SP","4956","FA","26","@LAD Wed 10:10PM","0","0%","0%"
"*06pp5*","Landon Harmon","WSH","SP","4957","FA","20","WSH 2<br/>@SD 5","0","13%","0%"
"*066cm*","Sean Harney","ARI","RP","4958","FA","28","@KC Wed 7:40PM","0","0%","0%"
"*078vk*","Dalton Harper","ATL","C","4959","FA","21","TB Wed 7:15PM","0","0%","0%"
"*066df*","Daniel Harper","PHI","RP","4960","FA","27","HOU Wed 6:40PM","0","0%","0%"
"*0790h*","Jayden Harper","LAA","SP,RP","4961","FA","22","@BOS Wed 6:45PM","0","0%","0%"
"*066lc*","Landon Harper","ATL","SP,RP","4962","FA","25","TB Wed 7:15PM","0","0%","0%"
"*078oq*","Michael Harpster","NYY","SP","4963","FA","21","COL Wed 7:05PM","0","0%","0%"
"*06zao*","Gage Harrelson","LAA","OF","4964","FA","22","@BOS Wed 6:45PM","0","0%","0%"
"*067yq*","Alex Harrington","(N/A)","SS,INF","4965","FA","19","","0","0%","0%"
"*05zya*","Thomas Harrington","PIT","RP","4966","FA","25","@CHW Wed 7:40PM","0","15%","0%"
"*05u2y*","Aiden Harris","(N/A)","3B,INF","4967","FA","19","","0","0%","0%"
"*067yr*","Brady Harris","(N/A)","SS,INF","4968","FA","18","","0","0%","0%"
"*06f0m*","Calvin Harris","CHW","C","4969","FA","24","PIT Wed 7:40PM","0","0%","0%"
"*078eu*","Cooper Harris","WSH","SP","4970","FA","18","WSH 2<br/>@SD 5","0","0%","0%"
"*06gjz*","Dakota Harris","STL","1B,2B,3B,INF","4971","FA","24","STL 6<br/>@SF 1","0","0%","0%"
"*0664g*","Hayden Harris","COL","RP","4972","FA","27","@NYY Wed 7:05PM","0","2%","0%"
"*03yxs*","Hobie Harris","BOS","RP","4973","FA","33","LAA Wed 6:45PM","0","0%","0%"
"*06q2i*","Sam Harris","(N/A)","1B,INF","4974","FA","21","","0","0%","0%"
"*06za5*","Zach Harris","COL","RP","4975","FA","22","@NYY Wed 7:05PM","0","0%","0%"
"*078gy*","Bear Harrison","NYY","C","4976","FA","21","COL Wed 7:05PM","0","0%","0%"
"*06fqp*","Charles Harrison","(N/A)","RP","4977","FA","24","","0","0%","0%"
"*05yaq*","Devereaux Harrison","TOR","SP,RP","4978","FA","25","TOR 0<br/>@ATH 2 F","0","0%","0%"
"*06hoq*","Kalae Harrison","(N/A)","2B,INF","4979","FA","24","","0","0%","0%"
"*078ki*","Luke Harrison","STL","SP","4980","FA","23","STL 6<br/>@SF 1","0","0%","0%"
"*06f1o*","Trevor Harrison","TB","SP","4981","FA","21","@ATL Wed 7:15PM","0","7%","0%"
"*06f1g*","Jay Harry","TOR","SS,INF,OF","4982","FA","24","TOR 0<br/>@ATH 2 F","0","2%","0%"
"*0761f*","Marcelo Harsch","(N/A)","RP","4983","FA","19","","0","0%","0%"
"*078xu*","Carson Hart","MIL","OF","4984","FA","18","CHC Wed 7:40PM","0","0%","0%"
"*06qs6*","Ben Hartl","CHW","C","4985","FA","23","PIT Wed 7:40PM","0","0%","0%"
"*072bo*","Jacob Hartlaub","TB","SP","4986","FA","24","@ATL Wed 7:15PM","0","0%","0%"
"*05t7b*","Josh Hartle","WSH","SP","4987","FA","23","WSH 2<br/>@SD 5","0","4%","0%"
"*078sd*","Lance Hartley","KC","RP","4988","FA","20","ARI Wed 7:40PM","0","0%","0%"
"*06ig4*","Colton Hartman","(N/A)","SP","4989","FA","21","","0","0%","0%"
"*06pi0*","Eric Hartman","ATL","2B,INF,OF","4990","BHB","20","TB Wed 7:15PM","0","38%","0%"
"*05mrm*","Jack Hartman","TB","RP","4991","FA","28","@ATL Wed 7:15PM","0","0%","0%"
"*06ifw*","Josiah Hartshorn","CHC","1B,INF,OF","4992","FA","19","@MIL Wed 7:40PM","0","34%","0%"
"*06615*","Grant Hartwig","MIN","SP","4993","FA","28","MIN 2<br/>@DET 7 F","0","0%","0%"
"*06qk9*","Clete Hartzog","CHW","RP","4994","FA","25","PIT Wed 7:40PM","0","0%","0%"
"*077y0*","Jake Harvey","SEA","C","4995","FA","22","TEX 1<br/>@SEA 3","0","0%","0%"
"*065iz*","Ryan Harvey","DET","RP","4996","FA","25","MIN 2<br/>@DET 7 F","0","0%","0%"
"*06zfp*","Ty Harvey","SD","C","4997","FA","20","WSH 2<br/>@SD 5","0","2%","0%"
"*0776g*","Fran-Jean Haseth","LAD","OF","4998","FA","17","CIN Wed 10:10PM","0","1%","0%"
"*05jry*","Hudson Haskin","(N/A)","OF","4999","FA","27","","0","0%","0%"
"*072bq*","Trevor Haskins","STL","SS,INF","5000","FA","23","STL 6<br/>@SF 1","0","0%","0%"
"*05gbe*","Robert Hassell","PIT","OF","5001","FA","25","@CHW Wed 7:40PM","0","12%","0%"
"*041ql*","Thomas Hatch","(N/A)","RP","5002","FA","31","","0","0%","0%"
"*066d0*","Josh Hatcher","(N/A)","1B,INF,OF","5003","FA","28","","0","0%","0%"
"*07690*","Jackson Hauge","NYM","1B,INF","5004","FA","25","@MIA Wed 6:40PM","0","0%","0%"
"*06rfy*","Aidan Haugh","TB","SP","5005","FA","23","@ATL Wed 7:15PM","0","0%","0%"
"*05lfx*","Trevor Hauver","TEX","OF","5006","FA","27","TEX 1<br/>@SEA 3","0","1%","0%"
"*06zer*","Peyton Havard","PHI","RP","5007","FA","24","HOU Wed 6:40PM","0","0%","0%"
"*072no*","Easton Hawk","(N/A)","RP","5008","FA","20","","0","0%","0%"
"*06f1a*","Tommy Hawke","CLE","OF","5009","FA","24","@BAL Wed 6:35PM","0","1%","0%"
"*06hj0*","Dakota Hawkins","NYM","RP","5010","FA","26","@MIA Wed 6:40PM","0","0%","0%"
"*05yc8*","Garrett Hawkins","SD","SP,RP","5011","FA","26","WSH 2<br/>@SD 5","0","1%","0%"
"*078k0*","Jordan Hawkins","TEX","OF","5012","FA","18","TEX 1<br/>@SEA 3","0","0%","0%"
"*06fzl*","Ryan Hawks","SEA","SP","5013","FA","25","TEX 1<br/>@SEA 3","0","0%","0%"
"*06h92*","Sawyer Hawks","ARI","RP","5014","FA","23","@KC Wed 7:40PM","0","0%","0%"
"*077yy*","Lane Haworth","PHI","OF","5015","FA","21","HOU Wed 6:40PM","0","0%","0%"
"*06ony*","Luke Hayden","CIN","SP","5016","FA","23","@LAD Wed 10:10PM","0","0%","0%"
"*066jd*","Hunter Hayes","STL","RP","5017","FA","26","STL 6<br/>@SF 1","0","0%","0%"
"*06rjx*","Kyle Hayes","WSH","C","5018","FA","28","WSH 2<br/>@SD 5","0","0%","0%"
"*05lfz*","Jagger Haynes","SD","SP","5019","FA","23","WSH 2<br/>@SD 5","0","1%","0%"
"*05ub5*","James Hays","(N/A)","SP","5020","FA","22","","0","0%","0%"
"*066nq*","Dillon Head","MIA","OF","5021","FA","21","NYM Wed 6:40PM","0","5%","0%"
"*0512p*","Hudson Head","(N/A)","OF","5022","FA","25","","0","1%","0%"
"*0741j*","JP Head","(N/A)","OF","5023","FA","20","","0","0%","0%"
"*073q7*","Ty Head","BAL","OF","5024","FA","21","CLE Wed 6:35PM","0","1%","0%"
"*06c5s*","Andrew Healy","MIL","SP","5025","FA","23","CHC Wed 7:40PM","0","0%","0%"
"*072wj*","Jeffery Heard","LAA","OF","5026","FA","23","@BOS Wed 6:45PM","0","0%","0%"
"*05154*","Ethan Hearn","CHC","C,1B,INF","5027","FA","26","@MIL Wed 7:40PM","0","0%","0%"
"*02nc0*","Taylor Hearn","(N/A)","RP","5028","FA","32","","0","0%","0%"
"*06zb2*","Chase Heath","STL","C","5029","FA","23","STL 6<br/>@SF 1","0","0%","0%"
"*04efp*","Jacob Heatherly","(N/A)","SP","5030","FA","28","","0","0%","0%"
"*06alh*","Duque Hebbert","DET","RP","5031","FA","24","MIN 2<br/>@DET 7 F","0","0%","0%"
"*072er*","Curtis Hebert","HOU","SS,INF","5032","FA","23","@PHI Wed 6:40PM","0","0%","0%"
"*072qz*","Jonathan Hechavarria","ATL","SP","5033","FA","17","TB Wed 7:15PM","0","0%","0%"
"*06mdh*","Silvano Hechavarria","TOR","SP","5034","FA","23","TOR 0<br/>@ATH 2 F","0","1%","0%"
"*06yje*","Ethan Hedges","COL","3B,INF","5035","FA","22","@NYY Wed 7:05PM","0","1%","0%"
"*062k3*","Luke Heefner","(N/A)","3B,INF","5036","FA","24","","0","0%","0%"
"*05ybj*","Dylan Heid","(N/A)","RP","5037","FA","28","","0","0%","0%"
"*06ywc*","Brayden Heidel","TOR","RP","5038","FA","24","TOR 0<br/>@ATH 2 F","0","0%","0%"
"*0701n*","Trevor Heishman","DET","SP","5039","FA","19","MIN 2<br/>@DET 7 F","0","0%","0%"
"*061lo*","Josh Hejka","MIA","RP","5040","FA","29","NYM Wed 6:40PM","0","0%","0%"
"*05zda*","Ryder Helfrick","ARI","C","5041","FA","21","@KC Wed 7:40PM","0","2%","0%"
"*031gh*","Ben Heller","(N/A)","RP","5042","FA","35","","0","0%","0%"
"*05ub7*","Dominic Hellman","(N/A)","SS,INF","5043","FA","22","","0","0%","0%"
"*078mn*","Nate Helman","PIT","RP","5044","FA","23","@CHW Wed 7:40PM","0","0%","0%"
"*077p8*","Tristan Helmick","CIN","SP","5045","FA","21","@LAD Wed 10:10PM","0","0%","0%"
"*060n8*","Lou Helmig","(N/A)","OF","5046","FA","23","","0","0%","0%"
"*04q4d*","Clay Helvey","(N/A)","RP","5047","FA","29","","0","0%","0%"
"*06r8n*","Max Hemenway","(N/A)","SS,INF","5048","FA","18","","0","0%","0%"
"*05jpx*","Tink Hence","STL","SP","5049","FA","24","STL 6<br/>@SF 1","0","24%","0%"
"*06fzn*","Ixan Henderson","STL","SP","5050","FA","24","STL 6<br/>@SF 1","0","5%","0%"
"*06r70*","Lash Henderson","(N/A)","OF","5051","FA","17","","0","0%","0%"
"*04n1t*","Austin Hendrick","CIN","OF","5052","FA","25","@LAD Wed 10:10PM","0","3%","0%"
"*04q2c*","Josh Hendrickson","HOU","SP","5053","FA","28","@PHI Wed 6:40PM","0","0%","0%"
"*0517w*","Wyatt Hendrie","(N/A)","C","5054","FA","27","","0","0%","0%"
"*01ub8*","Liam Hendriks","(N/A)","RP","5055","FA","37","","0","1%","0%"
"*031ev*","Ryan Hendrix","(N/A)","RP","5056","FA","31","","0","0%","0%"
"*06gjj*","Brian Hendry","NYY","SP","5057","FA","26","COL Wed 7:05PM","0","0%","0%"
"*0424v*","Blair Henley","(N/A)","SP,RP","5058","FA","29","","0","0%","0%"
"*06fz4*","Kyle Henley","CIN","OF","5059","FA","21","@LAD Wed 10:10PM","0","1%","0%"
"*078kk*","Owen Henne","STL","SS,INF","5060","FA","21","STL 6<br/>@SF 1","0","0%","0%"
"*06zgf*","J.D. Hennen","BAL","SP","5061","FA","23","CLE Wed 6:35PM","0","0%","0%"
"*067wx*","Ryan Hennen","(N/A)","RP","5062","FA","28","","0","0%","0%"
"*072fv*","Jean Henriquez","(N/A)","RP","5063","FA","33","","0","0%","0%"
"*075le*","Jordan Henriquez","CHC","RP","5064","FA","22","@MIL Wed 7:40PM","0","0%","0%"
"*06ulm*","Juan Henriquez","(N/A)","SP","5065","FA","20","","0","0%","0%"
"*066rt*","Julio Henriquez","MIA","1B,INF","5066","FA","21","NYM Wed 6:40PM","0","0%","0%"
"*04tzu*","Ronny Henriquez","MIA","RP","5067","FA","26","NYM Wed 6:40PM","0","20%","0%"
"*064o9*","Yonatan Henriquez","NYM","OF","5068","FA","21","@MIA Wed 6:40PM","0","0%","0%"
"*042aw*","Henry Henry","(N/A)","RP","5069","FA","27","","0","0%","0%"
"*041sv*","Payton Henry","PHI","C","5070","FA","29","HOU Wed 6:40PM","0","0%","0%"
"*0512a*","Tommy Henry","ARI","RP","5071","FA","29","@KC Wed 7:40PM","0","1%","0%"
"*06z02*","Justin Henschel","CIN","SP","5072","FA","22","@LAD Wed 10:10PM","0","0%","0%"
"*066ct*","Rob Hensey","KC","SP","5073","FA","26","ARI Wed 7:40PM","0","0%","0%"
"*04vnd*","David Hensley","(N/A)","2B,INF,OF","5074","FA","30","","0","0%","0%"
"*05176*","Spencer Henson","(N/A)","1B,INF","5075","FA","28","","0","0%","0%"
"*04eg0*","Lincoln Henzman","(N/A)","RP","5076","FA","31","","0","0%","0%"
"*070d3*","Ryan Heppner","ATL","SP","5077","FA","21","TB Wed 7:15PM","0","0%","0%"
"*06qnm*","Sean Heppner","(N/A)","RP","5078","FA","23","","0","0%","0%"
"*06qjz*","Christian Herberholz","BAL","RP","5079","FA","25","CLE Wed 6:35PM","0","0%","0%"
"*0765c*","Andrew Herbert","BAL","RP","5080","FA","25","CLE Wed 6:35PM","0","0%","0%"
"*06tls*","Jholbran Herder","LAD","RP","5081","FA","21","CIN Wed 10:10PM","0","0%","0%"
"*06oh4*","Adrian Heredia","BAL","SP","5082","FA","21","CLE Wed 6:35PM","0","0%","0%"
"*06imd*","Joel Heredia","(N/A)","RP","5083","FA","22","","0","0%","0%"
"*06o0m*","Nathanael Heredia","(N/A)","RP","5084","FA","25","","0","0%","0%"
"*06bj7*","Osvaldo Heredia","MIA","OF","5085","FA","20","NYM Wed 6:40PM","0","0%","0%"
"*05y67*","Raylin Heredia","PHI","OF","5086","FA","22","HOU Wed 6:40PM","0","1%","0%"
"*061zi*","Sean Hermann","SEA","RP","5087","FA","23","TEX 1<br/>@SEA 3","0","0%","0%"
"*06kll*","Abraham Hernandez","MIA","SP","5088","FA","19","NYM Wed 6:40PM","0","0%","0%"
"*05up5*","Adrian Hernandez","(N/A)","RP","5089","FA","26","","0","0%","0%"
"*060x2*","Alberto Hernandez","HOU","2B,INF","5090","FA","22","@PHI Wed 6:40PM","0","0%","0%"
"*06r8e*","Alcides Hernandez","SD","UT","5091","FA","21","WSH 2<br/>@SD 5","0","0%","0%"
"*06sj7*","Alex Hernandez","ATH","2B,INF","5092","FA","21","TOR 0<br/>@ATH 2 F","0","0%","0%"
"*05ydi*","Alexis Hernandez","CHC","2B,SS,INF","5093","FA","21","@MIL Wed 7:40PM","0","1%","0%"
"*060pa*","Alexis Hernandez","CHC","OF","5094","FA","23","@MIL Wed 7:40PM","0","0%","0%"
"*06cmn*","Alix Hernandez","SF","RP","5095","FA","22","STL 6<br/>@SF 1","0","0%","0%"
"*0519g*","Allan Hernandez","(N/A)","RP","5096","FA","25","","0","0%","0%"
"*06aq3*","Angelo Hernandez","(N/A)","UT","5097","FA","20","","0","0%","0%"
"*06ujo*","Arxy Hernandez","(N/A)","3B,SS,INF","5098","FA","23","","0","0%","0%"
"*05js8*","Ben Hernandez","SEA","RP","5099","FA","25","TEX 1<br/>@SEA 3","0","1%","0%"
"*06rj6*","Brayan Hernandez","(N/A)","C","5164","FA","24","","0","0%","0%"
"*074a7*","Carlos Hernandez","CIN","SS,INF","5100","FA","17","@LAD Wed 10:10PM","0","0%","0%"
"*06j3g*","Cesar Hernandez","HOU","OF","5101","FA","23","@PHI Wed 6:40PM","0","0%","0%"
"*072j1*","Christopher Hernandez","TEX","SP,RP","5102","FA","20","TEX 1<br/>@SEA 3","0","0%","0%"
"*05gdy*","Cristian Hernandez","(N/A)","RP","5103","FA","25","","0","0%","0%"
"*05gwo*","Cristian Hernandez","MIA","SS,INF","5104","FA","22","NYM Wed 6:40PM","0","8%","0%"
"*06hsy*","Cristian Hernandez","MIN","SP","5105","FA","21","MIN 2<br/>@DET 7 F","0","0%","0%"
"*06rlo*","Daniel Hernandez","WSH","C","5106","FA","18","WSH 2<br/>@SD 5","0","0%","0%"
"*051z5*","Daysbel Hernandez","(N/A)","RP","5107","FA","29","","0","1%","0%"
"*061w2*","Diego Hernandez","(N/A)","OF","5108","FA","25","","0","0%","0%"
"*064ok*","Diego Hernandez","(N/A)","SP","5109","FA","22","","0","0%","0%"
"*06qgy*","Diego Hernandez","(N/A)","SS,INF","5110","FA","19","","0","0%","0%"
"*067zs*","Diomedes Hernandez","NYY","C","5111","FA","21","COL Wed 7:05PM","0","0%","0%"
"*06r6v*","Edinson Hernandez","WSH","RP","5112","FA","20","WSH 2<br/>@SD 5","0","0%","0%"
"*02i19*","Elier Hernandez","(N/A)","OF","5113","FA","31","","0","0%","0%"
"*078v9*","Emanuel Hernandez","CHC","C","5114","FA","17","@MIL Wed 7:40PM","0","0%","0%"
"*072pq*","Emmanuel Hernandez","TB","SP","5115","FA","17","@ATL Wed 7:15PM","0","1%","0%"
"*06ckn*","Evelio Hernandez","CLE","RP","5116","FA","23","@BAL Wed 6:35PM","0","0%","0%"
"*073nh*","Felipe Hernandez","NYY","SP","5117","FA","17","COL Wed 7:05PM","0","0%","0%"
"*06tzs*","Freddy Hernandez","LAA","SP","5118","FA","18","@BOS Wed 6:45PM","0","0%","0%"
"*072g6*","Henderson Hernandez","NYM","SP","5119","FA","19","@MIA Wed 6:40PM","0","0%","0%"
"*06oo1*","Herick Hernandez","ATL","SP","5120","FA","23","TB Wed 7:15PM","0","2%","0%"
"*06rj8*","Hojans Hernandez","(N/A)","1B,INF","5121","FA","20","","0","0%","0%"
"*04ess*","Jakob Hernandez","(N/A)","RP","5122","FA","30","","0","0%","0%"
"*06ih2*","Jason Hernandez","(N/A)","OF","5123","FA","20","","0","0%","0%"
"*06ff3*","Jesus Hernandez","MIA","2B,3B,INF","5124","FA","22","NYM Wed 6:40PM","0","0%","0%"
"*06ull*","Jommy Hernandez","(N/A)","RP","5125","FA","20","","0","0%","0%"
"*072hf*","Joniel Hernandez","SF","SS,INF","5126","FA","17","STL 6<br/>@SF 1","0","8%","0%"
"*06dnd*","Jorge Hernandez","KC","2B,3B,INF","5127","FA","20","ARI Wed 7:40PM","0","0%","0%"
"*0737l*","Joscar Hernandez","ARI","OF","5128","FA","17","@KC Wed 7:40PM","0","0%","0%"
"*066st*","Jose Hernandez","(N/A)","RP","5129","FA","28","","0","0%","0%"
"*074g9*","Jose Hernandez","LAD","1B,3B,INF","5130","FA","23","CIN Wed 10:10PM","0","0%","0%"
"*061yi*","Joseph Hernandez","(N/A)","RP","5131","FA","26","","0","0%","0%"
"*06if3*","Juan Hernandez","DET","3B,INF","5132","FA","20","MIN 2<br/>@DET 7 F","0","0%","0%"
"*06rf8*","Julian Hernandez","(N/A)","C","5133","FA","20","","0","0%","0%"
"*076vj*","Julien Hernandez","ARI","SP","5134","FA","24","@KC Wed 7:40PM","0","0%","0%"
"*06c8p*","Justin Hernandez","(N/A)","RP","5135","FA","21","","0","0%","0%"
"*06r6j*","Kendrick Hernandez","DET","3B,INF","5136","FA","20","MIN 2<br/>@DET 7 F","0","0%","0%"
"*06u6j*","Leandro Hernandez","(N/A)","RP","5137","FA","24","","0","0%","0%"
"*060o8*","Luigi Hernandez","(N/A)","SP","5138","FA","22","","0","0%","0%"
"*06ysl*","Luis Hernandez","(N/A)","1B,INF","5139","FA","18","","0","0%","0%"
"*071w9*","Luis Hernandez","SF","SS,INF","5140","FA","17","STL 6<br/>@SF 1","0","37%","0%"
"*075lj*","Luis Hernandez","MIN","C","5141","FA","24","MIN 2<br/>@DET 7 F","0","0%","0%"
"*06bs2*","Maikel Hernandez","(N/A)","SP","5142","FA","21","","0","0%","0%"
"*06rp2*","Maikel Hernandez","(N/A)","C","5143","FA","23","","0","0%","0%"
"*05m19*","Maikol Hernandez","(N/A)","3B,SS,INF","5144","FA","22","","0","1%","0%"
"*068rs*","Maxwel Hernandez","(N/A)","RP","5145","FA","23","","0","0%","0%"
"*06pg8*","Melkis Hernandez","CLE","SP","5146","FA","21","@BAL Wed 6:35PM","0","0%","0%"
"*06o0k*","Melvin Hernandez","MIL","SP","5147","FA","20","CHC Wed 7:40PM","0","1%","0%"
"*06plp*","Merphy Hernandez","MIN","OF","5148","FA","19","MIN 2<br/>@DET 7 F","0","0%","0%"
"*042b0*","Miguel Hernandez","(N/A)","3B,SS,INF","5149","FA","27","","0","0%","0%"
"*06yt8*","Miguel Hernandez","STL","SS,INF","5150","FA","18","STL 6<br/>@SF 1","0","4%","0%"
"*041ue*","Nick Hernandez","ATH","RP","5151","FA","31","TOR 0<br/>@ATH 2 F","0","0%","0%"
"*05j75*","Omar Hernandez","KC","C","5152","FA","24","ARI Wed 7:40PM","0","0%","0%"
"*05rk5*","Ronald Hernandez","NYM","C,1B,INF","5153","FA","22","@MIA Wed 6:40PM","0","0%","0%"
"*04al0*","Ronaldo Hernandez","(N/A)","C","5154","FA","28","","0","1%","0%"
"*068y1*","Ronny Hernandez","BOS","C","5155","FA","21","LAA Wed 6:45PM","0","1%","0%"
"*06cqn*","Roynier Hernandez","COL","2B,INF","5156","FA","21","@NYY Wed 7:05PM","0","0%","0%"
"*065j9*","Sammy Hernandez","STL","C,1B,INF","5157","FA","22","STL 6<br/>@SF 1","0","1%","0%"
"*067yn*","Seth Hernandez","PIT","SP","5158","BHB","20","@CHW Wed 7:40PM","0","57%","0%"
"*04avd*","Wilkel Hernandez","(N/A)","SP,RP","5159","FA","27","","0","0%","0%"
"*06may*","Yandro Hernandez","(N/A)","OF","5160","FA","21","","0","0%","0%"
"*0737k*","Yohendi Hernandez","ARI","OF","5161","FA","17","@KC Wed 7:40PM","0","0%","0%"
"*04yin*","Yonny Hernandez","NYM","2B,SS,INF","5162","FA","28","@MIA Wed 6:40PM","0","0%","0%"
"*06rum*","Yoslaniel Hernandez","PIT","SP","5163","FA","19","@CHW Wed 7:40PM","0","0%","0%"
"*06m7e*","Adrian Herrera","(N/A)","SP,RP","5165","FA","22","","0","0%","0%"
"*06r2x*","Angel Herrera","PIT","SP","5166","FA","19","@CHW Wed 7:40PM","0","0%","0%"
"*059zp*","Eduardo Herrera","(N/A)","RP","5167","FA","26","","0","0%","0%"
"*06hip*","Eduardo Herrera","CHW","1B,INF","5168","FA","19","PIT Wed 7:40PM","0","2%","0%"
"*06qhp*","Franyer Herrera","NYY","RP","5169","FA","21","COL Wed 7:05PM","0","0%","0%"
"*06r58*","Herlinton Herrera","(N/A)","1B,INF","5170","FA","19","","0","0%","0%"
"*06mmw*","Javier Herrera","LAD","OF","5171","FA","21","CIN Wed 10:10PM","0","0%","0%"
"*06uxa*","Jorge Herrera","(N/A)","RP","5172","FA","23","","0","0%","0%"
"*05xz1*","Jose Herrera","PIT","C","5173","FA","29","@CHW Wed 7:40PM","0","0%","0%"
"*06kvm*","Kendrick Herrera","PIT","SS,INF","5174","FA","19","@CHW Wed 7:40PM","0","0%","0%"
"*064zl*","Marcos Herrera","COL","SP","5175","FA","21","@NYY Wed 7:05PM","0","0%","0%"
"*051wx*","Martin Herrera","(N/A)","SP","5176","FA","25","","0","0%","0%"
"*078xl*","Miguel Herrera","LAD","SP","5177","FA","17","CIN Wed 10:10PM","0","0%","0%"
"*06ri4*","Reiner Herrera","CLE","C","5178","FA","20","@BAL Wed 6:35PM","0","2%","0%"
"*06qza*","Roybert Herrera","NYM","1B,INF","5179","FA","19","@MIA Wed 6:40PM","0","0%","0%"
"*06s69*","Steven Herrera","MIA","2B,INF","5180","FA","18","NYM Wed 6:40PM","0","0%","0%"
"*05yiy*","Yilber Herrera","MIN","3B,INF","5181","FA","21","MIN 2<br/>@DET 7 F","0","0%","0%"
"*06c8w*","Yordy Herrera","STL","RP","5182","FA","21","STL 6<br/>@SF 1","0","0%","0%"
"*05iyt*","Yujanyer Herrera","COL","SP","5183","FA","23","@NYY Wed 7:05PM","0","1%","0%"
"*06owe*","Griffin Herring","COL","SP","5184","FA","23","@NYY Wed 7:05PM","0","3%","0%"
"*04ppq*","Jimmy Herron","(N/A)","OF","5185","FA","30","","0","0%","0%"
"*06qiw*","Tyler Herron","(N/A)","C","5186","FA","23","","0","0%","0%"
"*072fs*","Eli Herst","(N/A)","SP","5187","FA","18","","0","0%","0%"
"*06pgk*","Cole Hertzler","HOU","SP","5188","FA","23","@PHI Wed 6:40PM","0","2%","0%"
"*0516h*","DJ Herz","WSH","SP","5189","FA","25","WSH 2<br/>@SD 5","0","20%","0%"
"*066iq*","Ben Hess","NYY","SP","5190","FA","24","COL Wed 7:05PM","0","24%","0%"
"*06tlr*","Kyle Hess","(N/A)","OF","5191","FA","27","","0","0%","0%"
"*04t9a*","Zack Hess","(N/A)","SP,RP","5192","FA","29","","0","0%","0%"
"*06gum*","Kehden Hettiger","PHI","C,1B,INF","5193","FA","22","HOU Wed 6:40PM","0","0%","0%"
"*078s7*","Ryan Hetzler","LAA","RP","5194","FA","21","@BOS Wed 6:45PM","0","0%","0%"
"*05uvd*","Peter Heubeck","LAD","SP","5195","FA","24","CIN Wed 10:10PM","0","1%","0%"
"*06zhc*","Mac Heuer","NYY","SP","5196","FA","22","COL Wed 7:05PM","0","1%","0%"
"*06qjq*","Stone Hewlett","(N/A)","RP","5197","FA","24","","0","0%","0%"
"*067zc*","Luke Heyman","BOS","C","5198","FA","23","LAA Wed 6:45PM","0","1%","0%"
"*076vi*","Frederick Hiciano","MIN","SP","5199","FA","18","MIN 2<br/>@DET 7 F","0","0%","0%"
"*066jv*","Matt Hickey","(N/A)","SP","5200","FA","28","","0","0%","0%"
"*05tzm*","Nathan Hickey","BOS","1B,INF","5201","FA","26","LAA Wed 6:45PM","0","2%","0%"
"*05llv*","Mason Hickman","(N/A)","RP","5202","FA","27","","0","0%","0%"
"*06hw7*","James Hicks","HOU","SP","5203","FA","25","@PHI Wed 6:40PM","0","2%","0%"
"*06zci*","Davion Hickson","LAD","SP","5204","FA","22","CIN Wed 10:10PM","0","0%","0%"
"*06ih8*","Atsumi Hidaka","(N/A)","SP","5205","FA","21","","0","0%","0%"
"*05rht*","Alejandro Hidalgo","MIN","SP","5206","FA","23","MIN 2<br/>@DET 7 F","0","0%","0%"
"*072f9*","Andri Hidalgo","BAL","SP","5207","FA","17","CLE Wed 6:35PM","0","3%","0%"
"*06zs6*","Diomar Hidalgo","BOS","SS,INF","5208","FA","19","LAA Wed 6:45PM","0","0%","0%"
"*074a0*","Gabriel Hidalgo","SEA","SP","5209","FA","20","TEX 1<br/>@SEA 3","0","0%","0%"
"*064oi*","Kelvin Hidalgo","COL","3B,SS,INF","5210","FA","21","@NYY Wed 7:05PM","0","1%","0%"
"*04pv2*","Jake Higginbotham","(N/A)","RP","5211","FA","30","","0","0%","0%"
"*06qrs*","Thomas Higgins Jr.","SEA","SP","5212","FA","23","TEX 1<br/>@SEA 3","0","0%","0%"
"*078fp*","Cal Higgins","PHI","RP","5213","FA","23","HOU Wed 6:40PM","0","0%","0%"
"*066a1*","Matt Higgins","(N/A)","1B,INF","5214","FA","27","","0","0%","0%"
"*077nl*","Nolan Higgins","TOR","RP","5215","FA","22","TOR 0<br/>@ATH 2 F","0","0%","0%"
"*05y9q*","Ryan Higgins","(N/A)","3B,INF","5216","FA","26","","0","0%","0%"
"*067ze*","Ross Highfill","(N/A)","C","5217","FA","22","","0","0%","0%"
"*05u6o*","Sam Highfill","PHI","SP","5218","FA","25","HOU Wed 6:40PM","0","0%","0%"
"*06o8p*","Cobb Hightower","BAL","SS,INF","5219","FA","21","CLE Wed 6:35PM","0","3%","0%"
"*06r81*","Jovensly Hilaire","TEX","OF","5220","FA","19","TEX 1<br/>@SEA 3","0","0%","0%"
"*06ulk*","Danny Hilario","TB","RP","5221","FA","21","@ATL Wed 7:15PM","0","0%","0%"
"*072bx*","Michael Hilker","MIN","SP","5222","FA","22","MIN 2<br/>@DET 7 F","0","0%","0%"
"*066k2*","Brady Hill","WSH","RP","5223","FA","25","WSH 2<br/>@SD 5","0","0%","0%"
"*078im*","Bryce Hill","(N/A)","SP","5224","FA","18","","0","0%","0%"
"*03dqc*","Cam Hill","TB","RP","5225","FA","32","@ATL Wed 7:15PM","0","0%","0%"
"*06qkr*","Camron Hill","PHI","SP","5226","FA","23","HOU Wed 6:40PM","0","0%","0%"
"*078sc*","Dalton Hill","KC","RP","5227","FA","22","ARI Wed 7:40PM","0","0%","0%"
"*051f3*","Darius Hill","(N/A)","OF","5228","FA","29","","0","0%","0%"
"*06mnh*","Dasan Hill","TOR","SP","5229","FA","20","TOR 0<br/>@ATH 2 F","0","18%","0%"
"*055ca*","Garrett Hill","(N/A)","RP","5231","FA","30","","0","0%","0%"
"*0513i*","GJ Hill","COL","OF","5230","FA","25","@NYY Wed 7:05PM","0","0%","0%"
"*078qq*","Grant Hill","MIL","SP","5232","FA","18","CHC Wed 7:40PM","0","0%","0%"
"*0637q*","Jamison Hill","(N/A)","SP,RP","5233","FA","27","","0","0%","0%"
"*06ypo*","Luke Hill","CLE","3B,INF","5234","FA","22","@BAL Wed 6:35PM","0","3%","0%"
"*0008c*","Rich Hill","(N/A)","SP","5235","FA","46","","0","0%","0%"
"*03qs6*","Sam Hilliard","(N/A)","OF","5236","FA","32","","0","0%","0%"
"*03poy*","Juan Hillman","(N/A)","SP,RP","5237","FA","29","","0","0%","0%"
"*04pro*","P.J. Hilson","PIT","OF","5238","FA","26","@CHW Wed 7:40PM","0","0%","0%"
"*06uhf*","Jacob Hinderleider","COL","1B,INF","5239","FA","25","@NYY Wed 7:05PM","0","0%","0%"
"*060g6*","Hunter Hines","WSH","1B,INF","5240","FA","23","WSH 2<br/>@SD 5","0","0%","0%"
"*05yfz*","Carlos Hinestroza","(N/A)","SP","5241","FA","23","","0","0%","0%"
"*02j36*","C.J. Hinojosa","(N/A)","SS,INF","5242","FA","32","","0","0%","0%"
"*06z40*","Casey Hintz","SEA","RP","5243","FA","22","TEX 1<br/>@SEA 3","0","0%","0%"
"*06oh3*","Robert Hipwell","SF","1B,3B,INF","5244","FA","23","STL 6<br/>@SF 1","0","1%","0%"
"*04l80*","Miguel Hiraldo","(N/A)","2B,INF","5245","FA","26","","0","0%","0%"
"*072fa*","Jensen Hirschkorn","ATL","SP","5246","FA","18","TB Wed 7:15PM","0","1%","0%"
"*05jqe*","Grayson Hitt","(N/A)","RP","5247","FA","24","","0","1%","0%"
"*06zqp*","Jamie Hitt","SD","RP","5248","FA","24","WSH 2<br/>@SD 5","0","0%","0%"
"*04e82*","Keston Hiura","(N/A)","1B,INF","5249","FA","30","","0","0%","0%"
"*06k6q*","Jake Hjelle","(N/A)","1B,INF","5250","FA","25","","0","0%","0%"
"*04nx1*","Sean Hjelle","(N/A)","RP","5251","FA","29","","0","0%","0%"
"*07895*","Hua Ho","PHI","SP","5252","FA","18","HOU Wed 6:40PM","0","0%","0%"
"*06guk*","Carson Hobbs","LAD","RP","5253","FA","24","CIN Wed 10:10PM","0","0%","0%"
"*06cuf*","Michael Hobbs","SEA","RP","5254","FA","27","TEX 1<br/>@SEA 3","0","0%","0%"
"*06hur*","Caleb Hobson","COL","OF","5255","FA","24","@NYY Wed 7:05PM","0","0%","0%"
"*06qpn*","Trent Hodgdon","CIN","RP","5256","FA","23","@LAD Wed 10:10PM","0","0%","0%"
"*06z7q*","Landon Hodge","CHW","C","5257","FA","19","PIT Wed 7:40PM","0","1%","0%"
"*051aa*","Porter Hodge","CHC","RP","5258","FA","25","@MIL Wed 7:40PM","0","7%","0%"
"*075ga*","Ty Hodge","BOS","SS,INF","5259","FA","23","LAA Wed 6:45PM","0","0%","0%"
"*075kx*","Garrett Hodges","MIL","RP","5260","FA","23","CHC Wed 7:40PM","0","0%","0%"
"*06qlc*","Hunter Hodges","NYM","RP","5261","FA","23","@MIA Wed 6:40PM","0","0%","0%"
"*0649b*","Douglas Hodo III","BAL","OF","5262","FA","25","CLE Wed 6:35PM","0","0%","0%"
"*05156*","Bryan Hoeing","SD","RP","5263","FA","29","WSH 2<br/>@SD 5","0","1%","0%"
"*04zjm*","Kody Hoese","(N/A)","3B,INF","5264","FA","29","","0","1%","0%"
"*06r4e*","Paul Hoff","MIL","SP","5265","FA","20","CHC Wed 7:40PM","0","0%","0%"
"*06u74*","Wyatt Hoffman","SD","OF","5266","FA","27","WSH 2<br/>@SD 5","0","0%","0%"
"*06ulr*","Matt Hogan","(N/A)","OF","5267","FA","26","","0","0%","0%"
"*06zeq*","Jonathan Hogart","PHI","OF","5268","FA","24","HOU Wed 6:40PM","0","0%","0%"
"*04pmd*","Gunnar Hoglund","ATH","SP","5269","FA","26","TOR 0<br/>@ATH 2 F","0","8%","0%"
"*06zhf*","Josh Hogue","MIA","OF","5270","FA","22","NYM Wed 6:40PM","0","0%","0%"
"*078ft*","Elias Holbert","PHI","RP","5271","FA","23","HOU Wed 6:40PM","0","0%","0%"
"*05u2z*","Braden Holcomb","CHW","OF","5272","FA","21","PIT Wed 7:40PM","0","0%","0%"
"*06pgy*","Colby Holcombe","TOR","SP,RP","5273","FA","23","TOR 0<br/>@ATH 2 F","0","0%","0%"
"*0665k*","Connor Holden","(N/A)","SP","5274","FA","28","","0","0%","0%"
"*072e1*","Ma'Kale Holden","MIL","SP","5275","FA","19","CHC Wed 7:40PM","0","0%","0%"
"*061zo*","Gery Holguin","(N/A)","1B,3B,INF","5276","FA","21","","0","0%","0%"
"*061tm*","Aaron Holiday","(N/A)","RP","5277","FA","26","","0","0%","0%"
"*06nuf*","Brian Holiday","STL","SP","5278","FA","23","STL 6<br/>@SF 1","0","1%","0%"
"*075nz*","Carter Holjes","(N/A)","RP","5279","FA","25","","0","0%","0%"
"*068c0*","Hunter Hollan","CIN","SP","5280","FA","24","@LAD Wed 10:10PM","0","1%","0%"
"*077n3*","Cooper Holland","(N/A)","SS,INF","5281","FA","16","","0","0%","0%"
"*04py4*","Korey Holland","(N/A)","OF","5282","FA","26","","0","0%","0%"
"*04y96*","Will Holland","(N/A)","SS,INF,OF","5283","FA","28","","0","0%","0%"
"*062cx*","Ethan Holliday","COL","SS,INF","5284","FA","19","@NYY Wed 7:05PM","0","52%","0%"
"*06zb7*","Nick Hollifield","WSH","C","5285","FA","23","WSH 2<br/>@SD 5","0","0%","0%"
"*04ylq*","Connor Hollis","(N/A)","2B,INF,OF","5286","FA","31","","0","0%","0%"
"*066ab*","Kaden Hollow","(N/A)","1B,INF","5287","FA","25","","0","0%","0%"
"*06r75*","Bo Holloway","(N/A)","SP","5288","FA","18","","0","0%","0%"
"*03dsa*","Jordan Holloway","(N/A)","RP","5289","FA","30","","0","0%","0%"
"*05xpw*","Grant Holman","PHI","RP","5290","FA","26","HOU Wed 6:40PM","0","1%","0%"
"*05yh6*","Luke Holman","CIN","SP","5291","FA","23","@LAD Wed 10:10PM","0","3%","0%"
"*0765q*","Juan Holmann","MIN","SS,INF","5292","FA","17","MIN 2<br/>@DET 7 F","0","0%","0%"
"*06pqd*","Bridger Holmes","LAA","RP","5293","FA","24","@BOS Wed 6:45PM","0","0%","0%"
"*075ey*","Jackson Holmes","ATH","SP,RP","5294","FA","23","TOR 0<br/>@ATH 2 F","0","0%","0%"
"*078zg*","Will Holmes","ATL","SP","5295","FA","23","TB Wed 7:15PM","0","0%","0%"
"*06pge*","John Holobetz","BOS","SP","5296","FA","24","LAA Wed 6:45PM","0","4%","0%"
"*06uxl*","Peyton Holt","(N/A)","3B,INF","5297","FA","26","","0","0%","0%"
"*05yit*","Carter Holton","KC","SP","5298","FA","24","ARI Wed 7:40PM","0","2%","0%"
"*0517g*","Jake Holton","(N/A)","1B,INF","5299","FA","28","","0","0%","0%"
"*05yl4*","Blake Holub","MIL","RP","5300","FA","27","CHC Wed 7:40PM","0","0%","0%"
"*06mux*","Max Holy","HOU","2B,SS,INF","5301","FA","24","@PHI Wed 6:40PM","0","0%","0%"
"*062e5*","Vance Honeycutt","BAL","OF","5302","FA","23","CLE Wed 6:35PM","0","17%","0%"
"*062yt*","Travis Honeyman","STL","OF","5303","FA","24","STL 6<br/>@SF 1","0","2%","0%"
"*03d7m*","Brent Honeywell Jr.","SD","RP","5304","FA","31","WSH 2<br/>@SD 5","0","0%","0%"
"*0649d*","Josh Hood","SEA","3B,SS,INF","5305","FA","26","TEX 1<br/>@SEA 3","0","0%","0%"
"*075ls*","Landon Hood","(N/A)","SP","5306","FA","19","","0","0%","0%"
"*06ql6*","Hunter Hoopes","MIN","RP","5307","FA","26","MIN 2<br/>@DET 7 F","0","0%","0%"
"*060yo*","Anthony Hoopii-Tuionetoa","(N/A)","RP","5308","FA","26","","0","0%","0%"
"*06eyu*","Zyhir Hope","DET","OF","5309","NYX","21","MIN 2<br/>@DET 7 F","0","51%","0%"
"*06hev*","Chase Hopewell","(N/A)","SP","5310","FA","25","","0","0%","0%"
"*06ooa*","Tommy Hopfe","COL","2B,INF,OF","5311","FA","23","@NYY Wed 7:05PM","0","0%","0%"
"*06f1b*","Brody Hopkins","TB","SP","5312","FA","24","@ATL Wed 7:15PM","0","40%","0%"
"*0516l*","TJ Hopkins","(N/A)","OF","5313","FA","29","","0","0%","0%"
"*078fu*","Jack Hopko","PHI","OF","5314","FA","22","HOU Wed 6:40PM","0","0%","0%"
"*06qjp*","Kaden Hopson","LAA","UT","5315","FA","26","@BOS Wed 6:45PM","0","0%","0%"
"*074bc*","Archer Horn","(N/A)","SS,INF","5316","FA","18","","0","0%","0%"
"*05mrs*","Bailey Horn","DET","RP","5317","FA","28","MIN 2<br/>@DET 7 F","0","0%","0%"
"*077ob*","Darin Horn","CHW","RP","5318","FA","23","PIT Wed 7:40PM","0","0%","0%"
"*077yg*","David Horn","TB","SP","5319","FA","22","@ATL Wed 7:15PM","0","0%","0%"
"*078ke*","Drew Horn","STL","SP","5320","FA","22","STL 6<br/>@SF 1","0","0%","0%"
"*0687a*","Garrett Horn","MIN","SP","5321","FA","23","MIN 2<br/>@DET 7 F","0","0%","0%"
"*06cez*","Sam Horn","LAD","SP","5322","FA","23","CIN Wed 10:10PM","0","1%","0%"
"*077pe*","Tyner Horn","CIN","SP","5323","FA","22","@LAD Wed 10:10PM","0","0%","0%"
"*05r56*","Bryson Horne","(N/A)","1B,INF","5324","FA","27","","0","0%","0%"
"*06hrz*","Jackson Hornung","(N/A)","1B,INF,OF","5325","FA","25","","0","0%","0%"
"*072h7*","Jeyson Horton","LAA","SS,INF","5326","FA","17","@BOS Wed 6:45PM","0","2%","0%"
"*05yha*","Mac Horvath","TB","2B,INF,OF","5327","FA","25","@ATL Wed 7:15PM","0","5%","0%"
"*06zge*","Luke Hoskins","DET","RP","5328","FA","23","MIN 2<br/>@DET 7 F","0","0%","0%"
"*06zan*","Matthew Hoskins","TB","RP","5329","FA","22","@ATL Wed 7:15PM","0","0%","0%"
"*074lr*","Haruki Hosono","(N/A)","SP","5330","FA","24","","0","0%","0%"
"*05y0w*","Bennett Hostetler","MIA","C","5331","FA","28","NYM Wed 6:40PM","0","0%","0%"
"*06ql3*","Jack Hostetler","MIL","SP","5332","FA","23","CHC Wed 7:40PM","0","0%","0%"
"*078op*","Bayram Hot","NYY","2B,3B,INF","5333","FA","22","COL Wed 7:05PM","0","0%","0%"
"*076a9*","Jackson Hotchkiss","(N/A)","OF","5334","FA","20","","0","0%","0%"
"*066nf*","Colin Houck","NYM","3B,SS,INF","5335","FA","21","@MIA Wed 6:40PM","0","5%","0%"
"*03djk*","Tanner Houck","BOS","SP","5336","FA","30","LAA Wed 6:45PM","0","15%","0%"
"*06qyn*","Maddux Houghton","MIN","OF","5337","FA","27","MIN 2<br/>@DET 7 F","0","0%","0%"
"*051d2*","Connor Housley","(N/A)","SP,RP","5338","FA","25","","0","0%","0%"
"*06mps*","Marek Houston","MIN","SS,INF","5339","FA","22","MIN 2<br/>@DET 7 F","0","19%","0%"
"*078j8*","Cody Howard","WSH","RP","5340","FA","23","WSH 2<br/>@SD 5","0","0%","0%"
"*06qkq*","Dylan Howard","HOU","SP","5341","FA","23","@PHI Wed 6:40PM","0","0%","0%"
"*0599w*","Ed Howard","CHC","SS,INF","5342","FA","25","@MIL Wed 7:40PM","0","3%","0%"
"*04eeu*","Spencer Howard","(N/A)","SP","5343","FA","30","","0","0%","0%"
"*070bi*","Tyler Howard","CLE","C","5344","FA","22","@BAL Wed 6:35PM","0","0%","0%"
"*06qo8*","Garrett Howe","CLE","2B,SS,INF","5345","FA","24","@BAL Wed 6:35PM","0","0%","0%"
"*04era*","Korry Howell","(N/A)","OF","5346","FA","28","","0","0%","0%"
"*06qsn*","Preston Howey","DET","SP,RP","5347","FA","24","MIN 2<br/>@DET 7 F","0","0%","0%"
"*06ul5*","Stephen Hrustich","DET","OF","5348","FA","25","MIN 2<br/>@DET 7 F","0","0%","0%"
"*05vym*","Jo-Hsi Hsu","(N/A)","SP","5349","FA","25","","0","0%","0%"
"*06ulp*","Chung-Hsiang Huang","ARI","SP","5350","FA","20","@KC Wed 7:40PM","0","0%","0%"
"*06rs5*","Pao Lo Huang","(N/A)","SP","5351","FA","22","","0","0%","0%"
"*05xu4*","Bryce Hubbart","CIN","RP","5352","FA","25","@LAD Wed 10:10PM","0","1%","0%"
"*06f0o*","Wyatt Hudepohl","NYM","SP","5353","FA","24","@MIA Wed 6:40PM","0","0%","0%"
"*077y4*","Brennan Hudson","CHC","1B,INF","5354","FA","22","@MIL Wed 7:40PM","0","0%","0%"
"*041md*","Dakota Hudson","(N/A)","SP","5355","FA","31","","0","0%","0%"
"*05y2z*","Levi Huesman","WSH","RP","5356","FA","23","WSH 2<br/>@SD 5","0","0%","0%"
"*06eys*","Anthony Huezo","HOU","OF","5357","FA","20","@PHI Wed 6:40PM","0","2%","0%"
"*064ne*","Chance Huff","WSH","RP","5358","FA","26","WSH 2<br/>@SD 5","0","0%","0%"
"*06433*","Kody Huff","CLE","C","5359","FA","25","@BAL Wed 6:35PM","0","1%","0%"
"*078vg*","Miguel Hugas","BAL","SP","5360","FA","22","CLE Wed 6:35PM","0","0%","0%"
"*06kxj*","Riley Huge","ATH","RP","5361","FA","24","TOR 0<br/>@ATH 2 F","0","0%","0%"
"*0647q*","Kenya Huggins","ATH","SP","5362","FA","23","TOR 0<br/>@ATH 2 F","0","1%","0%"
"*04eon*","Brandon Hughes","(N/A)","RP","5363","FA","30","","0","0%","0%"
"*070bu*","CJ Hughes","MIL","SS,INF","5364","FA","19","CHC Wed 7:40PM","0","2%","0%"
"*06v2v*","Grif Hughes","COL","RP","5365","FA","24","@NYY Wed 7:05PM","0","0%","0%"
"*06qoz*","Gus Hughes","WSH","RP","5366","FA","24","WSH 2<br/>@SD 5","0","0%","0%"
"*03pp4*","Jonathan Hughes","(N/A)","RP","5367","FA","29","","0","0%","0%"
"*070dl*","Logan Hughes","HOU","OF","5368","FA","21","@PHI Wed 6:40PM","0","1%","0%"
"*06qqt*","Nolan Hughes","WSH","RP","5369","FA","24","WSH 2<br/>@SD 5","0","0%","0%"
"*06yjt*","Griffin Hugus","SEA","SP","5370","FA","22","TEX 1<br/>@SEA 3","0","2%","0%"
"*05ue8*","Eiker Huizi","WSH","RP","5371","FA","25","WSH 2<br/>@SD 5","0","0%","0%"
"*06qtp*","Connor Hujsak","TB","OF","5372","FA","24","@ATL Wed 7:15PM","0","1%","0%"
"*06652*","Nick Hull","SEA","RP","5373","FA","27","TEX 1<br/>@SEA 3","0","0%","0%"
"*077qm*","Owen Hull","BOS","OF","5374","FA","22","LAA Wed 6:45PM","0","0%","0%"
"*0421c*","Cooper Hummel","(N/A)","OF","5375","FA","31","","0","0%","0%"
"*06zep*","Jacob Humphrey","COL","OF","5376","FA","23","@NYY Wed 7:05PM","0","0%","0%"
"*06zeu*","Nathan Humphreys","PHI","OF","5377","FA","24","HOU Wed 6:40PM","0","0%","0%"
"*060mc*","Zach Humphreys","LAA","C","5378","FA","28","@BOS Wed 6:45PM","0","0%","0%"
"*0648g*","Jackson Humphries","CLE","SP","5379","FA","22","@BAL Wed 6:35PM","0","1%","0%"
"*061je*","Sean Hunley","(N/A)","RP","5380","FA","27","","0","0%","0%"
"*070d4*","Riely Hunsaker","CHC","SP","5381","FA","23","@MIL Wed 7:40PM","0","0%","0%"
"*066b3*","K.C. Hunt","TB","SP","5382","FA","26","@ATL Wed 7:15PM","0","4%","0%"
"*0647k*","Cade Hunter","CIN","C","5383","FA","25","@LAD Wed 10:10PM","0","0%","0%"
"*06z0x*","Caden Hunter","BAL","SP","5384","FA","22","CLE Wed 6:35PM","0","22%","0%"
"*072fw*","Henry Hunter","CIN","C","5385","FA","23","@LAD Wed 10:10PM","0","0%","0%"
"*06rh1*","Kenly Hunter","STL","OF","5386","FA","18","STL 6<br/>@SF 1","0","1%","0%"
"*0669r*","Jerry Huntzinger","(N/A)","C","5387","FA","27","","0","0%","0%"
"*05t9k*","Thatcher Hurd","NYY","SP,RP","5388","FA","23","COL Wed 7:05PM","0","3%","0%"
"*06htu*","Devin Hurdle","(N/A)","2B,INF","5389","FA","26","","0","0%","0%"
"*060u1*","Jack Hurley","ARI","OF","5390","FA","24","@KC Wed 7:40PM","0","2%","0%"
"*06c2a*","Daviel Hurtado","NYM","SP","5391","FA","21","@MIA Wed 6:40PM","0","2%","0%"
"*06fxd*","Joel Hurtado","LAA","SP","5392","FA","25","@BOS Wed 6:45PM","0","1%","0%"
"*06rkl*","Ricardo Hurtado","DET","C","5393","FA","23","MIN 2<br/>@DET 7 F","0","0%","0%"
"*06i06*","Victor Hurtado","WSH","OF","5394","FA","19","WSH 2<br/>@SD 5","0","3%","0%"
"*05r9h*","Jacob Hurtubise","MIL","OF","5395","FA","28","CHC Wed 7:40PM","0","1%","0%"
"*05yil*","Grant Hussey","(N/A)","1B,INF","5396","FA","23","","0","0%","0%"
"*0790q*","A.J. Hutcheson","NYY","SP,RP","5397","FA","22","COL Wed 7:05PM","0","0%","0%"
"*025kq*","Drew Hutchison","(N/A)","RP","5398","FA","36","","0","0%","0%"
"*06rrb*","Jun Seo Hwang","(N/A)","SP","5399","FA","21","","0","0%","0%"
"*065v6*","Braxton Hyde","COL","RP","5400","FA","25","@NYY Wed 7:05PM","0","0%","0%"
"*078zq*","Colin Hynek","CHC","C","5401","FA","23","@MIL Wed 7:40PM","0","0%","0%"
"*06z9c*","Will Hynes","CLE","SP","5402","FA","19","@BAL Wed 6:35PM","0","1%","0%"
"*06bpz*","Pedro Ibarguen","MIL","OF","5403","FA","20","CHC Wed 7:40PM","0","1%","0%"
"*04ylr*","Joel Ibarra","PIT","RP","5404","FA","24","@CHW Wed 7:40PM","0","0%","0%"
"*05was*","Ruben Ibarra","CIN","1B,INF","5405","FA","27","@LAD Wed 10:10PM","0","0%","0%"
"*078fi*","Elijah Ickes","LAD","SS,INF","5406","FA","21","CIN Wed 10:10PM","0","0%","0%"
"*01s98*","Jose Iglesias","(N/A)","2B,3B,SS,INF","5407","FA","36","","0","1%","0%"
"*06hng*","Ryan Ignoffo","MIA","C","5408","FA","26","NYM Wed 6:40PM","0","0%","0%"
"*06ky6*","Luis Ilarraza","NYY","RP","5409","FA","20","COL Wed 7:05PM","0","0%","0%"
"*06hp5*","Anthony Imhoff","(N/A)","SP","5410","FA","24","","0","0%","0%"
"*04b12*","Diego Infante","(N/A)","OF","5411","FA","26","","0","0%","0%"
"*05jqg*","Sammy Infante","(N/A)","3B,INF","5412","FA","25","","0","0%","0%"
"*06s39*","Wisler Infante","SEA","SP","5413","FA","18","TEX 1<br/>@SEA 3","0","0%","0%"
"*076k9*","Enzo Infelise","(N/A)","C","5414","FA","19","","0","0%","0%"
"*060up*","Kolton Ingram","(N/A)","RP","5415","FA","29","","0","0%","0%"
"*06hww*","Jojo Ingrassia","DET","RP","5416","FA","24","MIN 2<br/>@DET 7 F","0","1%","0%"
"*06qs0*","Haruto Inoue","(N/A)","SP","5417","FA","25","","0","0%","0%"
"*078z8*","Shintaro Inoue","ATH","2B,SS,INF","5418","FA","23","TOR 0<br/>@ATH 2 F","0","0%","0%"
"*06uws*","Austin Irby","(N/A)","1B,INF","5419","FA","20","","0","0%","0%"
"*06rol*","Brent Iredale","PIT","3B,INF","5420","FA","23","@CHW Wed 7:40PM","0","0%","0%"
"*06in1*","Thomas Ireland","TEX","RP","5421","FA","24","TEX 1<br/>@SEA 3","0","0%","0%"
"*060q2*","Jairo Iriarte","CHW","SP,RP","5422","FA","24","PIT Wed 7:40PM","0","5%","0%"
"*078zs*","Jhoander Irigoyen","CHC","C","5423","FA","23","@MIL Wed 7:40PM","0","0%","0%"
"*06c10*","Ike Irish","BAL","C,1B,INF","5424","FA","22","CLE Wed 6:35PM","0","34%","0%"
"*078z0*","Max Irving","LAD","SS,INF","5425","FA","18","CIN Wed 10:10PM","0","0%","0%"
"*062pp*","Xavier Isaac","TB","UT","5426","FA","22","@ATL Wed 7:15PM","0","32%","0%"
"*06hwg*","Chase Isbell","KC","RP","5427","FA","25","ARI Wed 7:40PM","0","0%","0%"
"*06q34*","Edgar Isea","(N/A)","RP","5428","FA","24","","0","0%","0%"
"*073nw*","Genki Ishigaki","(N/A)","SP","5429","FA","19","","0","0%","0%"
"*072wl*","Daichi Ishii","(N/A)","RP","5430","FA","29","","0","0%","0%"
"*074ac*","Kenny Ishikawa","CIN","OF","5431","FA","22","@LAD Wed 10:10PM","0","0%","0%"
"*074v9*","Yusei Ishizuka","(N/A)","SS,INF","5432","FA","20","","0","0%","0%"
"*078ow*","Nate Isler","NYM","SP","5433","FA","21","@MIA Wed 6:40PM","0","0%","0%"
"*060oz*","Alex Isola","(N/A)","1B,INF,OF","5434","FA","28","","0","0%","0%"
"*060gf*","Eddy Isturiz","(N/A)","OF","5435","FA","22","","0","0%","0%"
"*06sms*","Hiromi Itoh","(N/A)","SP","5436","FA","29","","0","2%","0%"
"*04efv*","Tyler Ivey","(N/A)","SP","5437","FA","30","","0","0%","0%"
"*06rf7*","Nieves Izaguirre","PHI","SS,INF","5438","FA","18","HOU Wed 6:40PM","0","0%","0%"
"*066k7*","Jose Izarra","LAD","2B,INF","5439","FA","24","CIN Wed 10:10PM","0","0%","0%"
"*05yic*","Victor Izturis","CLE","C","5440","FA","21","@BAL Wed 6:35PM","0","0%","0%"
"*063e6*","Ashton Izzi","ARI","SP","5441","FA","22","@KC Wed 7:40PM","0","2%","0%"
"*06hp0*","Matt Jachec","CLE","RP","5442","FA","25","@BAL Wed 6:35PM","0","0%","0%"
"*04elo*","Andre Jackson","(N/A)","RP","5443","FA","30","","0","0%","0%"
"*06yyj*","Core Jackson","NYY","SS,INF","5444","FA","22","COL Wed 7:05PM","0","1%","0%"
"*06mhz*","Daniel Jackson","COL","C","5445","FA","21","@NYY Wed 7:05PM","0","1%","0%"
"*06suv*","Gabriel Jackson","(N/A)","RP","5446","FA","25","","0","0%","0%"
"*06hh2*","Isaiah Jackson","KC","RP","5447","FA","25","ARI Wed 7:40PM","0","0%","0%"
"*06l5p*","Isaiah Jackson","BOS","OF","5448","FA","22","LAA Wed 6:45PM","0","0%","0%"
"*077zu*","Jake Jackson","LAA","OF","5449","FA","22","@BOS Wed 6:45PM","0","0%","0%"
"*06qpp*","JoJo Jackson","NYY","OF","5450","FA","23","COL Wed 7:05PM","0","2%","0%"
"*05yo9*","Jordan Jackson","(N/A)","RP","5451","FA","27","","0","0%","0%"
"*025ey*","Luke Jackson","(N/A)","RP","5452","FA","35","","0","1%","0%"
"*070bq*","Luke Jackson","TB","RP","5453","FA","22","@ATL Wed 7:15PM","0","0%","0%"
"*06qpo*","Ryan Jackson","SD","2B,3B,SS,INF","5454","FA","24","WSH 2<br/>@SD 5","0","0%","0%"
"*06qwt*","Ben Jacobs","DET","SP","5455","FA","22","MIN 2<br/>@DET 7 F","0","9%","0%"
"*06h05*","Carson Jacobs","CHW","RP","5456","FA","25","PIT Wed 7:40PM","0","0%","0%"
"*06s35*","Zach Jacobs","CLE","RP","5457","FA","25","@BAL Wed 6:35PM","0","0%","0%"
"*06588*","Tanner Jacobson","(N/A)","RP","5458","FA","26","","0","0%","0%"
"*06c33*","Joe Jacques","NYM","SP","5459","FA","31","@MIA Wed 6:40PM","0","0%","0%"
"*07920*","Brandon Jaenke","TEX","RP","5460","FA","23","TEX 1<br/>@SEA 3","0","0%","0%"
"*06rif*","Brandon Jaime","CIN","C","5461","FA","21","@LAD Wed 10:10PM","0","0%","0%"
"*078xm*","Ezequiel Jaime","MIA","OF","5462","FA","17","NYM Wed 6:40PM","0","0%","0%"
"*06y9q*","Brayden Jaksa","(N/A)","C","5463","FA","19","","0","0%","0%"
"*06alw*","Coy James","WSH","SS,INF","5464","FA","19","WSH 2<br/>@SD 5","0","5%","0%"
"*076ux*","Fenuel James","CHC","RP","5465","FA","23","@MIL Wed 7:40PM","0","0%","0%"
"*049dt*","Josh James","(N/A)","RP","5466","FA","33","","0","0%","0%"
"*0648l*","Kamren James","TB","OF","5467","FA","26","@ATL Wed 7:15PM","0","0%","0%"
"*078w0*","Caleb Jameson","ARI","RP","5468","FA","22","@KC Wed 7:40PM","0","0%","0%"
"*06qv5*","Fisher Jameson","COL","RP","5469","FA","23","@NYY Wed 7:05PM","0","0%","0%"
"*066ls*","Justin Janas","(N/A)","OF","5470","FA","25","","0","0%","0%"
"*06kkk*","Walker Janek","HOU","C","5471","FA","23","@PHI Wed 6:40PM","0","7%","0%"
"*06f8f*","Hyun-Seok Jang","LAD","SP","5472","FA","22","CIN Wed 10:10PM","0","9%","0%"
"*076cv*","Jimmy Janicki","(N/A)","3B,INF","5473","FA","20","","0","0%","0%"
"*06qnn*","Camden Janik","PIT","OF","5474","FA","24","@CHW Wed 7:40PM","0","0%","0%"
"*06mw9*","Niko Janssens","(N/A)","SP","5475","FA","20","","0","0%","0%"
"*076ci*","Luis Jaquez","TEX","SS,INF","5476","FA","17","TEX 1<br/>@SEA 3","0","0%","0%"
"*077nc*","Jacob Jarrell","ATL","C","5477","FA","23","TB Wed 7:15PM","0","0%","0%"
"*05gvt*","Bryce Jarvis","ARI","RP","5478","FA","28","@KC Wed 7:40PM","0","1%","0%"
"*04prb*","Justin Jarvis","(N/A)","SP","5479","FA","26","","0","0%","0%"
"*05y54*","Mike Jarvis","PIT","2B,INF,OF","5480","FA","28","@CHW Wed 7:40PM","0","0%","0%"
"*075lo*","Carson Jasa","CHC","SP","5481","FA","21","@MIL Wed 7:40PM","0","0%","0%"
"*065j8*","Jack Jasiak","CLE","RP","5482","FA","25","@BAL Wed 6:35PM","0","0%","0%"
"*06ek0*","Dylan Jasso","MIA","3B,INF","5483","FA","23","NYM Wed 6:40PM","0","1%","0%"
"*078xi*","Joseph Jasso","ARI","RP","5484","FA","21","@KC Wed 7:40PM","0","0%","0%"
"*074nz*","Hayden Jatczak","SF","3B,INF","5485","FA","25","STL 6<br/>@SF 1","0","0%","0%"
"*06rgt*","Cristian Jauregui","PIT","OF","5486","FA","20","@CHW Wed 7:40PM","0","0%","0%"
"*0782e*","Denichel Javier","TB","RP","5487","FA","19","@ATL Wed 7:15PM","0","0%","0%"
"*06com*","Ismael Javier","(N/A)","SS,INF","5488","FA","21","","0","0%","0%"
"*04sy2*","Odalvi Javier","(N/A)","SP","5489","FA","30","","0","0%","0%"
"*06o07*","Robinson Javier","(N/A)","RP","5490","FA","20","","0","0%","0%"
"*06f1m*","Chase Jaworsky","MIA","2B,SS,INF","5491","FA","22","NYM Wed 6:40PM","0","1%","0%"
"*06c5h*","Grant Jay","SEA","C","5492","FA","22","TEX 1<br/>@SEA 3","0","0%","0%"
"*03n6f*","Tyler Jay","(N/A)","SP,RP","5493","FA","32","","0","0%","0%"
"*051d5*","Antoine Jean","COL","RP","5494","FA","25","@NYY Wed 7:05PM","0","0%","0%"
"*0776c*","Anyelo Jean","PIT","SS,INF","5495","FA","17","@CHW Wed 7:40PM","0","0%","0%"
"*06ilu*","Enderson Jean","(N/A)","RP","5496","FA","21","","0","0%","0%"
"*063dq*","Jefferson Jean","(N/A)","SP","5497","FA","21","","0","0%","0%"
"*0637e*","Yanki Jean-Baptiste","(N/A)","1B,INF","5498","FA","21","","0","0%","0%"
"*066eq*","Mitch Jebb","PIT","2B,INF,OF","5499","FA","24","@CHW Wed 7:40PM","0","3%","0%"
"*06r01*","Chris Jefferson","(N/A)","SP","5500","FA","29","","0","0%","0%"
"*0689j*","Madison Jeffrey","(N/A)","RP","5501","FA","26","","0","0%","0%"
"*06qun*","Jake Jekielek","TEX","RP","5502","FA","24","TEX 1<br/>@SEA 3","0","0%","0%"
"*078n4*","Jaxon Jelkin","PHI","SP","5503","FA","23","HOU Wed 6:40PM","0","0%","0%"
"*06496*","Andrew Jenkins","DET","1B,INF","5504","FA","25","MIN 2<br/>@DET 7 F","0","0%","0%"
"*06hpo*","Bryce Jenkins","NYM","RP","5505","FA","25","@MIA Wed 6:40PM","0","0%","0%"
"*06beq*","Jeremiah Jenkins","SF","1B,INF","5506","FA","23","STL 6<br/>@SF 1","0","0%","0%"
"*06rpf*","Sean Jenkins","(N/A)","SP","5507","FA","19","","0","0%","0%"
"*06pg5*","Jacob Jenkins-Cowart","MIA","OF","5508","FA","23","NYM Wed 6:40PM","0","0%","0%"
"*04ees*","Steven Jennings","(N/A)","RP","5509","FA","27","","0","0%","0%"
"*0511q*","Ryan Jensen","(N/A)","RP","5510","FA","28","","0","0%","0%"
"*05ogs*","Wil Jensen","(N/A)","RP","5511","FA","29","","0","0%","0%"
"*078kv*","Eric Jeon","SEA","3B,INF","5512","FA","21","TEX 1<br/>@SEA 3","0","0%","0%"
"*072h3*","Woo Joo Jeong","(N/A)","RP","5513","FA","19","","0","0%","0%"
"*04zaz*","Juan Jerez","(N/A)","2B,INF","5514","FA","24","","0","0%","0%"
"*0680o*","Eli Jerzembeck","CHC","RP","5515","FA","23","@MIL Wed 7:40PM","0","0%","0%"
"*0657g*","Brody Jessee","CIN","RP","5516","FA","25","@LAD Wed 10:10PM","0","1%","0%"
"*072fx*","Chase Jessee","KC","RP","5517","FA","27","ARI Wed 7:40PM","0","0%","0%"
"*06qkz*","Luke Jewett","COL","RP","5518","FA","23","@NYY Wed 7:05PM","0","0%","0%"
"*0730z*","Wensloby Jhon","ATH","SP","5519","FA","18","TOR 0<br/>@ATH 2 F","0","0%","0%"
"*06rqp*","Aiden Jimenez","KC","RP","5520","FA","22","ARI Wed 7:40PM","0","0%","0%"
"*06qy1*","Albert Jimenez","SF","UT","5521","FA","19","STL 6<br/>@SF 1","0","0%","0%"
"*06qfl*","Anderson Jimenez","SEA","SP","5522","FA","19","TEX 1<br/>@SEA 3","0","0%","0%"
"*06kkm*","Angel Jimenez","COL","SP","5523","FA","23","@NYY Wed 7:05PM","0","0%","0%"
"*05uvv*","Antonio Jimenez","(N/A)","RP","5524","FA","25","","0","0%","0%"
"*070ta*","Antonio Jimenez","NYM","SS,INF","5525","FA","22","@MIA Wed 6:40PM","0","1%","0%"
"*050yo*","Carlos Jimenez","(N/A)","RP","5526","FA","24","","0","0%","0%"
"*060qt*","Carlos Jimenez","SEA","OF","5527","FA","23","TEX 1<br/>@SEA 3","0","1%","0%"
"*06rq1*","Damian Jimenez","(N/A)","SP","5528","FA","21","","0","0%","0%"
"*059zc*","Dany Jimenez","(N/A)","RP","5529","FA","32","","0","0%","0%"
"*06ky0*","Edgar Jimenez","NYY","1B,INF","5530","FA","19","COL Wed 7:05PM","0","0%","0%"
"*062x5*","Edwin Jimenez","MIL","SP","5531","FA","24","CHC Wed 7:40PM","0","0%","0%"
"*07617*","Elvin Jimenez","MIA","RP","5532","FA","21","NYM Wed 6:40PM","0","0%","0%"
"*074ab*","Emilio Jimenez","STL","SP","5533","FA","17","STL 6<br/>@SF 1","0","0%","0%"
"*066mg*","Enrique Jimenez","MIN","C,1B,INF","5534","FA","20","MIN 2<br/>@DET 7 F","0","1%","0%"
"*06ag0*","Estibenzon Jimenez","PHI","SP,RP","5535","FA","24","HOU Wed 6:40PM","0","0%","0%"
"*066r2*","Federik Jimenez","(N/A)","RP","5536","FA","22","","0","0%","0%"
"*06c7d*","Frederik Jimenez","BOS","1B,INF","5537","FA","21","LAA Wed 6:45PM","0","0%","0%"
"*04uqb*","Gilberto Jimenez","(N/A)","OF","5538","FA","26","","0","0%","0%"
"*072ih*","Hansel Jimenez","CIN","3B,SS,INF","5539","FA","19","@LAD Wed 10:10PM","0","0%","0%"
"*06ifn*","Jhomber Jimenez","(N/A)","SP","5540","FA","20","","0","0%","0%"
"*05r65*","Jhonny Jimenez","LAD","RP","5541","FA","22","CIN Wed 10:10PM","0","0%","0%"
"*076ad*","Jhordari Jimenez","CLE","SP","5542","FA","18","@BAL Wed 6:35PM","0","0%","0%"
"*03as0*","Joe Jimenez","ATL","RP","5543","FA","31","TB Wed 7:15PM","0","4%","0%"
"*0766d*","Jonathan Jimenez","NYM","SP","5544","FA","22","@MIA Wed 6:40PM","0","0%","0%"
"*077qz*","Jorsixt Jimenez","NYY","OF","5545","FA","23","COL Wed 7:05PM","0","0%","0%"
"*06hsp*","Linbel Jimenez","(N/A)","RP","5546","FA","21","","0","0%","0%"
"*064os*","Manolfi Jimenez","PHI","OF","5547","FA","21","HOU Wed 6:40PM","0","0%","0%"
"*06tlb*","Marco Jimenez","DET","RP","5548","FA","26","MIN 2<br/>@DET 7 F","0","0%","0%"
"*06umc*","Onias Jimenez","(N/A)","RP","5549","FA","22","","0","0%","0%"
"*06ulo*","Ronaldys Jimenez","PIT","RP","5550","FA","20","@CHW Wed 7:40PM","0","0%","0%"
"*06sby*","Yaury Jimenez","ARI","SP","5551","FA","20","@KC Wed 7:40PM","0","0%","0%"
"*06uy4*","Yeuris Jimenez","WSH","RP","5552","FA","25","WSH 2<br/>@SD 5","0","0%","0%"
"*067xv*","Woo Jin An","(N/A)","SP","5553","FA","27","","0","1%","0%"
"*04ylx*","Woo-Young Jin","(N/A)","SP","5554","FA","25","","0","0%","0%"
"*06hw2*","Brayden Jobert","(N/A)","1B,INF,OF","5555","FA","25","","0","0%","0%"
"*060yq*","Yorfran John","(N/A)","SS,INF","5556","FA","21","","0","0%","0%"
"*06qse*","Ayden Johnson","ATH","3B,INF","5557","FA","18","TOR 0<br/>@ATH 2 F","0","2%","0%"
"*06qpq*","Ben Johnson","(N/A)","SP,RP","5558","FA","24","","0","0%","0%"
"*06hw0*","Bjorn Johnson","MIL","RP","5559","FA","21","CHC Wed 7:40PM","0","0%","0%"
"*0658a*","Brandon Johnson","KC","RP","5560","FA","27","ARI Wed 7:40PM","0","0%","0%"
"*078rw*","Caleb Johnson","LAD","SS,INF","5561","FA","22","CIN Wed 10:10PM","0","0%","0%"
"*078sg*","Camden Johnson","KC","3B,INF","5562","FA","21","ARI Wed 7:40PM","0","0%","0%"
"*05yj2*","Cameron Johnson","CHW","SP","5563","FA","21","PIT Wed 7:40PM","0","0%","0%"
"*06icz*","Carter Johnson","MIA","2B,SS,INF","5564","FA","20","NYM Wed 6:40PM","0","2%","0%"
"*06sux*","Colton Johnson","(N/A)","RP","5565","FA","28","","0","0%","0%"
"*04aui*","Cooper Johnson","TEX","C","5566","FA","28","TEX 1<br/>@SEA 3","0","0%","0%"
"*064nc*","Dom Johnson","(N/A)","OF","5567","FA","25","","0","0%","0%"
"*070bp*","Jacob Johnson","TEX","SP","5568","FA","20","TEX 1<br/>@SEA 3","0","1%","0%"
"*0780j*","Jacob Johnson","STL","3B,INF","5569","FA","21","STL 6<br/>@SF 1","0","0%","0%"
"*051ay*","Jared Johnson","ATH","RP","5570","FA","25","TOR 0<br/>@ATH 2 F","0","0%","0%"
"*06dqu*","Justin Johnson","KC","2B,3B,INF","5571","FA","26","ARI Wed 7:40PM","0","0%","0%"
"*06cqg*","Keon Johnson","HOU","SS,INF","5572","FA","18","@PHI Wed 6:40PM","0","0%","0%"
"*06l2p*","Kyle Johnson","TB","SP","5573","FA","21","@ATL Wed 7:15PM","0","0%","0%"
"*06k6r*","Lebarron Johnson","COL","SP","5574","FA","24","@NYY Wed 7:05PM","0","0%","0%"
"*06qv4*","Luke Johnson","WSH","SP,RP","5575","FA","24","WSH 2<br/>@SD 5","0","0%","0%"
"*06480*","Marcus Johnson","TB","SP","5577","FA","25","@ATL Wed 7:15PM","0","1%","0%"
"*065v4*","Marques Johnson","SF","RP","5578","FA","26","STL 6<br/>@SF 1","0","0%","0%"
"*0514w*","MD Johnson","(N/A)","SP","5576","FA","29","","0","0%","0%"
"*04pmr*","Osiris Johnson","(N/A)","SS,INF","5579","FA","25","","0","0%","0%"
"*06c7u*","Paris Johnson","(N/A)","OF","5580","FA","21","","0","0%","0%"
"*0658c*","Preston Johnson","MIN","SP","5581","FA","26","MIN 2<br/>@DET 7 F","0","0%","0%"
"*07661*","Rett Johnson","(N/A)","OF","5582","FA","20","","0","0%","0%"
"*06fze*","Ryan Johnson","(N/A)","SS,INF","5583","FA","25","","0","0%","0%"
"*077p7*","Sherman Johnson","CIN","3B,INF","5584","FA","21","@LAD Wed 10:10PM","0","0%","0%"
"*05rc5*","Termarr Johnson","PIT","2B,INF","5585","XBLADZ","22","@CHW Wed 7:40PM","0","27%","0%"
"*077n4*","Tyce Johnson","(N/A)","SS,INF","5586","FA","16","","0","0%","0%"
"*0665j*","Tyler Johnson","(N/A)","1B,INF","5587","FA","26","","0","0%","0%"
"*06r4y*","Brodie Johnston","(N/A)","3B,INF","5588","FA","20","","0","0%","0%"
"*078te*","Jett Johnston","DET","RP","5589","FA","21","MIN 2<br/>@DET 7 F","0","0%","0%"
"*04ehy*","Kyle Johnston","(N/A)","SP,RP","5590","FA","30","","0","0%","0%"
"*0637r*","Reid Johnston","(N/A)","SP,RP","5591","FA","27","","0","0%","0%"
"*06hvd*","Will Johnston","ATH","SP,RP","5592","FA","25","TOR 0<br/>@ATH 2 F","0","0%","0%"
"*0790r*","Zach Johnston","NYY","RP","5593","FA","22","COL Wed 7:05PM","0","0%","0%"
"*06quf*","Keith Jones II","TEX","OF","5594","FA","24","TEX 1<br/>@SEA 3","0","0%","0%"
"*06yux*","Harry Chubb Jones Jr.","(N/A)","SS,INF","5595","FA","17","","0","0%","0%"
"*070c9*","Brady Jones","TB","SP","5596","FA","22","@ATL Wed 7:15PM","0","0%","0%"
"*072br*","Brayden Jones","TB","RP","5597","FA","24","@ATL Wed 7:15PM","0","0%","0%"
"*06lp5*","Brendan Jones","MIA","OF","5598","FA","24","NYM Wed 6:40PM","0","3%","0%"
"*05ya3*","Brock Jones","TB","OF","5599","FA","25","@ATL Wed 7:15PM","0","2%","0%"
"*06qtt*","Colby Jones","ATL","2B,3B,SS,INF","5600","FA","22","TB Wed 7:15PM","0","0%","0%"
"*05tdk*","Druw Jones","ARI","OF","5601","FA","22","@KC Wed 7:40PM","0","30%","0%"
"*06qwy*","Eli Jones","MIN","SP","5602","FA","23","MIN 2<br/>@DET 7 F","0","0%","0%"
"*0761e*","Evan Jones","(N/A)","RP","5603","FA","19","","0","0%","0%"
"*060ug*","Holt Jones","MIA","RP","5604","FA","27","NYM Wed 6:40PM","0","0%","0%"
"*05u30*","Jared Jones","PIT","1B,INF","5605","FA","23","@CHW Wed 7:40PM","0","2%","0%"
"*05u2t*","Jayson Jones","CHW","SS,INF","5606","FA","23","PIT Wed 7:40PM","0","0%","0%"
"*065uz*","Kyle Jones","(N/A)","RP","5607","FA","26","","0","0%","0%"
"*06r3q*","Kyle Jones","MIL","OF","5608","FA","21","CHC Wed 7:40PM","0","0%","0%"
"*05mrw*","LJ Jones","(N/A)","OF","5609","FA","27","","0","0%","0%"
"*0724i*","Merit Jones","MIN","SP","5610","FA","23","MIN 2<br/>@DET 7 F","0","0%","0%"
"*05ycb*","Nick Jones","LAA","RP","5611","FA","27","@BOS Wed 6:45PM","0","0%","0%"
"*041q6*","Nolan Jones","SEA","OF","5612","FA","28","TEX 1<br/>@SEA 3","0","5%","0%"
"*06qrh*","Sir Jamison Jones","WSH","C","5613","FA","20","WSH 2<br/>@SD 5","0","0%","0%"
"*051fu*","Stephen Jones","MIA","RP","5614","FA","29","NYM Wed 6:40PM","0","0%","0%"
"*078k7*","Tai Jones","TB","OF","5615","FA","18","@ATL Wed 7:15PM","0","0%","0%"
"*06pgi*","Tanner Jones","KC","SP","5616","FA","23","ARI Wed 7:40PM","0","0%","0%"
"*067yf*","Dakota Jordan","SF","OF","5617","FA","23","STL 6<br/>@SF 1","0","13%","0%"
"*06p61*","Dylan Jordan","LAA","SP","5618","FA","20","@BOS Wed 6:45PM","0","8%","0%"
"*061w0*","Levi Jordan","WSH","3B,SS,INF","5619","FA","30","WSH 2<br/>@SD 5","0","0%","0%"
"*05r9e*","Dyan Jorge","COL","2B,SS,INF","5620","FA","23","@NYY Wed 7:05PM","0","2%","0%"
"*06tln*","Bernard Jose","SD","RP","5621","FA","23","WSH 2<br/>@SD 5","0","0%","0%"
"*0741m*","Yordi Jose","MIN","RP","5622","FA","19","MIN 2<br/>@DET 7 F","0","0%","0%"
"*06drq*","Tavian Josenberger","BAL","OF","5623","FA","24","CLE Wed 6:35PM","0","0%","0%"
"*06hys*","Dawel Joseph","SEA","3B,INF","5624","FA","19","TEX 1<br/>@SEA 3","0","4%","0%"
"*06mpo*","Elison Joseph","ATL","RP","5625","FA","25","TB Wed 7:15PM","0","0%","0%"
"*061tq*","Jean Joseph","TOR","OF","5626","FA","21","TOR 0<br/>@ATH 2 F","0","0%","0%"
"*06eo1*","Jakey Josepha","ARI","OF","5627","FA","22","@KC Wed 7:40PM","0","0%","0%"
"*05190*","Corey Joyce","TEX","2B,SS,INF","5628","FA","28","TEX 1<br/>@SEA 3","0","0%","0%"
"*066sr*","Jimmy Joyce","SEA","RP","5629","FA","27","TEX 1<br/>@SEA 3","0","0%","0%"
"*06ib3*","Deok Ju Ham","(N/A)","RP","5630","FA","31","","0","0%","0%"
"*05ueo*","Jorge Juan","(N/A)","RP","5631","FA","27","","0","0%","0%"
"*05ycj*","Simon Juan","NYM","OF","5632","FA","21","@MIA Wed 6:40PM","0","1%","0%"
"*06agq*","Daniel Juarez","(N/A)","RP","5633","FA","25","","0","0%","0%"
"*05uvy*","Victor Juarez","COL","RP","5634","FA","23","@NYY Wed 7:05PM","0","0%","0%"
"*06fzg*","Nicholas Judice","BOS","RP","5635","FA","25","LAA Wed 6:45PM","0","0%","0%"
"*06uln*","Jorge Julio","(N/A)","OF","5636","FA","20","","0","0%","0%"
"*06rra*","Hyeong Jun So","(N/A)","SP","5637","FA","24","","0","0%","0%"
"*06c7w*","Yoerny Junco","(N/A)","3B,INF","5638","FA","21","","0","0%","0%"
"*06ibe*","Woo Young Jung","(N/A)","RP","5639","FA","27","","0","0%","0%"
"*072dl*","Landry Jurecka","SD","SP","5640","FA","23","WSH 2<br/>@SD 5","0","0%","0%"
"*05yae*","Evan Justice","COL","SP","5641","FA","28","@NYY Wed 7:05PM","0","0%","0%"
"*0657f*","Andrew Kachel","(N/A)","2B,INF","5642","FA","25","","0","0%","0%"
"*06qys*","Chris Kachmar","BAL","SP","5643","FA","30","CLE Wed 6:35PM","0","0%","0%"
"*0791t*","Henry Kaczmar","SEA","SS,INF","5644","FA","23","TEX 1<br/>@SEA 3","0","0%","0%"
"*0513a*","Nick Kahle","(N/A)","C","5645","FA","28","","0","0%","0%"
"*04ppn*","Connor Kaiser","KC","2B,INF","5646","FA","29","ARI Wed 7:40PM","0","0%","0%"
"*06fpi*","Brian Kalmer","(N/A)","1B,INF","5647","FA","26","","0","0%","0%"
"*06gir*","Jace Kaminska","MIN","SP","5648","FA","24","MIN 2<br/>@DET 7 F","0","0%","0%"
"*0310g*","Rob Kaminsky","LAA","SP","5649","FA","32","@BOS Wed 6:45PM","0","0%","0%"
"*06hpt*","Mikey Kane","(N/A)","1B,3B,INF","5650","FA","25","","0","0%","0%"
"*06eku*","Tommy Kane","(N/A)","RP","5651","FA","24","","0","0%","0%"
"*07921*","Wailele Kane-Yates","TEX","C,1B,3B,INF","5652","FA","22","TEX 1<br/>@SEA 3","0","0%","0%"
"*073vq*","Yumeto Kanemaru","(N/A)","SP","5653","FA","23","","0","0%","0%"
"*05m6j*","Baek-ho Kang","(N/A)","C","5654","FA","27","","0","0%","0%"
"*0792c*","Kaleb Kantola","WSH","RP","5655","FA","25","WSH 2<br/>@SD 5","0","0%","0%"
"*078rk*","Tyler Kapa","MIA","RP","5656","FA","22","NYM Wed 6:40PM","0","0%","0%"
"*03adt*","James Kaprielian","(N/A)","SP","5657","FA","32","","0","0%","0%"
"*04emj*","Ricky Karcher","(N/A)","RP","5658","FA","28","","0","0%","0%"
"*06z45*","Anthony Karoly","SEA","SP","5659","FA","22","TEX 1<br/>@SEA 3","0","0%","0%"
"*06pg3*","Braedon Karpathios","SD","OF","5660","FA","23","WSH 2<br/>@SD 5","0","1%","0%"
"*05ybt*","Jared Karros","LAD","SP","5661","FA","25","CIN Wed 10:10PM","0","1%","0%"
"*075ku*","Jack Kartsonas","TB","SP","5662","FA","25","@ATL Wed 7:15PM","0","0%","0%"
"*060if*","Josh Kasevich","TOR","SS,INF","5663","FA","25","TOR 0<br/>@ATH 2 F","0","4%","0%"
"*06ahn*","Gavin Kash","(N/A)","1B,INF","5664","FA","23","","0","0%","0%"
"*05t9j*","Wes Kath","CHW","1B,INF","5665","FA","24","PIT Wed 7:40PM","0","1%","0%"
"*05y4c*","Kobe Kato","(N/A)","2B,INF","5666","FA","27","","0","0%","0%"
"*078u9*","Chris Katz","ARI","OF","5667","FA","23","@KC Wed 7:40PM","0","0%","0%"
"*078jr*","Max Kaufer","TEX","C","5668","FA","21","TEX 1<br/>@SEA 3","0","0%","0%"
"*05129*","Karl Kauffmann","(N/A)","RP","5669","FA","29","","0","0%","0%"
"*04pw7*","Rylan Kaufman","(N/A)","RP","5670","FA","27","","0","0%","0%"
"*05jqp*","Niko Kavadas","LAA","1B,INF","5671","FA","27","@BOS Wed 6:45PM","0","2%","0%"
"*06hf6*","Chris Kean","NYY","RP","5672","FA","24","COL Wed 7:05PM","0","0%","0%"
"*0518t*","Sebastian Keane","(N/A)","RP","5673","FA","25","","0","0%","0%"
"*06mmq*","Daniel Keaney","TEX","RP","5674","FA","22","TEX 1<br/>@SEA 3","0","0%","0%"
"*06r89*","Aiden Kearney","(N/A)","3B,INF","5675","FA","17","","0","0%","0%"
"*0657j*","Matt Keating","NYY","RP","5676","FA","25","COL Wed 7:05PM","0","0%","0%"
"*05tde*","Dominic Keegan","BAL","C","5677","FA","26","CLE Wed 6:35PM","0","3%","0%"
"*05zq2*","Aidan Keenan","NYM","SS,INF","5678","FA","21","@MIA Wed 6:40PM","0","0%","0%"
"*0790n*","Jimmy Keenan","MIN","C","5679","FA","22","MIN 2<br/>@DET 7 F","0","0%","0%"
"*06ahd*","Seth Keener","CHW","SP,RP","5680","FA","24","PIT Wed 7:40PM","0","1%","0%"
"*04pq5*","DaShawn Keirsey","ATL","OF","5681","FA","29","TB Wed 7:15PM","0","1%","0%"
"*06ami*","Janzen Keisel","(N/A)","SP,RP","5682","FA","23","","0","0%","0%"
"*05y75*","Damon Keith","MIL","OF","5683","FA","26","CHC Wed 7:40PM","0","0%","0%"
"*02n4l*","Keone Kela","(N/A)","RP","5684","FA","33","","0","0%","0%"
"*06zgr*","Nelson Keljo","CLE","SP","5685","FA","22","@BAL Wed 6:35PM","0","0%","0%"
"*03quq*","Kyle Keller","BOS","RP","5686","FA","33","LAA Wed 6:45PM","0","0%","0%"
"*0648j*","Seth Keller","(N/A)","RP","5687","FA","21","","0","0%","0%"
"*078jn*","Connor Kelley","TOR","RP","5688","FA","22","TOR 0<br/>@ATH 2 F","0","0%","0%"
"*066lv*","Jackson Kelley","CHW","RP","5689","FA","26","PIT Wed 7:40PM","0","0%","0%"
"*05g4j*","Jared Kelley","CHW","RP","5690","FA","24","PIT Wed 7:40PM","0","2%","0%"
"*04z5q*","Trevor Kelley","(N/A)","RP","5691","FA","32","","0","0%","0%"
"*05xot*","Owen Kellington","PIT","SP","5692","FA","23","@CHW Wed 7:40PM","0","0%","0%"
"*070bl*","Boston Kellner","(N/A)","3B,INF","5693","FA","20","","0","0%","0%"
"*01fcp*","Casey Kelly","(N/A)","RP","5694","FA","36","","0","0%","0%"
"*073sg*","Gavin Kelly","(N/A)","2B,INF","5695","FA","20","","0","1%","0%"
"*072mr*","Jaitoine Kelly","ARI","SP","5696","FA","19","@KC Wed 7:40PM","0","0%","0%"
"*06uxw*","Justin Kelly","(N/A)","RP","5697","FA","27","","0","0%","0%"
"*06z44*","Lucas Kelly","SEA","RP","5698","FA","23","TEX 1<br/>@SEA 3","0","0%","0%"
"*06z7p*","Riley Kelly","COL","SP","5699","FA","22","@NYY Wed 7:05PM","0","0%","0%"
"*073k7*","Ronald Kelly","CHW","SP","5700","FA","17","PIT Wed 7:40PM","0","0%","0%"
"*078l5*","Josiah Kemp","SF","OF","5701","FA","18","STL 6<br/>@SF 1","0","0%","0%"
"*06fzh*","Kannon Kemp","SD","SP,RP","5702","FA","22","WSH 2<br/>@SD 5","0","1%","0%"
"*06yyo*","Tyriq Kemp","KC","2B,INF","5703","FA","23","ARI Wed 7:40PM","0","0%","0%"
"*076k6*","Jett Kenady","(N/A)","SS,INF","5704","FA","20","","0","0%","0%"
"*05ubk*","Jacob Kendall","(N/A)","SS,INF","5705","FA","20","","0","0%","0%"
"*06oo8*","Caden Kendle","MIN","OF","5706","FA","24","MIN 2<br/>@DET 7 F","0","0%","0%"
"*0792i*","Ashton Kennedy","PIT","SP,RP","5707","FA","18","@CHW Wed 7:40PM","0","0%","0%"
"*077np*","Dee Kennedy","STL","SS,INF","5708","FA","21","STL 6<br/>@SF 1","0","0%","0%"
"*0647m*","Michael Kennedy","CLE","SP","5709","FA","21","@BAL Wed 6:35PM","0","2%","0%"
"*06hog*","Tyler Kennedy","(N/A)","SP","5710","FA","24","","0","0%","0%"
"*06qnv*","Titan Kennedy-Hayes","PHI","RP","5711","FA","24","HOU Wed 6:40PM","0","0%","0%"
"*067xl*","Barrett Kent","LAA","SP","5712","FA","21","@BOS Wed 6:45PM","0","1%","0%"
"*06ykk*","Kaeden Kent","SF","SS,INF","5713","FA","23","STL 6<br/>@SF 1","0","3%","0%"
"*05yfr*","Nic Kent","COL","2B,3B,INF","5714","FA","26","@NYY Wed 7:05PM","0","0%","0%"
"*06qwv*","Kane Kepley","CHC","OF","5715","FA","22","@MIL Wed 7:40PM","0","15%","0%"
"*077wu*","Carson Kerce","ARI","SS,INF","5716","FA","21","@KC Wed 7:40PM","0","0%","0%"
"*05zh8*","Kade Kern","(N/A)","OF","5717","FA","24","","0","0%","0%"
"*070c7*","Cameron Keshock","PIT","RP","5718","FA","22","@CHW Wed 7:40PM","0","0%","0%"
"*0511u*","Grae Kessinger","PIT","1B,SS,INF","5719","FA","29","@CHW Wed 7:40PM","0","0%","0%"
"*06htn*","Caleb Ketchup","(N/A)","OF","5720","FA","24","","0","0%","0%"
"*0724f*","Brock Ketelsen","(N/A)","OF","5721","FA","19","","0","0%","0%"
"*01z83*","Dallas Keuchel","ATH","SP","5722","FA","38","TOR 0<br/>@ATH 2 F","0","0%","0%"
"*06c5a*","Keythel Key","LAA","SP,RP","5723","FA","22","@BOS Wed 6:45PM","0","0%","0%"
"*078vo*","Dom Kibler","ATL","C","5724","FA","21","TB Wed 7:15PM","0","0%","0%"
"*041m8*","Carter Kieboom","PHI","1B,INF","5725","FA","29","HOU Wed 6:40PM","0","1%","0%"
"*06r4w*","Terrence Kiel II","(N/A)","OF","5726","FA","20","","0","0%","0%"
"*06riz*","Tanner Kiest","(N/A)","RP","5727","FA","31","","0","0%","0%"
"*06qqx*","Griffin Kilander","BOS","SP,RP","5728","FA","23","LAA Wed 6:45PM","0","0%","0%"
"*06utg*","Dax Kilby","NYY","SS,INF","5729","FA","19","COL Wed 7:05PM","0","39%","0%"
"*05yd3*","Gavin Kilen","SF","SS,INF","5730","FA","22","STL 6<br/>@SF 1","0","17%","0%"
"*04pzx*","Keylan Killgore","(N/A)","RP","5731","FA","29","","0","0%","0%"
"*066di*","Kevin Kilpatrick Jr.","ATL","OF","5732","FA","25","TB Wed 7:15PM","0","0%","0%"
"*06kjx*","Do Yeong Kim","(N/A)","3B,INF","5733","FA","22","","0","2%","0%"
"*06r9n*","Jayden Kim","PIT","2B,INF","5734","FA","20","@CHW Wed 7:40PM","0","0%","0%"
"*06iba*","Ju Won Kim","(N/A)","SS,INF","5735","FA","24","","0","0%","0%"
"*06ib9*","Min Suk Kim","(N/A)","OF","5736","FA","22","","0","0%","0%"
"*06ibh*","Seo Hyeon Kim","(N/A)","RP","5737","FA","22","","0","0%","0%"
"*06tu9*","Seong-Jun Kim","TEX","SS,INF","5738","FA","19","TEX 1<br/>@SEA 3","0","5%","0%"
"*05yao*","Larson Kindreich","TEX","RP","5739","FA","27","TEX 1<br/>@SEA 3","0","0%","0%"
"*06rrz*","Aidan King","(N/A)","RP","5740","FA","20","","0","0%","0%"
"*06tlp*","Chuck King","PHI","SP","5741","FA","28","HOU Wed 6:40PM","0","0%","0%"
"*07925*","Devon King","TOR","RP","5742","FA","21","TOR 0<br/>@ATH 2 F","0","0%","0%"
"*06za7*","Dylan King","CIN","C","5743","FA","24","@LAD Wed 10:10PM","0","0%","0%"
"*072dn*","Eddie King","PIT","OF","5744","FA","23","@CHW Wed 7:40PM","0","0%","0%"
"*06hgx*","Jacob King","(N/A)","SP","5745","FA","24","","0","0%","0%"
"*06n3o*","Johnny King","TOR","SP","5746","FA","20","TOR 0<br/>@ATH 2 F","0","28%","0%"
"*065uv*","Joseph King","STL","RP","5747","FA","25","STL 6<br/>@SF 1","0","0%","0%"
"*06kvs*","Justin King","MIA","RP","5748","FA","28","NYM Wed 6:40PM","0","0%","0%"
"*0647r*","Lamar King","SD","C,1B,INF","5749","FA","22","WSH 2<br/>@SD 5","0","1%","0%"
"*077n2*","Landon King","(N/A)","SS,INF","5750","FA","16","","0","0%","0%"
"*06uf2*","Luis Ramon King","KC","OF","5751","FA","18","ARI Wed 7:40PM","0","0%","0%"
"*06rsw*","Luis Steven King","KC","SS,INF","5752","FA","18","ARI Wed 7:40PM","0","0%","0%"
"*06z43*","Matt King","PIT","SS,INF","5753","FA","24","@CHW Wed 7:40PM","0","0%","0%"
"*06cq7*","Seaver King","WSH","SS,INF","5754","FA","23","WSH 2<br/>@SD 5","0","35%","0%"
"*06z0y*","Skylar King","BOS","OF","5755","FA","22","LAA Wed 6:45PM","0","0%","0%"
"*06r0r*","Wenderlyn King","MIL","RP","5756","FA","21","CHC Wed 7:40PM","0","0%","0%"
"*06hno*","Will King","(N/A)","C","5757","FA","23","","0","0%","0%"
"*0519q*","Zach King","(N/A)","SP,RP","5758","FA","28","","0","0%","0%"
"*060eq*","Jimmy Kingsbury","SEA","RP","5759","FA","27","TEX 1<br/>@SEA 3","0","0%","0%"
"*074pf*","Tomoya Kinjo","TOR","SP","5760","FA","23","TOR 0<br/>@ATH 2 F","0","0%","0%"
"*05ua8*","Cooper Kinney","TB","2B,3B,INF","5761","FA","23","@ATL Wed 7:15PM","0","4%","0%"
"*06c4z*","Grant Kipp","CHC","SP","5762","FA","26","@MIL Wed 7:40PM","0","0%","0%"
"*06qf3*","Devin Kirby","ATH","SP","5763","FA","27","TOR 0<br/>@ATH 2 F","0","0%","0%"
"*07738*","Zach Kirby","LAA","SP","5764","FA","26","@BOS Wed 6:45PM","0","0%","0%"
"*06kk0*","William Kirk","(N/A)","SP","5765","FA","20","","0","0%","0%"
"*06hhc*","Doug Kirkland","(N/A)","SP","5766","FA","25","","0","0%","0%"
"*06tlf*","Jackson Kirkpatrick","CHC","RP","5767","FA","24","@MIL Wed 7:40PM","0","0%","0%"
"*071xa*","Griffin Kirn","ATH","SP","5768","FA","24","TOR 0<br/>@ATH 2 F","0","0%","0%"
"*06qls*","Brady Kirtner","NYY","RP","5769","FA","24","COL Wed 7:05PM","0","0%","0%"
"*06l5i*","Danny Kirwin","(N/A)","RP","5770","FA","26","","0","0%","0%"
"*06qsu*","Jacob Kisting","MIA","RP","5771","FA","23","NYM Wed 6:40PM","0","3%","0%"
"*06mi2*","Austin Kitchen","SEA","RP","5772","FA","29","TEX 1<br/>@SEA 3","0","0%","0%"
"*04n0l*","Kotaro Kiyomiya","(N/A)","1B,INF","5773","FA","27","","0","0%","0%"
"*06alc*","Kole Klecker","MIN","SP","5774","FA","22","MIN 2<br/>@DET 7 F","0","0%","0%"
"*078vl*","Caleb Klein","ATL","OF","5775","FA","21","TB Wed 7:15PM","0","0%","0%"
"*06za8*","Matt Klein","COL","C","5776","FA","22","@NYY Wed 7:05PM","0","0%","0%"
"*077mx*","Ethan Kleinschmit","MIA","SP","5777","FA","21","NYM Wed 6:40PM","0","0%","0%"
"*05y31*","Paxton Kling","TEX","OF","5778","FA","23","TEX 1<br/>@SEA 3","0","1%","0%"
"*03dww*","Gabe Klobosits","CHC","RP","5779","FA","31","@MIL Wed 7:40PM","0","0%","0%"
"*04ppt*","Adam Kloffenstein","NYY","SP","5780","FA","26","COL Wed 7:05PM","0","2%","0%"
"*06mwg*","Jacob Kmatz","LAD","SP","5781","FA","23","CIN Wed 10:10PM","0","1%","0%"
"*06kxb*","Aidan Knaak","(N/A)","SP","5782","FA","21","","0","0%","0%"
"*05yc6*","Christian Knapczyk","CLE","2B,INF","5783","FA","24","@BAL Wed 6:35PM","0","0%","0%"
"*06ysg*","Jake Knapp","CHC","SP","5784","FA","26","@MIL Wed 7:40PM","0","0%","0%"
"*06149*","Brandon Knarr","(N/A)","SP","5785","FA","28","","0","0%","0%"
"*0310k*","Corey Knebel","(N/A)","RP","5786","FA","34","","0","0%","0%"
"*04q1u*","Reiss Knehr","MIL","RP","5787","FA","29","CHC Wed 7:40PM","0","0%","0%"
"*06zcr*","Todd Kniebbe","BAL","RP","5788","FA","22","CLE Wed 6:35PM","0","0%","0%"
"*066d6*","Bill Knight","SEA","OF","5789","FA","27","TEX 1<br/>@SEA 3","0","0%","0%"
"*04m5p*","Blaine Knight","(N/A)","RP","5790","FA","30","","0","0%","0%"
"*06pvz*","Caleb Knight","(N/A)","C","5791","FA","30","","0","0%","0%"
"*06kyo*","Grant Knipp","SEA","C","5792","FA","24","TEX 1<br/>@SEA 3","0","1%","0%"
"*0630a*","Michael Knorr","HOU","RP","5793","FA","26","@PHI Wed 6:40PM","0","1%","0%"
"*069zn*","Josh Knoth","MIL","SP","5794","FA","21","CHC Wed 7:40PM","0","8%","0%"
"*05yo7*","Antonio Knowles","LAD","RP","5795","FA","26","CIN Wed 10:10PM","0","0%","0%"
"*04n0j*","D'Shawn Knowles","(N/A)","OF","5796","FA","25","","0","0%","0%"
"*051au*","Lucas Knowles","LAA","RP","5797","FA","28","@BOS Wed 6:45PM","0","0%","0%"
"*06lw0*","Nate Knowles","TB","SP","5798","FA","22","@ATL Wed 7:15PM","0","0%","0%"
"*072zu*","Robbie Knowles","STL","RP","5799","FA","25","STL 6<br/>@SF 1","0","0%","0%"
"*06h1w*","Sam Knowlton","SF","RP","5800","FA","26","STL 6<br/>@SF 1","0","0%","0%"
"*070d2*","Connor Knox","CHC","SP","5801","FA","22","@MIL Wed 7:40PM","0","0%","0%"
"*06oh1*","Ching-Hsien Ko","LAD","OF","5802","FA","20","CIN Wed 10:10PM","0","12%","0%"
"*066aa*","Ian Koenig","SD","SP","5803","FA","25","WSH 2<br/>@SD 5","0","0%","0%"
"*078oy*","Landon Koenig","NYM","RP","5804","FA","21","@MIA Wed 6:40PM","0","0%","0%"
"*072il*","Cole Koeninger","(N/A)","SS,INF,SP,RP","5805","FA","19","","0","0%","0%"
"*0701m*","Will Koger","SD","RP","5806","FA","23","WSH 2<br/>@SD 5","0","0%","0%"
"*05y4i*","Tanner Kohlhepp","DET","RP","5807","FA","27","MIN 2<br/>@DET 7 F","0","0%","0%"
"*0423t*","Taylor Kohlwey","(N/A)","OF","5808","FA","32","","0","0%","0%"
"*06yq9*","Pico Kohn","NYY","SP","5809","FA","23","COL Wed 7:05PM","0","2%","0%"
"*05tcc*","Zach Kokoska","COL","1B,INF,OF","5810","FA","27","@NYY Wed 7:05PM","0","0%","0%"
"*05ynd*","Connor Kokx","(N/A)","OF","5811","FA","26","","0","0%","0%"
"*06qtq*","Xavier Kolhosser","MIN","RP","5812","FA","23","MIN 2<br/>@DET 7 F","0","0%","0%"
"*06ekc*","Aldalay Kolokie","(N/A)","OF","5813","FA","22","","0","0%","0%"
"*04eid*","Mark Kolozsvary","PHI","C","5814","FA","31","HOU Wed 6:40PM","0","0%","0%"
"*0519w*","Brandon Komar","(N/A)","SP","5815","FA","27","","0","0%","0%"
"*074ub*","Haruki Komoda","(N/A)","OF,SP","5816","FA","16","","0","0%","0%"
"*078j7*","Zack Konstantinovsky","WSH","SP","5817","FA","21","WSH 2<br/>@SD 5","0","0%","0%"
"*05m68*","Chang-mo Koo","(N/A)","SP","5818","FA","29","","0","0%","0%"
"*06rr8*","Ja Wook Koo","(N/A)","OF","5819","FA","33","","0","0%","0%"
"*06hej*","Addison Kopack","(N/A)","1B,INF","5820","FA","25","","0","0%","0%"
"*03d6v*","Michael Kopech","(N/A)","RP","5821","FA","30","","0","4%","0%"
"*05wb2*","Matt Koperniak","(N/A)","OF","5822","FA","28","","0","0%","0%"
"*05yal*","Ronan Kopp","LAD","SP,RP","5823","FA","24","CIN Wed 10:10PM","0","2%","0%"
"*05tow*","Kevin Kopps","(N/A)","RP","5824","FA","29","","0","0%","0%"
"*078l7*","Ian Korn","SF","RP","5825","FA","23","STL 6<br/>@SF 1","0","0%","0%"
"*066ak*","Dakota Kotowski","(N/A)","1B,INF","5826","FA","26","","0","0%","0%"
"*05ycn*","Rhett Kouba","(N/A)","RP","5827","FA","27","","0","0%","0%"
"*06zb6*","Luke Kovach","TOR","SP","5828","FA","23","TOR 0<br/>@ATH 2 F","0","0%","0%"
"*04mlg*","Jackson Kowar","BAL","RP","5829","FA","29","CLE Wed 6:35PM","0","1%","0%"
"*06ig5*","Cam Kozeal","MIA","SS,INF","5830","FA","21","NYM Wed 6:40PM","0","0%","0%"
"*077qj*","Owen Kramkowski","TB","SP","5831","FA","21","@ATL Wed 7:15PM","0","0%","0%"
"*077r0*","Alex Kranzler","BOS","RP","5832","FA","21","LAA Wed 6:45PM","0","0%","0%"
"*05xkw*","Nick Krauth","(N/A)","RP","5833","FA","27","","0","0%","0%"
"*0513u*","Evan Kravetz","(N/A)","RP","5834","FA","29","","0","0%","0%"
"*02bze*","Joey Krehbiel","(N/A)","RP","5835","FA","33","","0","0%","0%"
"*06qpr*","Harrison Kreiling","BAL","SP","5836","FA","24","CLE Wed 6:35PM","0","0%","0%"
"*077qd*","Jason Krieger","NYY","SP","5837","FA","21","COL Wed 7:05PM","0","0%","0%"
"*051ae*","Zac Kristofak","(N/A)","SP,RP","5838","FA","28","","0","0%","0%"
"*0649a*","Austin Krob","(N/A)","RP","5839","FA","26","","0","0%","0%"
"*078ov*","AJ Krodel","NYM","RP","5840","FA","21","@MIA Wed 6:40PM","0","0%","0%"
"*06qhw*","Jacob Kroeger","ATL","SP,RP","5841","FA","26","TB Wed 7:15PM","0","0%","0%"
"*04q0h*","Matt Kroon","(N/A)","OF","5842","FA","29","","0","0%","0%"
"*06pgn*","Josh Kross","STL","C,1B,INF","5843","FA","23","STL 6<br/>@SF 1","0","0%","0%"
"*078zr*","Dom Krupinski","CHC","2B,INF","5844","FA","22","@MIL Wed 7:40PM","0","0%","0%"
"*078qm*","Marcus Kruzan","MIL","SP","5845","FA","21","CHC Wed 7:40PM","0","0%","0%"
"*06ywb*","Dan Kubiuk","(N/A)","RP","5846","FA","30","","0","0%","0%"
"*06hp2*","Hunter Kublick","STL","SP,RP","5847","FA","23","STL 6<br/>@SF 1","0","0%","0%"
"*078lq*","Ryan Kucherak","SD","SS,INF","5848","FA","22","WSH 2<br/>@SD 5","0","0%","0%"
"*05t9i*","Ben Kudrna","KC","SP","5849","FA","23","ARI Wed 7:40PM","0","5%","0%"
"*062yq*","Cade Kuehler","ATL","SP","5850","FA","24","TB Wed 7:15PM","0","2%","0%"
"*06fqr*","Tate Kuehner","MIL","SP","5851","FA","25","CHC Wed 7:40PM","0","1%","0%"
"*03179*","Chad Kuhl","(N/A)","SP","5852","FA","33","","0","0%","0%"
"*06zll*","Jacob Kuhn","TB","SP","5853","FA","22","@ATL Wed 7:15PM","0","0%","0%"
"*060mr*","Travis Kuhn","(N/A)","RP","5854","FA","28","","0","0%","0%"
"*060lb*","Tegan Kuhns","STL","SP","5855","FA","21","STL 6<br/>@SF 1","0","2%","0%"
"*070cd*","Cash Kuiper","DET","SP,RP","5856","FA","21","MIN 2<br/>@DET 7 F","0","0%","0%"
"*06k6s*","Sam Kulasingam","KC","2B,INF","5857","FA","25","ARI Wed 7:40PM","0","0%","0%"
"*06tld*","Trevor Kuncl","CIN","RP","5858","FA","27","@LAD Wed 10:10PM","0","0%","0%"
"*074lq*","Ryoji Kuribayashi","(N/A)","SP","5859","FA","30","","0","0%","0%"
"*067yh*","Cade Kurland","(N/A)","SS,INF","5860","FA","22","","0","0%","0%"
"*075ln*","Henry Kusiak","MIN","SS,INF","5861","FA","25","MIN 2<br/>@DET 7 F","0","0%","0%"
"*06z9e*","Peter Kussow","NYM","SP","5862","FA","19","@MIA Wed 6:40PM","0","2%","0%"
"*06qwe*","Robert Kwiatkowski","(N/A)","RP","5863","FA","29","","0","0%","0%"
"*04epx*","A.J. Labas","(N/A)","SP,RP","5869","FA","27","","0","0%","0%"
"*06ksf*","Randy Labaut","(N/A)","RP","5870","FA","29","","0","0%","0%"
"*076ka*","Will Labonte","(N/A)","SP","5871","FA","19","","0","0%","0%"
"*066cc*","Yeniel Laboy","(N/A)","3B,INF","5872","FA","22","","0","0%","0%"
"*05t6h*","Victor Labrada","SEA","OF","5873","FA","26","TEX 1<br/>@SEA 3","0","1%","0%"
"*06ul4*","P.J. Labriola","BOS","RP","5874","FA","25","LAA Wed 6:45PM","0","0%","0%"
"*078sv*","Deiten Lachance","CLE","C","5875","FA","21","@BAL Wed 6:35PM","0","0%","0%"
"*072ib*","Vahn Lackey","MIN","C","5876","FA","21","MIN 2<br/>@DET 7 F","0","6%","0%"
"*06fuo*","Mathias LaCombe","CHW","SP","5864","FA","24","PIT Wed 7:40PM","0","1%","0%"
"*06zgx*","Luke Lacourse","LAA","SP","5877","FA","19","@BOS Wed 6:45PM","0","0%","0%"
"*077p6*","Ray Ladd","CIN","SP","5878","FA","22","@LAD Wed 10:10PM","0","0%","0%"
"*076s4*","Angelo Ladera","BOS","SP","5879","FA","19","LAA Wed 6:45PM","0","0%","0%"
"*074vp*","Jesus Lafalaise","TEX","SP","5880","FA","21","TEX 1<br/>@SEA 3","0","0%","0%"
"*077qt*","Kaleb LaFavor","BOS","SP","5865","FA","18","LAA Wed 6:45PM","0","0%","0%"
"*06mw8*","Jack Lafflam","(N/A)","C,SP","5881","FA","19","","0","0%","0%"
"*06plo*","Frandy Lafond","MIL","OF","5882","FA","19","CHC Wed 7:40PM","0","0%","0%"
"*062h4*","Carlos Lagrange","NYY","SP","5883","XBLADZ","23","COL Wed 7:05PM","0","48%","0%"
"*076uw*","Chien-Fan Lai","NYY","SP","5884","FA","18","COL Wed 7:05PM","0","0%","0%"
"*06hw4*","Dane Lais","SD","RP","5885","FA","21","WSH 2<br/>@SD 5","0","0%","0%"
"*03qlx*","Travis Lakins Sr.","(N/A)","RP","5886","FA","32","","0","0%","0%"
"*05ym5*","Henry Lalane","SF","SP","5887","FA","22","STL 6<br/>@SF 1","0","21%","0%"
"*078fk*","David Lally","BAL","SP","5888","FA","22","CLE Wed 6:35PM","0","0%","0%"
"*078h0*","Garrett Lambert","COL","SP","5889","FA","21","@NYY Wed 7:05PM","0","0%","0%"
"*041s7*","Jimmy Lambert","(N/A)","RP","5890","FA","31","","0","0%","0%"
"*06qic*","Ryan Lambert","NYM","RP","5891","FA","24","@MIA Wed 6:40PM","0","6%","0%"
"*06ifb*","Luis Lameda","MIL","2B,INF","5892","FA","20","CHC Wed 7:40PM","0","0%","0%"
"*03ry2*","Dinelson Lamet","(N/A)","RP","5893","FA","34","","0","0%","0%"
"*06kza*","Justin Lamkin","KC","SP","5894","FA","22","ARI Wed 7:40PM","0","10%","0%"
"*0630g*","Joe Lampe","(N/A)","OF","5895","FA","25","","0","0%","0%"
"*075g8*","Zac Lampton","BAL","RP","5896","FA","26","CLE Wed 6:35PM","0","0%","0%"
"*06rpz*","Jackson Lancaster","TB","RP","5897","FA","27","@ATL Wed 7:15PM","0","0%","0%"
"*06zet*","Steven Lancia","CHW","C","5898","FA","24","PIT Wed 7:40PM","0","0%","0%"
"*06avz*","Ramon Landaeta","ATH","C","5899","FA","20","TOR 0<br/>@ATH 2 F","0","0%","0%"
"*06hq5*","Andrew Landry","NYY","SP","5900","FA","24","COL Wed 7:05PM","0","0%","0%"
"*07309*","Bowen Landry","(N/A)","SP","5901","FA","15","","0","0%","0%"
"*066jt*","Nathan Landry","(N/A)","SP","5902","FA","27","","0","0%","0%"
"*06r4m*","Jorvorskie Lane Jr.","(N/A)","C","5903","FA","18","","0","0%","0%"
"*066f8*","Carmine Lane","(N/A)","C","5904","FA","25","","0","0%","0%"
"*078tw*","Carson Lane","CLE","SP","5905","FA","21","@BAL Wed 6:35PM","0","0%","0%"
"*078p5*","Isaiah Lane","MIN","SS,INF","5906","FA","21","MIN 2<br/>@DET 7 F","0","0%","0%"
"*078tc*","Michael Lane","DET","SP","5907","FA","21","MIN 2<br/>@DET 7 F","0","0%","0%"
"*05jrk*","Justin Lange","(N/A)","RP","5908","FA","24","","0","1%","0%"
"*068xx*","Ty Langenberg","MIN","SP","5909","FA","24","MIN 2<br/>@DET 7 F","0","0%","0%"
"*06nzz*","L.P. Langevin","KC","RP","5910","FA","23","ARI Wed 7:40PM","0","1%","0%"
"*06hop*","Colby Langford","HOU","RP","5911","FA","24","@PHI Wed 6:40PM","0","0%","0%"
"*06r22*","Ryan Langford","(N/A)","RP","5912","FA","27","","0","0%","0%"
"*06ql1*","Miles Langhorne","(N/A)","RP","5913","FA","23","","0","0%","0%"
"*06zgd*","Brandon Langley","SD","RP","5914","FA","21","WSH 2<br/>@SD 5","0","0%","0%"
"*06z48*","Garrett Langrell","SF","RP","5915","FA","25","STL 6<br/>@SF 1","0","0%","0%"
"*05ubj*","Jake Lankie","(N/A)","SP","5916","FA","22","","0","0%","0%"
"*077ra*","Brett Lanman","BOS","SP","5917","FA","21","LAA Wed 6:45PM","0","0%","0%"
"*06hwu*","Cale Lansville","(N/A)","SP","5918","FA","23","","0","0%","0%"
"*06qno*","Ethan Lanthier","NYM","SP","5919","FA","23","@MIA Wed 6:40PM","0","0%","0%"
"*06ri0*","Andriel Lantigua","(N/A)","C","5920","FA","22","","0","0%","0%"
"*066mp*","Arnaldo Lantigua","CIN","OF","5921","FA","20","@LAD Wed 10:10PM","0","3%","0%"
"*06ice*","Edward Lantigua","NYM","OF","5922","FA","19","@MIA Wed 6:40PM","0","1%","0%"
"*06aml*","Lisnerkin Lantigua","CIN","RP","5923","FA","22","@LAD Wed 10:10PM","0","0%","0%"
"*060fw*","Rafael Lantigua","(N/A)","2B,3B,INF","5924","FA","28","","0","1%","0%"
"*06rje*","Robert Lantigua","ARI","C","5925","FA","19","@KC Wed 7:40PM","0","0%","0%"
"*072by*","Matt Lanzendorfer","LAD","RP","5926","FA","24","CIN Wed 10:10PM","0","0%","0%"
"*075s8*","Diego Lanzosa","TEX","SP","5927","FA","20","TEX 1<br/>@SEA 3","0","0%","0%"
"*06rkg*","Armando Lao","DET","1B,INF","5928","FA","19","MIN 2<br/>@DET 7 F","0","0%","0%"
"*045ok*","Sauryn Lao","(N/A)","RP","5929","FA","27","","0","0%","0%"
"*06rn2*","Tyler LaPorte","ATL","RP","5866","FA","29","TB Wed 7:15PM","0","0%","0%"
"*06roo*","Tommy LaPour","MIN","SP","5867","FA","21","MIN 2<br/>@DET 7 F","0","0%","0%"
"*052kc*","Andry Lara","WSH","RP","5930","FA","23","WSH 2<br/>@SD 5","0","3%","0%"
"*06tpi*","Bryan Lara","LAD","SP","5931","FA","18","CIN Wed 10:10PM","0","0%","0%"
"*06bl2*","Davidxon Lara","MIA","RP","5932","FA","20","NYM Wed 6:40PM","0","0%","0%"
"*06bsa*","Erick Lara","TB","3B,INF","5933","FA","20","@ATL Wed 7:15PM","0","0%","0%"
"*06c3g*","Gabriel Lara","NYY","OF","5934","FA","20","COL Wed 7:05PM","0","0%","0%"
"*0403r*","Janser Lara","TEX","RP","5935","FA","30","TEX 1<br/>@SEA 3","0","0%","0%"
"*06cev*","Jhancarlos Lara","WSH","SP,RP","5936","FA","23","WSH 2<br/>@SD 5","0","3%","0%"
"*076s3*","Joel Lara","NYM","SP","5937","FA","19","@MIA Wed 6:40PM","0","0%","0%"
"*06hi7*","Jorge Lara","ARI","2B,INF","5938","FA","20","@KC Wed 7:40PM","0","0%","0%"
"*0730k*","Rafeliz Lara","CLE","SS,INF","5939","FA","17","@BAL Wed 6:35PM","0","0%","0%"
"*06am6*","Wilfredo Lara","MIA","SS,INF","5940","FA","22","NYM Wed 6:40PM","0","1%","0%"
"*06ulw*","Wilton Lara","(N/A)","3B,INF","5941","FA","22","","0","0%","0%"
"*05y5n*","Mac Lardner","(N/A)","SP","5942","FA","28","","0","0%","0%"
"*066t8*","Cesar Lares","MIN","SP","5943","FA","23","MIN 2<br/>@DET 7 F","0","0%","0%"
"*066o6*","Cristopher Larez","NYM","3B,INF","5944","FA","20","@MIA Wed 6:40PM","0","0%","0%"
"*05yni*","Conor Larkin","SEA","RP","5945","FA","27","TEX 1<br/>@SEA 3","0","0%","0%"
"*06yy0*","Alberto Laroche","SF","SP","5946","FA","20","STL 6<br/>@SF 1","0","1%","0%"
"*04yco*","Denny Larrondo","(N/A)","SP","5947","FA","24","","0","0%","0%"
"*05y6x*","Kyle Larsen","PIT","RP","5948","FA","23","@CHW Wed 7:40PM","0","0%","0%"
"*067z2*","Ashton Larson","(N/A)","OF","5949","FA","21","","0","0%","0%"
"*05ydm*","Blake Larson","CHW","SP","5950","FA","20","PIT Wed 7:40PM","0","2%","0%"
"*078tj*","Sam Larson","COL","RP","5951","FA","21","@NYY Wed 7:05PM","0","0%","0%"
"*076p9*","Giaconino Lasaracina","TOR","C","5952","FA","23","TOR 0<br/>@ATH 2 F","0","0%","0%"
"*077xj*","Elliot Lascelles","SD","SS,INF","5953","FA","0","WSH 2<br/>@SD 5","0","0%","0%"
"*05y9d*","John Lash","(N/A)","SP","5954","FA","20","","0","0%","0%"
"*06oom*","Luke Lashutka","MIA","SP,RP","5955","FA","24","NYM Wed 6:40PM","0","0%","0%"
"*051ec*","Adam Laskey","COL","SP,RP","5956","FA","28","@NYY Wed 7:05PM","0","0%","0%"
"*06248*","Ryan Lasko","ATH","OF","5957","FA","24","TOR 0<br/>@ATH 2 F","0","1%","0%"
"*076sj*","Jamie Laskofski","(N/A)","SS,INF","5958","FA","20","","0","0%","0%"
"*06r5x*","Rafael Lasorsa","(N/A)","SP","5959","FA","19","","0","0%","0%"
"*05r69*","Roger Lasso","(N/A)","OF","5960","FA","22","","0","0%","0%"
"*06zaa*","Carson Latimer","CIN","SP,RP","5961","FA","22","@LAD Wed 10:10PM","0","0%","0%"
"*06zes*","Maddox Latta","TOR","2B,INF","5962","FA","23","TOR 0<br/>@ATH 2 F","0","0%","0%"
"*06l2q*","Anyer Laureano","CIN","RP","5963","FA","23","@LAD Wed 10:10PM","0","0%","0%"
"*0680l*","Lorenzo Laurel","(N/A)","3B,INF","5964","FA","19","","0","0%","0%"
"*077pf*","Jack Lausch","CIN","OF","5965","FA","22","@LAD Wed 10:10PM","0","0%","0%"
"*06s3b*","Johnathan Lavallee","CIN","RP","5966","FA","27","@LAD Wed 10:10PM","0","0%","0%"
"*04pyv*","Bryan Lavastida","ATH","C","5967","FA","27","TOR 0<br/>@ATH 2 F","0","0%","0%"
"*066n9*","Dario Laverde","LAA","C","5968","FA","21","@BOS Wed 6:45PM","0","1%","0%"
"*078m0*","Robbie Lavey","SD","C","5969","FA","21","WSH 2<br/>@SD 5","0","0%","0%"
"*04pmf*","Grant Lavigne","(N/A)","1B,INF","5970","FA","27","","0","0%","0%"
"*067zb*","Jace LaViolette","CLE","OF","5868","FA","22","@BAL Wed 6:35PM","0","28%","0%"
"*04awd*","Casey Lawrence","PHI","RP","5971","FA","38","HOU Wed 6:40PM","0","0%","0%"
"*06huq*","Colson Lawrence","(N/A)","RP","5972","FA","24","","0","0%","0%"
"*077od*","Luke Lawrence","CHW","3B,INF","5973","FA","23","PIT Wed 7:40PM","0","0%","0%"
"*06r4p*","Tre' Lawrence","(N/A)","OF","5974","FA","15","","0","0%","0%"
"*06zhe*","Carson Laws","MIA","RP","5975","FA","23","NYM Wed 6:40PM","0","0%","0%"
"*068nx*","Brendan Lawson","(N/A)","3B,INF","5976","FA","20","","0","2%","0%"
"*065v5*","Cortland Lawson","WSH","SS,INF","5977","FA","26","WSH 2<br/>@SD 5","0","0%","0%"
"*078qx*","Joey Lawson","MIA","C","5978","FA","19","NYM Wed 6:40PM","0","0%","0%"
"*06htd*","Justin Lawson","(N/A)","RP","5979","FA","25","","0","0%","0%"
"*078h2*","Ethan Lay","MIN","SP","5980","FA","22","MIN 2<br/>@DET 7 F","0","0%","0%"
"*0741g*","Angel Laya","(N/A)","OF","5981","FA","19","","0","0%","0%"
"*05udz*","Derwin Laya","(N/A)","3B,INF","5982","FA","22","","0","0%","0%"
"*06krr*","Yojackson Laya","LAD","SS,INF","5983","FA","19","CIN Wed 10:10PM","0","0%","0%"
"*06qpe*","Aidan Layton","(N/A)","RP","5984","FA","24","","0","0%","0%"
"*06pq4*","DJ Layton","BAL","2B,INF","5985","FA","20","CLE Wed 6:35PM","0","1%","0%"
"*06uy1*","Dylan Leach","(N/A)","C","5990","FA","23","","0","0%","0%"
"*06hhj*","Hudson Leach","HOU","RP","5991","FA","24","@PHI Wed 6:40PM","0","0%","0%"
"*06mi5*","Antawn Leal","(N/A)","RP","5992","FA","19","","0","0%","0%"
"*05j8k*","David Leal","(N/A)","RP","5993","FA","29","","0","0%","0%"
"*02yor*","Erick Leal","(N/A)","SP","5994","FA","31","","0","0%","0%"
"*075l3*","Henson Leal","KC","RP","5995","FA","22","ARI Wed 7:40PM","0","0%","0%"
"*06lwe*","Victor Leal","MIN","C","5996","FA","19","MIN 2<br/>@DET 7 F","0","0%","0%"
"*06qv7*","Cameron Leary","ATH","OF","5997","FA","24","TOR 0<br/>@ATH 2 F","0","0%","0%"
"*04eho*","Aaron Leasher","(N/A)","SP","5998","FA","30","","0","0%","0%"
"*041r7*","Charles Leblanc","(N/A)","2B,INF","5999","FA","30","","0","0%","0%"
"*077nr*","Tyson LeBlanc","DET","SS,INF","5986","FA","21","MIN 2<br/>@DET 7 F","0","0%","0%"
"*06c77*","Ariel Lebron","HOU","OF","6000","FA","21","@PHI Wed 6:40PM","0","0%","0%"
"*06r56*","Cristofer Lebron","STL","OF","6001","FA","19","STL 6<br/>@SF 1","0","0%","0%"
"*073k4*","Felix Lebron","CHW","SS,INF","6002","FA","17","PIT Wed 7:40PM","0","0%","0%"
"*06l57*","Justin Lebron","CIN","SS,INF","6003","FA","21","@LAD Wed 10:10PM","0","5%","0%"
"*030x2*","Jose Leclerc","SD","RP","6004","FA","32","WSH 2<br/>@SD 5","0","2%","0%"
"*0790e*","Talmadge LeCroy","COL","C,3B,SS,INF","5987","FA","23","@NYY Wed 7:05PM","0","0%","0%"
"*0689z*","Colton Ledbetter","STL","OF","6005","FA","24","STL 6<br/>@SF 1","0","4%","0%"
"*06cf1*","Bairon Ledesma","(N/A)","2B,INF","6006","FA","21","","0","0%","0%"
"*06uxv*","Jose Ledesma","NYY","RP","6007","FA","23","COL Wed 7:05PM","0","0%","0%"
"*077z0*","Juan Ledezma","ARI","RP","6008","FA","21","@KC Wed 7:40PM","0","0%","0%"
"*05yd5*","Darren Ledford","(N/A)","C","6009","FA","20","","0","0%","0%"
"*05y09*","Luis Ledo","(N/A)","RP","6010","FA","31","","0","0%","0%"
"*0518j*","Marcus Lee Sang","TEX","UT","6011","FA","25","TEX 1<br/>@SEA 3","0","0%","0%"
"*06icu*","Bennett Lee","DET","C","6012","FA","24","MIN 2<br/>@DET 7 F","0","0%","0%"
"*0701o*","Cam Lee","BAL","OF","6013","FA","20","CLE Wed 6:35PM","0","0%","0%"
"*06aky*","Chen-Hsun Lee","SF","SP","6014","FA","24","STL 6<br/>@SF 1","0","0%","0%"
"*06ul3*","David Lee","(N/A)","RP","6015","FA","26","","0","0%","0%"
"*06ibd*","Eui Lee Lee","(N/A)","SP","6016","FA","24","","0","0%","0%"
"*06rqj*","Hyun Seung Lee","MIA","3B,INF","6017","FA","18","NYM Wed 6:40PM","0","1%","0%"
"*06hum*","Jeremy Lee","(N/A)","SP","6018","FA","25","","0","0%","0%"
"*06ifx*","Justin Lee","PHI","SP","6019","FA","21","HOU Wed 6:40PM","0","0%","0%"
"*0510z*","Korey Lee","CHW","C","6020","FA","28","PIT Wed 7:40PM","0","2%","0%"
"*06mim*","Patrick Lee","DET","OF","6021","FA","26","MIN 2<br/>@DET 7 F","0","0%","0%"
"*06hiu*","Zack Lee","DET","SP,RP","6022","FA","25","MIN 2<br/>@DET 7 F","0","0%","0%"
"*06suk*","Klendy Leen","(N/A)","C,RP","6023","FA","19","","0","0%","0%"
"*05u1w*","Ben Leeper","(N/A)","RP","6024","FA","29","","0","0%","0%"
"*078fv*","Haiden Leffew","TB","RP","6025","FA","21","@ATL Wed 7:15PM","0","0%","0%"
"*072be*","Meridian Leffew","DET","3B,INF","6026","FA","19","MIN 2<br/>@DET 7 F","0","0%","0%"
"*05jqj*","Jack Leftwich","CLE","RP","6027","FA","27","@BAL Wed 6:35PM","0","1%","0%"
"*06qvn*","Ethan Lege","(N/A)","1B,3B,INF","6028","FA","25","","0","0%","0%"
"*06ri7*","Qyshawn Legito","(N/A)","C","6029","FA","20","","0","0%","0%"
"*078gs*","Justin LeGuernic","KC","SP","5988","FA","20","ARI Wed 7:40PM","0","0%","0%"
"*06qxf*","Taylor Lehman","(N/A)","RP","6030","FA","30","","0","0%","0%"
"*077qk*","Mason Lei","BOS","SP","6031","FA","21","LAA Wed 6:45PM","0","0%","0%"
"*05y9i*","Zac Leigh","CHC","RP","6032","FA","28","@MIL Wed 7:40PM","0","0%","0%"
"*06qex*","Kenny Leiner","BAL","RP","6033","FA","25","CLE Wed 6:35PM","0","0%","0%"
"*077o4*","Nathan Leininger","CHW","SP","6034","FA","22","PIT Wed 7:40PM","0","0%","0%"
"*066aj*","Ryan Leitch","(N/A)","C","6035","FA","25","","0","0%","0%"
"*06k4w*","Cam Leiter","LAD","SP","6036","FA","22","CIN Wed 10:10PM","0","11%","0%"
"*01sfi*","DJ LeMahieu","NYY","2B,INF","5989","FA","38","COL Wed 7:05PM","0","1%","0%"
"*0791x*","John Lemm","STL","C","6037","FA","23","STL 6<br/>@SF 1","0","0%","0%"
"*06c0y*","Kleimir Lemos","(N/A)","1B,INF","6038","FA","21","","0","0%","0%"
"*05nsn*","Pedro Lemos","SEA","RP","6039","FA","23","TEX 1<br/>@SEA 3","0","0%","0%"
"*07787*","Grady Lenahan","(N/A)","OF","6040","FA","19","","0","0%","0%"
"*06ri6*","David Leon","(N/A)","C","6073","FA","22","","0","0%","0%"
"*06uxu*","Edgar Leon","(N/A)","RP","6041","FA","21","","0","0%","0%"
"*072yq*","Jordan Leon","(N/A)","SS,INF","6042","FA","16","","0","0%","0%"
"*06plk*","Luis Leon","MIA","OF","6043","FA","20","NYM Wed 6:40PM","0","0%","0%"
"*06v6b*","Luis Leon","CHC","OF","6044","FA","18","@MIL Wed 7:40PM","0","0%","0%"
"*05gdv*","Pedro Leon","PHI","OF","6045","FA","28","HOU Wed 6:40PM","0","4%","0%"
"*06rhk*","Santiago Leon","MIN","SS,INF","6046","FA","18","MIN 2<br/>@DET 7 F","0","1%","0%"
"*06uxj*","Dayne Leonard","CIN","C","6047","FA","26","@LAD Wed 10:10PM","0","0%","0%"
"*06ujs*","Luis Leones","(N/A)","OF","6048","FA","23","","0","0%","0%"
"*06l0f*","Ray Leonzi","(N/A)","OF","6049","FA","23","","0","0%","0%"
"*06hiv*","Carlos Lequerica","DET","RP","6050","FA","26","MIN 2<br/>@DET 7 F","0","0%","0%"
"*05tdl*","Dylan Lesko","TB","RP","6051","FA","23","@ATL Wed 7:15PM","0","12%","0%"
"*077nh*","David Leslie","NYY","SP","6052","FA","23","COL Wed 7:05PM","0","0%","0%"
"*03qqr*","Josh Lester","(N/A)","1B,3B,INF","6053","FA","32","","0","0%","0%"
"*0731v*","Jhoseph Leta","CLE","SS,INF","6054","FA","17","@BAL Wed 6:35PM","0","0%","0%"
"*05koi*","Luke Leto","(N/A)","SS,INF","6055","FA","23","","0","0%","0%"
"*06gjw*","Bishop Letson","MIL","SP","6056","FA","21","CHC Wed 7:40PM","0","16%","0%"
"*078vz*","Rohan Lettow","PIT","SP","6057","FA","21","@CHW Wed 7:40PM","0","0%","0%"
"*06ich*","Jhonny Level","SF","SS,INF","6058","FA","19","STL 6<br/>@SF 1","0","31%","0%"
"*06f1n*","Zach Levenson","STL","OF","6059","FA","24","STL 6<br/>@SF 1","0","1%","0%"
"*051bn*","Adam Leverett","SEA","SP","6060","FA","27","TEX 1<br/>@SEA 3","0","0%","0%"
"*066cj*","Tatem Levins","TB","C","6061","FA","27","@ATL Wed 7:15PM","0","0%","0%"
"*06mni*","Chris Levonas","(N/A)","SP","6062","FA","20","","0","1%","0%"
"*077er*","Mulivai Levu","CIN","1B,INF","6063","FA","22","@LAD Wed 10:10PM","0","0%","0%"
"*0513n*","Brandon Lewis","(N/A)","1B,INF","6064","FA","27","","0","0%","0%"
"*060hm*","Cory Lewis","MIN","SP,RP","6065","FA","25","MIN 2<br/>@DET 7 F","0","2%","0%"
"*06pi9*","Dillon Lewis","MIA","OF","6066","FA","23","NYM Wed 6:40PM","0","6%","0%"
"*05h2x*","Ian Lewis","MIA","OF","6067","FA","23","NYM Wed 6:40PM","0","1%","0%"
"*03dru*","Justin Lewis","(N/A)","SP,RP","6068","FA","31","","0","0%","0%"
"*06qwi*","Kade Lewis","CLE","1B,INF","6069","FA","21","@BAL Wed 6:35PM","0","0%","0%"
"*06mnk*","Tyson Lewis","CIN","SS,INF","6070","FA","20","@LAD Wed 10:10PM","0","22%","0%"
"*037ab*","Domingo Leyba","(N/A)","2B,INF","6071","FA","30","","0","0%","0%"
"*06z7j*","Caleb Leys","DET","SP","6072","FA","23","MIN 2<br/>@DET 7 F","0","0%","0%"
"*076kv*","Yu-Lin Liao","MIL","3B,INF","6074","FA","19","CHC Wed 7:40PM","0","0%","0%"
"*077na*","Wil Libbert","ATL","SP","6075","FA","21","TB Wed 7:15PM","0","0%","0%"
"*02ybv*","Luis Liberato","(N/A)","OF","6076","FA","30","","0","0%","0%"
"*06uxt*","Jecsua Liborius","LAD","RP","6077","FA","21","CIN Wed 10:10PM","0","0%","0%"
"*072yu*","Tyler Lichtenberger","(N/A)","SS,INF","6078","FA","20","","0","0%","0%"
"*06mdo*","Yorman Licourt","TOR","OF","6079","FA","22","TOR 0<br/>@ATH 2 F","0","0%","0%"
"*060gl*","Ahbram Liendo","BOS","3B,SS,INF","6080","FA","22","LAA Wed 6:45PM","0","0%","0%"
"*06y48*","Mason Ligenza","LAD","OF","6081","FA","19","CIN Wed 10:10PM","0","0%","0%"
"*06ron*","Karson Ligon","TOR","SP","6082","FA","23","TOR 0<br/>@ATH 2 F","0","0%","0%"
"*06mpy*","Christian Lim","(N/A)","SP","6083","FA","21","","0","0%","0%"
"*06mek*","Denny Lima","CHW","SP","6084","FA","22","PIT Wed 7:40PM","0","0%","0%"
"*05151*","Michael Limoncelli","(N/A)","SP,RP","6085","FA","26","","0","0%","0%"
"*0793t*","Chang Tzu-Chun Lin","MIL","SP","6086","FA","20","CHC Wed 7:40PM","0","0%","0%"
"*06cn1*","Chen-Wei Lin","STL","SP","6087","FA","24","STL 6<br/>@SF 1","0","4%","0%"
"*077b8*","Chun Hsi Lin","PIT","SP","6088","FA","18","@CHW Wed 7:40PM","0","0%","0%"
"*0769n*","Eric Lin","TB","RP","6089","FA","23","@ATL Wed 7:15PM","0","0%","0%"
"*077ym*","Jui-Chieh Lin","MIN","SP","6090","FA","24","MIN 2<br/>@DET 7 F","0","0%","0%"
"*041zx*","Lyle Lin","(N/A)","C","6091","FA","29","","0","0%","0%"
"*06rmx*","Po-Chun Lin","SEA","SP","6092","FA","20","TEX 1<br/>@SEA 3","0","1%","0%"
"*06c2c*","Sheng-En Lin","CIN","UT,SP","6093","FA","21","@LAD Wed 10:10PM","0","2%","0%"
"*06op3*","Wei-En Lin","ATH","SP,RP","6094","FA","20","TOR 0<br/>@ATH 2 F","0","17%","0%"
"*061wi*","Yu-Min Lin","ARI","SP","6095","FA","23","@KC Wed 7:40PM","0","5%","0%"
"*06l0n*","Sean Paul Linan","NYY","SP","6096","FA","21","COL Wed 7:05PM","0","6%","0%"
"*06fu7*","Janderson Linares","(N/A)","RP","6097","FA","20","","0","0%","0%"
"*066rz*","Jonathan Linares","LAA","C","6098","FA","21","@BOS Wed 6:45PM","0","0%","0%"
"*05j90*","Oswaldo Linares","SD","C","6099","FA","23","WSH 2<br/>@SD 5","0","0%","0%"
"*06rnl*","Winder Linares","(N/A)","OF","6100","FA","19","","0","0%","0%"
"*06rhl*","Carlos Linarez","(N/A)","C","6111","FA","24","","0","0%","0%"
"*05iyj*","Valentin Linarez","(N/A)","RP","6101","FA","26","","0","0%","0%"
"*06rnk*","Yohander Linarez","(N/A)","3B,INF","6102","FA","21","","0","0%","0%"
"*078rj*","Colin Linder","MIA","SP,RP","6103","FA","22","NYM Wed 6:40PM","0","0%","0%"
"*051if*","Jeff Lindgren","(N/A)","SP,RP","6104","FA","29","","0","0%","0%"
"*04egu*","Ethan Lindow","(N/A)","SP","6105","FA","27","","0","0%","0%"
"*06eko*","Andrew Lindsey","TB","SP","6106","FA","26","@ATL Wed 7:15PM","0","0%","0%"
"*06kxe*","Kellon Lindsey","LAD","SS,INF","6107","FA","20","CIN Wed 10:10PM","0","13%","0%"
"*05mrg*","Brady Lindsly","(N/A)","C","6108","FA","28","","0","0%","0%"
"*06qnf*","Jack Lines","TB","2B,INF","6109","FA","20","@ATL Wed 7:15PM","0","0%","0%"
"*06hs8*","Matthew Linskey","(N/A)","RP","6110","FA","24","","0","0%","0%"
"*0512j*","Andre Lipcius","(N/A)","1B,2B,INF","6112","FA","28","","0","0%","0%"
"*064nd*","Guy Lipscomb Jr.","(N/A)","OF","6113","FA","25","","0","0%","0%"
"*0612z*","Trey Lipscomb","WSH","1B,3B,SS,INF","6114","FA","26","WSH 2<br/>@SD 5","0","3%","0%"
"*066is*","Trey Lipsey","(N/A)","OF","6115","FA","23","","0","0%","0%"
"*05rdn*","Enderso Lira","(N/A)","C","6116","FA","22","","0","0%","0%"
"*074af*","Tony Lira","(N/A)","1B,INF","6117","FA","20","","0","0%","0%"
"*06ek1*","Angel Liranzo","PHI","SP","6118","FA","20","HOU Wed 6:40PM","0","0%","0%"
"*04af8*","Jesus Liranzo","(N/A)","RP","6119","FA","31","","0","0%","0%"
"*06c3o*","Joshua Liranzo","BAL","3B,SS,INF","6120","FA","20","CLE Wed 6:35PM","0","1%","0%"
"*05r64*","Thayron Liranzo","DET","C","6121","FA","23","MIN 2<br/>@DET 7 F","0","17%","0%"
"*06idx*","Hector Liriano","(N/A)","OF","6122","FA","20","","0","0%","0%"
"*06lwm*","Raily Liriano","ARI","OF","6123","FA","19","@KC Wed 7:40PM","0","0%","0%"
"*0776r*","Jefer Lista","MIL","1B,INF","6124","FA","18","CHC Wed 7:40PM","0","0%","0%"
"*073u6*","James Litman","(N/A)","SP","6125","FA","20","","0","0%","0%"
"*05mlv*","Christian Little","SEA","SP","6126","FA","23","TEX 1<br/>@SEA 3","0","1%","0%"
"*0513z*","Jack Little","DET","RP","6127","FA","28","MIN 2<br/>@DET 7 F","0","0%","0%"
"*06qro*","Jordan Little","CIN","RP","6128","FA","23","@LAD Wed 10:10PM","0","0%","0%"
"*05a1c*","Chih-Jung Liu","(N/A)","SP","6129","FA","27","","0","0%","0%"
"*0311w*","Ben Lively","CLE","SP","6130","FA","34","@BAL Wed 6:35PM","0","3%","0%"
"*06yxi*","Dean Livingston","ARI","SP","6131","FA","20","@KC Wed 7:40PM","0","3%","0%"
"*06rlq*","Jesus Lizardo","PIT","C","6132","FA","19","@CHW Wed 7:40PM","0","0%","0%"
"*05n5o*","Victor Lizarraga","SD","SP","6133","FA","22","WSH 2<br/>@SD 5","0","2%","0%"
"*04aza*","Mauricio Llovera","(N/A)","RP","6134","FA","30","","0","0%","0%"
"*05ynv*","Daniel Lloyd","BAL","RP","6135","FA","26","CLE Wed 6:35PM","0","0%","0%"
"*051bi*","Matt Lloyd","(N/A)","1B,INF","6136","FA","30","","0","0%","0%"
"*06zfn*","Jaiden Lo Re","BAL","SS,INF","6137","FA","19","CLE Wed 6:35PM","0","6%","0%"
"*06rp9*","Alejandro Loaiza","(N/A)","1B,INF","6138","FA","22","","0","0%","0%"
"*078kh*","Jayden Lobliner","STL","C","6139","FA","22","STL 6<br/>@SF 1","0","0%","0%"
"*062yn*","Inmer Lobo","PIT","RP","6140","FA","22","@CHW Wed 7:40PM","0","0%","0%"
"*06htt*","Ryan Lobus","TEX","RP","6141","FA","26","TEX 1<br/>@SEA 3","0","0%","0%"
"*06qte*","Fulton Lockhart","LAA","RP","6142","FA","22","@BOS Wed 6:45PM","0","0%","0%"
"*05yeu*","Lael Lockhart","SEA","SP","6143","FA","28","TEX 1<br/>@SEA 3","0","0%","0%"
"*0518f*","Nick Lockhart","(N/A)","RP","6144","FA","25","","0","0%","0%"
"*06opa*","Griffin Lockwood-Powell","LAD","C","6145","FA","28","CIN Wed 10:10PM","0","0%","0%"
"*06se7*","Alex Lodise","ATL","SS,INF","6146","FA","22","TB Wed 7:15PM","0","7%","0%"
"*073kd*","Jordan Lodise","(N/A)","SS,INF","6147","FA","19","","0","0%","0%"
"*06rud*","Kyle Lodise","CHW","SS,INF","6148","FA","22","PIT Wed 7:40PM","0","3%","0%"
"*06h91*","Justin Loer","COL","RP","6149","FA","23","@NYY Wed 7:05PM","0","0%","0%"
"*066fm*","Joshua Loeschorn","PIT","RP","6150","FA","26","@CHW Wed 7:40PM","0","0%","0%"
"*067yg*","Bradley Loftin","(N/A)","SP","6151","FA","22","","0","0%","0%"
"*066lm*","Jackson Loftin","(N/A)","SS,INF,OF","6152","FA","26","","0","0%","0%"
"*066fj*","Drake Logan","(N/A)","OF","6153","FA","26","","0","0%","0%"
"*066co*","Gavin Logan","ARI","C","6154","FA","26","@KC Wed 7:40PM","0","0%","0%"
"*06yud*","Sean Loggie","(N/A)","SP","6155","FA","18","","0","0%","0%"
"*04ejq*","Zach Logue","(N/A)","RP","6156","FA","30","","0","0%","0%"
"*06zqn*","Camden Lohman","NYM","SP","6157","FA","19","@MIA Wed 6:40PM","0","1%","0%"
"*06qj8*","Jacob Lojewski","(N/A)","SS,INF","6158","FA","24","","0","0%","0%"
"*06ibi*","Caleb Lomavita","WSH","C","6159","FA","23","WSH 2<br/>@SD 5","0","3%","0%"
"*06ih0*","Jacob Lombard","MIA","SS,INF","6160","FA","18","NYM Wed 6:40PM","0","5%","0%"
"*06yez*","Michael Lombardi","KC","SP,RP","6161","FA","22","ARI Wed 7:40PM","0","5%","0%"
"*05uc9*","Ethan Long","SD","1B,INF","6162","FA","25","WSH 2<br/>@SD 5","0","0%","0%"
"*078k8*","Griffin Long","TB","SP","6163","FA","18","@ATL Wed 7:15PM","0","0%","0%"
"*06qph*","Jacoby Long","(N/A)","OF","6164","FA","24","","0","0%","0%"
"*078s3*","Jake Long","LAA","OF","6165","FA","22","@BOS Wed 6:45PM","0","0%","0%"
"*06fwm*","Jonathon Long","MIA","1B,INF","6166","FA","24","NYM Wed 6:40PM","0","21%","0%"
"*06fqm*","Justin Long","ATL","RP","6167","FA","24","TB Wed 7:15PM","0","0%","0%"
"*077ny*","Maddox Long","DET","RP","6168","FA","25","MIN 2<br/>@DET 7 F","0","0%","0%"
"*06bxl*","Ryan Long","BAL","SP,RP","6169","FA","26","CLE Wed 6:35PM","0","0%","0%"
"*0421l*","Sam Long","(N/A)","RP","6170","FA","31","","0","0%","0%"
"*06qir*","Trevor Long","(N/A)","RP","6171","FA","25","","0","0%","0%"
"*06r4j*","Anthony Longo","KC","C","6172","FA","19","ARI Wed 7:40PM","0","0%","0%"
"*06hpz*","Aidan Longwell","COL","1B,INF","6173","FA","24","@NYY Wed 7:05PM","0","0%","0%"
"*06qrc*","Eric Loomis","TEX","RP","6174","FA","24","TEX 1<br/>@SEA 3","0","0%","0%"
"*066ji*","Jimmy Loper","(N/A)","SP","6175","FA","26","","0","0%","0%"
"*03wkr*","Alejo Lopez","KC","2B,3B,INF,OF","6176","FA","30","ARI Wed 7:40PM","0","0%","0%"
"*078lv*","Augie Lopez","SD","C","6177","FA","21","WSH 2<br/>@SD 5","0","0%","0%"
"*06rp7*","Carlos Lopez","CLE","RP","6178","FA","20","@BAL Wed 6:35PM","0","0%","0%"
"*0776f*","Cesar Lopez","NYY","C","6179","FA","17","COL Wed 7:05PM","0","0%","0%"
"*06rp8*","Chris Lopez","STL","C","6180","FA","21","STL 6<br/>@SF 1","0","0%","0%"
"*06akd*","Christian Lopez","CIN","RP","6181","FA","20","@LAD Wed 10:10PM","0","0%","0%"
"*06bj6*","Daniel Lopez","KC","OF","6182","FA","20","ARI Wed 7:40PM","0","0%","0%"
"*04yd9*","Eduardo Lopez","(N/A)","1B,INF","6183","FA","24","","0","0%","0%"
"*07434*","Enyel Lopez","TEX","SP","6184","FA","21","TEX 1<br/>@SEA 3","0","0%","0%"
"*06aq6*","Fabian Lopez","(N/A)","SS,INF","6185","FA","20","","0","0%","0%"
"*06rhy*","Gabriel Lopez","COL","C","6186","FA","20","@NYY Wed 7:05PM","0","0%","0%"
"*06ux0*","Gerardo Lopez","PHI","SP","6187","FA","21","HOU Wed 6:40PM","0","0%","0%"
"*06rh0*","Hiverson Lopez","CLE","C","6275","FA","18","@BAL Wed 6:35PM","0","0%","0%"
"*04ere*","Irving Lopez","(N/A)","2B,INF","6188","FA","31","","0","0%","0%"
"*02c2o*","Jack Lopez","(N/A)","3B,SS,INF","6189","FA","33","","0","0%","0%"
"*076kw*","Jeison Lopez","ATH","OF","6190","FA","20","TOR 0<br/>@ATH 2 F","0","0%","0%"
"*066op*","Jesus Lopez","TEX","C","6191","FA","21","TEX 1<br/>@SEA 3","0","0%","0%"
"*06r2y*","Jesus Lopez","(N/A)","RP","6192","FA","19","","0","0%","0%"
"*06sb4*","Jesus Lopez","SF","SP","6193","FA","21","STL 6<br/>@SF 1","0","0%","0%"
"*06sb6*","Jesus Lopez","(N/A)","SP","6194","FA","20","","0","0%","0%"
"*06hwj*","John Lopez","(N/A)","C,2B,INF","6195","FA","20","","0","0%","0%"
"*02brf*","Jorge Lopez","(N/A)","RP","6196","FA","33","","0","0%","0%"
"*0614f*","Jose Lopez","(N/A)","RP","6197","FA","27","","0","0%","0%"
"*06mdn*","Jose Lopez","(N/A)","RP","6198","FA","20","","0","0%","0%"
"*06rld*","Jose Lopez","NYM","SP","6199","FA","22","@MIA Wed 6:40PM","0","0%","0%"
"*06rlc*","Josue Lopez","(N/A)","RP","6200","FA","24","","0","0%","0%"
"*06z5m*","Juan Lopez","WSH","RP","6201","FA","21","WSH 2<br/>@SD 5","0","0%","0%"
"*06pfc*","Leandro Lopez","TEX","RP","6202","FA","24","TEX 1<br/>@SEA 3","0","2%","0%"
"*06bsc*","Moises Lopez","(N/A)","2B,INF","6203","FA","20","","0","0%","0%"
"*043f9*","Pablo Lopez","MIN","SP","6204","Ka-Chow","30","MIN 2<br/>@DET 7 F","0","46%","0%"
"*066mc*","Reiner Lopez","STL","RP","6205","FA","20","STL 6<br/>@SF 1","0","1%","0%"
"*05rdq*","Robert Lopez","(N/A)","C","6206","FA","22","","0","0%","0%"
"*06ulv*","Ronny Lopez","(N/A)","SP","6207","FA","23","","0","0%","0%"
"*076s6*","Xavier Lopez","TB","SP","6208","FA","21","@ATL Wed 7:15PM","0","0%","0%"
"*06rs2*","Aneury Lora","SEA","RP","6209","FA","22","TEX 1<br/>@SEA 3","0","0%","0%"
"*06l4z*","Nestor Lorant","CIN","SP","6210","FA","24","@LAD Wed 10:10PM","0","1%","0%"
"*06yub*","Denton Lord","(N/A)","SP","6211","FA","18","","0","0%","0%"
"*06ca0*","Kiefer Lord","BAL","SP","6212","FA","24","CLE Wed 6:35PM","0","2%","0%"
"*06u6d*","David Lorduy","CIN","SP","6213","FA","22","@LAD Wed 10:10PM","0","0%","0%"
"*06cex*","Abel Lorenzo","LAD","OF","6214","FA","21","CIN Wed 10:10PM","0","0%","0%"
"*06rl2*","Francisco Loreto","PIT","3B,INF","6215","FA","19","@CHW Wed 7:40PM","0","0%","0%"
"*06dn1*","Nick Lorusso","NYM","1B,3B,INF","6216","FA","25","@MIA Wed 6:40PM","0","0%","0%"
"*072ee*","Qrey Lott","SD","OF","6217","FA","21","WSH 2<br/>@SD 5","0","0%","0%"
"*062sf*","Ryan Loutos","SEA","RP","6218","FA","27","TEX 1<br/>@SEA 3","0","0%","0%"
"*06yyh*","Carter Lovasz","ATL","RP","6219","FA","23","TB Wed 7:15PM","0","0%","0%"
"*05uo3*","Austin Love","STL","RP","6220","FA","27","STL 6<br/>@SF 1","0","0%","0%"
"*07319*","Enrique Lovera","MIL","OF","6221","FA","17","CHC Wed 7:40PM","0","0%","0%"
"*06qev*","Eli Lovich","CHC","OF","6222","FA","21","@MIL Wed 7:40PM","0","1%","0%"
"*06zi2*","Jackson Lovich","NYY","1B,INF","6223","FA","22","COL Wed 7:05PM","0","3%","0%"
"*05y4o*","Quinton Low","MIL","SP","6224","FA","24","CHC Wed 7:40PM","0","0%","0%"
"*0665w*","Collin Lowe","(N/A)","RP","6225","FA","27","","0","0%","0%"
"*06586*","Isaiah Lowe","SD","SP","6226","FA","23","WSH 2<br/>@SD 5","0","2%","0%"
"*075we*","Bo Lowrance","LAD","3B,INF","6227","FA","18","CIN Wed 10:10PM","0","1%","0%"
"*06mfj*","Geuri Lubo","CHC","OF","6228","FA","22","@MIL Wed 7:40PM","0","0%","0%"
"*051am*","Easton Lucas","(N/A)","SP","6229","FA","29","","0","1%","0%"
"*078kz*","Trevor Lucas","SEA","3B,INF","6230","FA","21","TEX 1<br/>@SEA 3","0","0%","0%"
"*06xy3*","Yaxson Lucena","STL","OF","6231","FA","19","STL 6<br/>@SF 1","0","0%","0%"
"*06l52*","Ismael Luciano","COL","SP,RP","6232","FA","23","@NYY Wed 7:05PM","0","0%","0%"
"*06nuc*","Ivan Luciano","ARI","C","6233","FA","19","@KC Wed 7:40PM","0","1%","0%"
"*066qh*","Jordy Luciano","(N/A)","SP","6234","FA","25","","0","0%","0%"
"*04ooy*","Marco Luciano","NYY","OF","6235","FA","24","COL Wed 7:05PM","0","11%","0%"
"*06r4l*","Sandy Luciano","KC","OF","6236","FA","19","ARI Wed 7:40PM","0","0%","0%"
"*061zq*","Waner Luciano","HOU","3B,INF","6237","FA","21","@PHI Wed 6:40PM","0","1%","0%"
"*065v7*","Kyle Luckham","WSH","SP","6238","FA","26","WSH 2<br/>@SD 5","0","0%","0%"
"*04py1*","Nick Lucky","NYM","2B,SS,INF","6239","FA","26","@MIA Wed 6:40PM","0","0%","0%"
"*03dt6*","Drew Lugbauer","(N/A)","1B,3B,INF","6240","FA","30","","0","0%","0%"
"*06tlm*","Alejandro Lugo","(N/A)","RP","6241","FA","24","","0","0%","0%"
"*064eu*","Andy Lugo","MIN","1B,3B,INF","6242","FA","22","MIN 2<br/>@DET 7 F","0","0%","0%"
"*06mn9*","Cesar Lugo","CHC","OF","6243","FA","19","@MIL Wed 7:40PM","0","0%","0%"
"*06l0u*","Erick Lugo","(N/A)","OF","6244","FA","19","","0","0%","0%"
"*06mi7*","Jesus Lugo","(N/A)","OF","6245","FA","19","","0","0%","0%"
"*06ica*","Joswa Lugo","LAA","SS,INF","6246","FA","19","@BOS Wed 6:45PM","0","6%","0%"
"*04n0h*","Moises Lugo","(N/A)","RP","6247","FA","27","","0","0%","0%"
"*04ymb*","William Lugo","(N/A)","2B,3B,SS,INF","6248","FA","24","","0","0%","0%"
"*06akj*","Wilmer Lugo","NYM","RP","6249","FA","20","@MIA Wed 6:40PM","0","0%","0%"
"*06rhs*","Yoneiker Lugo","MIL","C","6250","FA","19","CHC Wed 7:40PM","0","0%","0%"
"*061zn*","Jansel Luis","ARI","2B,3B,INF","6251","FA","21","@KC Wed 7:40PM","0","6%","0%"
"*066mb*","Yerlin Luis","CLE","OF","6252","FA","21","@BAL Wed 6:35PM","0","0%","0%"
"*06v4r*","Rylan Lujo","LAA","3B,INF","6253","FA","21","@BOS Wed 6:45PM","0","0%","0%"
"*06ywa*","Reese Lumpkin","SEA","RP","6254","FA","24","TEX 1<br/>@SEA 3","0","0%","0%"
"*06ruf*","Alexey Lumpuy","CHC","OF","6255","FA","22","@MIL Wed 7:40PM","0","0%","0%"
"*05yfn*","Gil Luna Jr.","(N/A)","SP","6256","FA","27","","0","0%","0%"
"*07261*","Emanuel Luna","STL","OF","6257","FA","17","STL 6<br/>@SF 1","0","14%","0%"
"*06njt*","Esteban Luna","BAL","SP","6258","FA","19","CLE Wed 6:35PM","0","0%","0%"
"*06upy*","Jesus Luna","(N/A)","RP","6259","FA","25","","0","0%","0%"
"*06cmo*","Jorge Luna","NYY","SP","6260","FA","21","COL Wed 7:05PM","0","0%","0%"
"*072p4*","Adrian Lunar","KC","C","6261","FA","17","ARI Wed 7:40PM","0","0%","0%"
"*06ma5*","Darrel Lunar","WSH","SP","6262","FA","20","WSH 2<br/>@SD 5","0","0%","0%"
"*06rsc*","Logan Lunceford","LAD","SP","6263","FA","22","CIN Wed 10:10PM","0","0%","0%"
"*073sh*","Ethan Lund","(N/A)","SP","6264","FA","21","","0","0%","0%"
"*06qr2*","Wyatt Lunsford-Shenkman","SEA","RP","6265","FA","23","TEX 1<br/>@SEA 3","0","0%","0%"
"*03dag*","Jordan Luplow","(N/A)","OF","6266","FA","32","","0","0%","0%"
"*078tt*","Travis Lutz","CLE","SP","6267","FA","23","@BAL Wed 6:35PM","0","0%","0%"
"*041ai*","Gavin Lux","TB","2B,INF,OF","6268","FA","28","@ATL Wed 7:15PM","0","20%","0%"
"*01gjf*","Jordan Lyles","(N/A)","SP","6269","FA","35","","0","0%","0%"
"*066f2*","John Lynch","(N/A)","SP","6270","FA","25","","0","0%","0%"
"*06uwr*","Ryan Lynch","SD","RP","6271","FA","21","WSH 2<br/>@SD 5","0","0%","0%"
"*06z47*","Isaac Lyon","WSH","SP","6272","FA","22","WSH 2<br/>@SD 5","0","0%","0%"
"*066le*","Jared Lyons","CIN","SP,RP","6273","FA","25","@LAD Wed 10:10PM","0","0%","0%"
"*06zex*","Mason Lytle","HOU","OF","6274","FA","25","@PHI Wed 6:40PM","0","0%","0%"
"*06rfs*","Burke-Lee Mabeus","(N/A)","C","6276","FA","21","","0","0%","0%"
"*0657c*","Will Mabrey","ARI","RP","6277","FA","25","@KC Wed 7:40PM","0","1%","0%"
"*06kwl*","JT Mabry","(N/A)","2B,INF","6278","FA","26","","0","0%","0%"
"*06rpq*","Djean Macares","SF","OF","6286","FA","18","STL 6<br/>@SF 1","0","0%","0%"
"*06z46*","Danny Macchiarola","SEA","SP","6287","FA","22","TEX 1<br/>@SEA 3","0","0%","0%"
"*077yi*","Cort MacDonald","COL","OF","6279","FA","23","@NYY Wed 7:05PM","0","0%","0%"
"*06qrm*","Zach MacDonald","DET","OF","6280","FA","23","MIN 2<br/>@DET 7 F","0","0%","0%"
"*04ely*","Tommy Mace","(N/A)","SP,RP","6288","FA","27","","0","0%","0%"
"*06z66*","Juan Macero","LAD","3B,INF","6289","FA","18","CIN Wed 10:10PM","0","0%","0%"
"*041qc*","Travis MacGregor","NYY","RP","6281","FA","28","COL Wed 7:05PM","0","0%","0%"
"*062z8*","Anderson Machado","(N/A)","SS,INF","6290","FA","22","","0","0%","0%"
"*04km8*","Andres Machado","(N/A)","RP","6291","FA","33","","0","0%","0%"
"*06qk1*","Austin Machado","ATL","C","6292","FA","25","TB Wed 7:15PM","0","0%","0%"
"*06rq3*","Diago Machado","SEA","OF","6293","FA","21","TEX 1<br/>@SEA 3","0","0%","0%"
"*05ao9*","Estiven Machado","(N/A)","SS,INF","6294","FA","23","","0","0%","0%"
"*06tzx*","Johan Machado","MIA","3B,SS,INF","6295","FA","18","NYM Wed 6:40PM","0","0%","0%"
"*05uai*","Irvin Machuca","(N/A)","RP","6296","FA","26","","0","0%","0%"
"*06nz1*","Antonis Macias","TEX","2B,INF","6297","FA","21","TEX 1<br/>@SEA 3","0","0%","0%"
"*06yn1*","Dallas Macias","ATL","OF","6298","FA","22","TB Wed 7:15PM","0","0%","0%"
"*06rsq*","Johan Macias","LAA","2B,SS,INF","6299","FA","23","@BOS Wed 6:45PM","0","0%","0%"
"*04puv*","Josh Maciejewski","(N/A)","RP","6300","FA","31","","0","0%","0%"
"*04ptr*","Willie MacIver","SEA","C","6282","FA","29","TEX 1<br/>@SEA 3","0","1%","0%"
"*04ps1*","Charles Mack","(N/A)","SS,INF","6301","FA","26","","0","0%","0%"
"*06yar*","Landon Mack","(N/A)","SP","6302","FA","21","","0","0%","0%"
"*06zi1*","Zack Mack","NYM","RP","6303","FA","23","@MIA Wed 6:40PM","0","0%","0%"
"*05mrk*","Dylan MacLean","TEX","SP,RP","6283","FA","24","TEX 1<br/>@SEA 3","0","1%","0%"
"*05rek*","Christian MacLeod","MIA","SP,RP","6284","FA","26","NYM Wed 6:40PM","0","0%","0%"
"*06zew*","Coleman MacRae","HOU","SP","6285","FA","22","@PHI Wed 6:40PM","0","0%","0%"
"*04b21*","Angel Macuare","(N/A)","RP","6304","FA","26","","0","0%","0%"
"*05ym9*","Jake Madden","COL","RP","6305","FA","24","@NYY Wed 7:05PM","0","1%","0%"
"*06yyg*","Riley Maddox","WSH","SP,RP","6306","FA","0","WSH 2<br/>@SD 5","0","0%","0%"
"*06ibv*","Jesus Made","MIL","SS,INF","6307","BHB","19","CHC Wed 7:40PM","0","63%","0%"
"*0527f*","Kevin Made","WSH","2B,SS,INF","6308","FA","23","WSH 2<br/>@SD 5","0","3%","0%"
"*06bpu*","Emannoel Madeira","(N/A)","SP","6309","FA","20","","0","0%","0%"
"*074vt*","Alex Madera","CHC","SS,INF","6310","FA","25","@MIL Wed 7:40PM","0","0%","0%"
"*06r44*","Steven Madero","DET","1B,INF","6311","FA","19","MIN 2<br/>@DET 7 F","0","0%","0%"
"*04ptu*","Ben Madison","(N/A)","SP,RP","6312","FA","28","","0","0%","0%"
"*077z9*","Bear Madliak","ATH","C","6313","FA","23","TOR 0<br/>@ATH 2 F","0","0%","0%"
"*070by*","Truitt Madonna","SD","C","6314","FA","19","WSH 2<br/>@SD 5","0","0%","0%"
"*078ou*","Jacob Madrid","NYM","C","6315","FA","18","@MIA Wed 6:40PM","0","0%","0%"
"*04ejw*","Bligh Madris","STL","1B,INF","6316","FA","30","STL 6<br/>@SF 1","0","0%","0%"
"*06qv3*","Bryce Madron","(N/A)","OF","6317","FA","25","","0","0%","0%"
"*06zgq*","Kendrey Maduro","LAA","3B,INF","6318","FA","22","@BOS Wed 6:45PM","0","0%","0%"
"*06ulu*","Fermin Magallanes","BAL","RP","6319","FA","24","CLE Wed 6:35PM","0","0%","0%"
"*06yys*","Mario Magana","(N/A)","OF","6320","FA","20","","0","0%","0%"
"*06pmw*","Bryan Magdaleno","TEX","RP","6321","FA","25","TEX 1<br/>@SEA 3","0","0%","0%"
"*07926*","Isaiah Magdaleno","TOR","SP","6322","FA","21","TOR 0<br/>@ATH 2 F","0","0%","0%"
"*06qsg*","Ryan Magdic","ATH","RP","6323","FA","26","TOR 0<br/>@ATH 2 F","0","0%","0%"
"*06hoz*","Cam Magee","(N/A)","SS,INF","6324","FA","24","","0","0%","0%"
"*02hnm*","Drew Maggi","(N/A)","2B,INF","6325","FA","37","","0","0%","0%"
"*06qke*","Grant Magill","CHW","C","6326","FA","25","PIT Wed 7:40PM","0","0%","0%"
"*0778e*","Wills Maginnis","BOS","1B,INF","6327","FA","21","LAA Wed 6:45PM","0","0%","0%"
"*051bg*","Andrew Magno","BAL","RP","6328","FA","28","CLE Wed 6:35PM","0","0%","0%"
"*05ogx*","Solomon Maguire","(N/A)","OF","6329","FA","23","","0","0%","0%"
"*06yyf*","Lucas Mahlstedt","LAA","RP","6330","FA","23","@BOS Wed 6:45PM","0","0%","0%"
"*06dq6*","Jack Mahoney","COL","SP","6331","FA","25","@NYY Wed 7:05PM","0","1%","0%"
"*06uy0*","Jack Mahoney","ATH","RP","6332","FA","27","TOR 0<br/>@ATH 2 F","0","0%","0%"
"*05xu6*","Adam Maier","SEA","SP","6333","FA","24","TEX 1<br/>@SEA 3","0","1%","0%"
"*078yz*","Keaton Maiorana","MIL","SP,RP","6334","FA","18","CHC Wed 7:40PM","0","0%","0%"
"*0401b*","Kevin Maitan","(N/A)","1B,INF","6335","FA","26","","0","0%","0%"
"*06z5b*","Cesar Maiz","CIN","SP","6336","FA","18","@LAD Wed 10:10PM","0","0%","0%"
"*06nm0*","Aidan Major","CLE","SP","6337","FA","23","@BAL Wed 6:35PM","0","0%","0%"
"*06hub*","Alex Makarewich","LAD","RP","6338","FA","24","CIN Wed 10:10PM","0","0%","0%"
"*06qkd*","Alec Makarewicz","CHW","1B,3B,INF","6339","FA","25","PIT Wed 7:40PM","0","0%","0%"
"*067z5*","Shugo Maki","(N/A)","2B,INF","6340","FA","28","","0","0%","0%"
"*060oi*","Chance Mako","(N/A)","SP","6341","FA","22","","0","0%","0%"
"*06uwp*","Cooper Malamazian","(N/A)","SS,INF","6342","FA","20","","0","0%","0%"
"*066l8*","Aidan Maldonado","MIL","RP","6343","FA","26","CHC Wed 7:40PM","0","0%","0%"
"*0518d*","Anthony Maldonado","(N/A)","RP","6344","FA","28","","0","0%","0%"
"*06cmg*","Cam Maldonado","SF","OF","6345","FA","22","STL 6<br/>@SF 1","0","2%","0%"
"*0620s*","Gerelmi Maldonado","SF","SP","6346","FA","22","STL 6<br/>@SF 1","0","1%","0%"
"*021t6*","Martin Maldonado","SD","C","6347","FA","40","WSH 2<br/>@SD 5","0","0%","0%"
"*0603j*","Nick Maldonado","MIA","RP","6348","FA","26","NYM Wed 6:40PM","0","0%","0%"
"*06hyx*","Dalton Mall","(N/A)","SP","6349","FA","27","","0","0%","0%"
"*06qij*","Josh Mallitz","SD","RP","6350","FA","24","WSH 2<br/>@SD 5","0","0%","0%"
"*05uy1*","Justyn-Henry Malloy","TB","OF","6351","FA","26","@ATL Wed 7:15PM","0","3%","0%"
"*0780h*","Tanner Mally","SF","OF","6352","FA","22","STL 6<br/>@SF 1","0","0%","0%"
"*04y7b*","Brennan Malone","(N/A)","RP","6353","FA","26","","0","1%","0%"
"*06h00*","Rorik Maltrud","CLE","SP","6354","FA","26","@BAL Wed 6:35PM","0","0%","0%"
"*06rix*","Alexander Mambel","BOS","1B,INF","6355","FA","20","LAA Wed 6:45PM","0","0%","0%"
"*0779s*","Jeyver Manaure","ARI","SP","6356","FA","20","@KC Wed 7:40PM","0","0%","0%"
"*066jq*","Joey Mancini","HOU","SP,RP","6357","FA","25","@PHI Wed 6:40PM","0","0%","0%"
"*078l8*","Mike Mancini","SF","2B,INF","6358","FA","23","STL 6<br/>@SF 1","0","0%","0%"
"*06qp0*","Thomas Mangus","CHC","RP","6359","FA","23","@MIL Wed 7:40PM","0","0%","0%"
"*072ic*","Rocco Maniscalco","STL","SS,INF","6360","FA","17","STL 6<br/>@SF 1","0","1%","0%"
"*04pr2*","Devin Mann","(N/A)","1B,3B,INF","6361","FA","29","","0","0%","0%"
"*06hx0*","Hunter Mann","COL","RP","6362","FA","25","@NYY Wed 7:05PM","0","0%","0%"
"*06do7*","Luke Mann","ATH","1B,3B,INF","6363","FA","26","TOR 0<br/>@ATH 2 F","0","0%","0%"
"*06ih7*","Chusei Mannami","(N/A)","1B,INF","6364","FA","26","","0","0%","0%"
"*075l1*","Grant Manning","WSH","RP","6365","FA","25","WSH 2<br/>@SD 5","0","0%","0%"
"*041m1*","Matt Manning","(N/A)","RP","6366","FA","28","","0","1%","0%"
"*06umb*","Noah Manning","(N/A)","RP","6367","FA","24","","0","0%","0%"
"*05jq4*","Timmy Manning","(N/A)","RP","6368","FA","24","","0","0%","0%"
"*072hh*","Jose Manon","ATL","SS,INF","6369","FA","17","TB Wed 7:15PM","0","2%","0%"
"*076rv*","Henry Manrique","NYM","OF","6370","FA","17","@MIA Wed 6:40PM","0","0%","0%"
"*06bt4*","Renair Manrique","(N/A)","SS,INF","6371","FA","20","","0","0%","0%"
"*075ez*","Alejandro Manzano","ATH","RP","6372","FA","24","TOR 0<br/>@ATH 2 F","0","0%","0%"
"*06ky4*","Marco Manzano","NYY","RP","6373","FA","23","COL Wed 7:05PM","0","0%","0%"
"*05uwh*","Mikell Manzano","(N/A)","RP","6374","FA","23","","0","0%","0%"
"*06r50*","Anyel Manzueta","WSH","RP","6375","FA","19","WSH 2<br/>@SD 5","0","0%","0%"
"*06tsv*","Sami Manzueta","HOU","2B,3B,INF","6376","FA","18","@PHI Wed 6:40PM","0","0%","0%"
"*06mw5*","Luis Maracara","SD","RP","6377","FA","19","WSH 2<br/>@SD 5","0","0%","0%"
"*06suq*","Agustin Marcano","(N/A)","C","6378","FA","20","","0","0%","0%"
"*060oh*","Carlos Marcano","DET","SP","6379","FA","23","MIN 2<br/>@DET 7 F","0","0%","0%"
"*076ac*","Jhosued Marcano","CHC","SP","6380","FA","17","@MIL Wed 7:40PM","0","0%","0%"
"*06gy9*","Jose Marcano","CLE","1B,INF","6381","FA","20","@BAL Wed 6:35PM","0","0%","0%"
"*06jgy*","Jose Marcano","TEX","C","6382","FA","19","TEX 1<br/>@SEA 3","0","0%","0%"
"*05tdm*","Rafael Marcano","(N/A)","RP","6383","FA","26","","0","0%","0%"
"*070cv*","Orlando Marcelin","TOR","RP","6384","FA","19","TOR 0<br/>@ATH 2 F","0","0%","0%"
"*06aju*","Hansel Marcelino","(N/A)","RP","6385","FA","24","","0","0%","0%"
"*06o04*","Manuel Marchan","CIN","SP","6386","FA","19","@LAD Wed 10:10PM","0","0%","0%"
"*06rhv*","Moises Marchan","KC","C","6389","FA","18","ARI Wed 7:40PM","0","1%","0%"
"*07713*","Taj Marchand","TB","SS,INF","6387","FA","18","@ATL Wed 7:15PM","0","1%","0%"
"*061vz*","Jorge Marcheco","ATH","SP,RP","6388","FA","24","TOR 0<br/>@ATH 2 F","0","1%","0%"
"*06yaq*","Jake Marciano","(N/A)","SP","6390","FA","20","","0","0%","0%"
"*06qr4*","Brady Marget","TB","1B,INF","6391","FA","23","@ATL Wed 7:15PM","0","0%","0%"
"*04eie*","Nick Margevicius","(N/A)","SP","6392","FA","30","","0","0%","0%"
"*02i3d*","Manuel Margot","(N/A)","OF","6393","FA","31","","0","0%","0%"
"*06jgh*","Yander Maria","CHC","SP","6394","FA","19","@MIL Wed 7:40PM","0","0%","0%"
"*06uxs*","Diovel Mariano","CLE","RP","6395","FA","22","@BAL Wed 6:35PM","0","0%","0%"
"*06icf*","Naibel Mariano","CIN","SS,INF","6396","FA","20","@LAD Wed 10:10PM","0","1%","0%"
"*06onr*","Reyli Mariano","LAD","2B,INF","6397","FA","19","CIN Wed 10:10PM","0","1%","0%"
"*06sup*","Jermaine Maricuto","(N/A)","1B,INF","6398","FA","20","","0","0%","0%"
"*06r32*","Alexis Marin","(N/A)","SP","6399","FA","21","","0","0%","0%"
"*06mi6*","Jahir Marin","(N/A)","C","6400","FA","19","","0","0%","0%"
"*05xdf*","Junior Marin","(N/A)","OF","6401","FA","22","","0","0%","0%"
"*06riv*","Liosward Marin","BOS","UT","6402","FA","20","LAA Wed 6:45PM","0","0%","0%"
"*06rft*","Manny Marin","(N/A)","SS,INF","6403","FA","21","","0","0%","0%"
"*06rkd*","Nelson Marin","(N/A)","C,1B,INF","6404","FA","20","","0","0%","0%"
"*077c3*","Victor Marin","CLE","SP","6405","FA","17","@BAL Wed 6:35PM","0","0%","0%"
"*06zev*","Louis Marinaro","TEX","RP","6406","FA","22","TEX 1<br/>@SEA 3","0","0%","0%"
"*06rl8*","Luis Marinez","(N/A)","1B,INF","6407","FA","24","","0","0%","0%"
"*06ya0*","Stiven Marinez","NYY","SS,INF","6408","FA","19","COL Wed 7:05PM","0","1%","0%"
"*077qu*","Dylan Marionneaux","CHC","SP","6409","FA","21","@MIL Wed 7:40PM","0","0%","0%"
"*02hiz*","Michael Mariot","(N/A)","SP,RP","6410","FA","37","","0","0%","0%"
"*01sit*","Jake Marisnick","(N/A)","OF","6411","FA","35","","0","0%","0%"
"*06za9*","Easton Marks","COL","SP","6412","FA","22","@NYY Wed 7:05PM","0","0%","0%"
"*05u9a*","Jordan Marks","(N/A)","RP","6413","FA","27","","0","0%","0%"
"*051fl*","Cade Marlowe","LAA","OF","6414","FA","29","@BOS Wed 6:45PM","0","2%","0%"
"*06lwl*","Eddy Marmolejos","WSH","3B,INF","6415","FA","19","WSH 2<br/>@SD 5","0","0%","0%"
"*077y9*","Anthony Marnell","ATH","C","6416","FA","22","TOR 0<br/>@ATH 2 F","0","0%","0%"
"*0730e*","Ryan Marohn","PIT","SP","6417","FA","21","@CHW Wed 7:40PM","0","0%","0%"
"*06dq2*","Landen Maroudis","TOR","SP","6418","FA","21","TOR 0<br/>@ATH 2 F","0","2%","0%"
"*0669w*","Austin Marozas","TOR","RP","6419","FA","27","TOR 0<br/>@ATH 2 F","0","0%","0%"
"*06qqr*","Anthony Marquez","SF","SS,INF","6420","FA","19","STL 6<br/>@SF 1","0","0%","0%"
"*06bj4*","Anyelo Marquez","LAA","2B,INF","6421","FA","20","@BOS Wed 6:45PM","0","0%","0%"
"*06v29*","Edinzo Marquez","NYY","SP","6422","FA","21","COL Wed 7:05PM","0","0%","0%"
"*05u1r*","Emilio Marquez","(N/A)","RP","6423","FA","28","","0","0%","0%"
"*06bn0*","Gustavo Marquez","(N/A)","OF","6424","FA","21","","0","0%","0%"
"*06kxz*","Jesus Marquez","(N/A)","1B,INF","6425","FA","20","","0","0%","0%"
"*06uvt*","Luis Marquez","TEX","2B,SS,INF","6426","FA","21","TEX 1<br/>@SEA 3","0","0%","0%"
"*06r5t*","Noslen Marquez","(N/A)","SP","6427","FA","21","","0","0%","0%"
"*06y0k*","Ramon Marquez","SF","SP","6428","FA","19","STL 6<br/>@SF 1","0","25%","0%"
"*070kr*","Victor Marquez","PIT","C","6429","FA","18","@CHW Wed 7:40PM","0","0%","0%"
"*06rw4*","Adriano Marrero","LAD","SP","6430","FA","18","CIN Wed 10:10PM","0","0%","0%"
"*06idy*","Andrew Marrero","HOU","RP","6431","FA","26","@PHI Wed 6:40PM","0","0%","0%"
"*06rt5*","Elias Marrero","(N/A)","UT","6432","FA","19","","0","0%","0%"
"*04psx*","Elih Marrero","KC","C","6433","FA","29","ARI Wed 7:40PM","0","0%","0%"
"*078vi*","Leo Marrero","BAL","C","6434","FA","18","CLE Wed 6:35PM","0","0%","0%"
"*0518e*","Wendell Marrero","(N/A)","OF","6435","FA","25","","0","0%","0%"
"*06pq7*","Mason Marriott","ARI","SP","6436","FA","24","@KC Wed 7:40PM","0","0%","0%"
"*0512c*","Alec Marsh","KC","SP","6437","FA","28","ARI Wed 7:40PM","0","4%","0%"
"*06qlb*","Chandler Marsh","BAL","RP","6438","FA","24","CLE Wed 6:35PM","0","0%","0%"
"*078u8*","Tanner Marsh","ATH","SS,INF","6439","FA","21","TOR 0<br/>@ATH 2 F","0","0%","0%"
"*06uw4*","Tatum Marsh","(N/A)","OF","6440","FA","21","","0","0%","0%"
"*078kt*","Connor Marshburn","SEA","SP","6441","FA","21","TEX 1<br/>@SEA 3","0","0%","0%"
"*06kww*","Duncan Marsten","CIN","SP","6442","FA","21","@LAD Wed 10:10PM","0","0%","0%"
"*06rk5*","Angel Marte","(N/A)","C","6443","FA","20","","0","0%","0%"
"*07618*","Edwin Marte","BAL","SP","6444","FA","19","CLE Wed 6:35PM","0","0%","0%"
"*06bl3*","Francis Marte","(N/A)","SP","6445","FA","20","","0","0%","0%"
"*04ydj*","Jose Marte","NYM","RP","6446","FA","30","@MIA Wed 6:40PM","0","0%","0%"
"*0764e*","Josehp Marte","LAD","SP,RP","6447","FA","21","CIN Wed 10:10PM","0","0%","0%"
"*066rs*","Modeifi Marte","ARI","1B,INF","6448","FA","24","@KC Wed 7:40PM","0","0%","0%"
"*06ie7*","Sabier Marte","NYY","SP","6449","FA","22","COL Wed 7:05PM","0","1%","0%"
"*073k8*","Yordany Marte","CHW","SP","6450","FA","17","PIT Wed 7:40PM","0","0%","0%"
"*06ic2*","Curley Martha","TEX","2B,INF","6451","FA","19","TEX 1<br/>@SEA 3","0","1%","0%"
"*078jq*","Brayden Martin","TOR","2B,3B,INF,OF","6452","FA","20","TOR 0<br/>@ATH 2 F","0","0%","0%"
"*06qr5*","Colby Martin","MIA","RP","6453","FA","25","NYM Wed 6:40PM","0","0%","0%"
"*066jo*","David Martin","(N/A)","C","6454","FA","25","","0","0%","0%"
"*04q4k*","Garrett Martin","NYY","OF","6455","FA","26","COL Wed 7:05PM","0","1%","0%"
"*0374g*","Jason Martin","(N/A)","OF","6456","FA","31","","0","0%","0%"
"*06h21*","Logan Martin","SF","SP","6457","FA","25","STL 6<br/>@SF 1","0","0%","0%"
"*04epq*","Mason Martin","(N/A)","1B,INF,OF","6458","FA","27","","0","0%","0%"
"*06zap*","Max Martin","HOU","RP","6459","FA","22","@PHI Wed 6:40PM","0","0%","0%"
"*06yq6*","Maximus Martin","BOS","SS,INF","6460","FA","22","LAA Wed 6:45PM","0","1%","0%"
"*06gjp*","Maxton Martin","TEX","OF","6461","FA","21","TEX 1<br/>@SEA 3","0","1%","0%"
"*066dq*","Payton Martin","LAD","SP","6462","FA","22","CIN Wed 10:10PM","0","4%","0%"
"*03pj6*","Richie Martin","COL","3B,SS,INF","6463","FA","31","@NYY Wed 7:05PM","0","0%","0%"
"*05gs8*","Robby Martin","(N/A)","OF","6464","FA","27","","0","0%","0%"
"*062cz*","Roman Martin","ATH","SS,INF","6465","FA","21","TOR 0<br/>@ATH 2 F","0","0%","0%"
"*03dwo*","Rudy Martin","TOR","OF","6466","FA","30","TOR 0<br/>@ATH 2 F","0","0%","0%"
"*066t4*","Walker Martin","SF","3B,SS,INF","6467","FA","22","STL 6<br/>@SF 1","0","4%","0%"
"*06yya*","Bryce Martin-Grudzielanek","NYY","3B,INF","6468","FA","23","COL Wed 7:05PM","0","0%","0%"
"*06ult*","Clarence Martina","WSH","RP","6469","FA","21","WSH 2<br/>@SD 5","0","0%","0%"
"*074cm*","D-Shawn Martina","ARI","OF","6470","FA","17","@KC Wed 7:40PM","0","0%","0%"
"*05u3c*","Adrian Martinez","(N/A)","RP","6471","FA","29","","0","0%","0%"
"*05y4l*","Alex Martinez","LAA","RP","6472","FA","23","@BOS Wed 6:45PM","0","0%","0%"
"*0689m*","Alexander Martinez","(N/A)","C","6473","FA","21","","0","0%","0%"
"*06r5e*","Alfonzo Martinez","TB","OF","6474","FA","20","@ATL Wed 7:15PM","0","0%","0%"
"*06qy7*","Anel Martinez","(N/A)","SP","6475","FA","21","","0","0%","0%"
"*06bpt*","Anthony Martinez","CLE","UT","6476","FA","22","@BAL Wed 6:35PM","0","1%","0%"
"*06kxu*","Browm Martinez","WSH","OF","6477","FA","19","WSH 2<br/>@SD 5","0","0%","0%"
"*06r8b*","Bryan Martinez","LAA","OF","6478","FA","20","@BOS Wed 6:45PM","0","0%","0%"
"*06z5x*","Carlos Martinez","MIA","C","6479","FA","19","NYM Wed 6:40PM","0","0%","0%"
"*0733w*","Carlos Martinez","CLE","C","6480","FA","17","@BAL Wed 6:35PM","0","0%","0%"
"*074a1*","Carlos Martinez","SEA","SP","6481","FA","19","TEX 1<br/>@SEA 3","0","0%","0%"
"*077eg*","Carlos Martinez","SF","RP","6482","FA","21","STL 6<br/>@SF 1","0","0%","0%"
"*0657n*","Chazz Martinez","KC","RP","6483","FA","26","ARI Wed 7:40PM","0","0%","0%"
"*04q3u*","Daniel Martinez","(N/A)","SP,RP","6484","FA","28","","0","0%","0%"
"*077yz*","Dioris Martinez","PIT","RP","6485","FA","20","@CHW Wed 7:40PM","0","0%","0%"
"*076ro*","Eddson Martinez","SD","OF","6486","FA","19","WSH 2<br/>@SD 5","0","0%","0%"
"*06sa0*","Emil Martinez","(N/A)","SS,INF","6487","FA","18","","0","0%","0%"
"*06er5*","Emmanuel Martinez","(N/A)","RP","6488","FA","23","","0","0%","0%"
"*06rho*","Eric Martinez","MIL","C","6489","FA","22","CHC Wed 7:40PM","0","0%","0%"
"*06sui*","Felix Martinez","(N/A)","RP","6490","FA","24","","0","0%","0%"
"*06bl4*","Frank Martinez","TEX","RP","6491","FA","24","TEX 1<br/>@SEA 3","0","0%","0%"
"*05ycw*","Gabriel Martinez","(N/A)","OF","6492","FA","24","","0","1%","0%"
"*0776j*","Geomaikel Martinez","BOS","OF","6493","FA","18","LAA Wed 6:45PM","0","0%","0%"
"*06qwk*","Izaak Martinez","CLE","RP","6494","FA","24","@BAL Wed 6:35PM","0","0%","0%"
"*04m8w*","J.P. Martinez","(N/A)","OF","6495","FA","30","","0","0%","0%"
"*06z00*","Jack Martinez","STL","SP,RP","6496","FA","23","STL 6<br/>@SF 1","0","0%","0%"
"*0730o*","Jaims Martinez","CHC","SS,INF","6497","FA","18","@MIL Wed 7:40PM","0","1%","0%"
"*06mf0*","Jaset Martinez","CIN","1B,INF","6498","FA","19","@LAD Wed 10:10PM","0","0%","0%"
"*074vm*","Jendy Martinez","MIN","SS,INF","6499","FA","17","MIN 2<br/>@DET 7 F","0","0%","0%"
"*066m6*","Jeter Martinez","PIT","SP","6500","FA","20","@CHW Wed 7:40PM","0","4%","0%"
"*06ifp*","Jonathan Martinez","CLE","2B,INF","6501","FA","20","@BAL Wed 6:35PM","0","0%","0%"
"*06s3o*","Jose Martinez","NYY","RP","6502","FA","21","COL Wed 7:05PM","0","0%","0%"
"*04dws*","Ernesto Martinez, Jr.","NYY","1B,INF","6540","FA","27","COL Wed 7:05PM","0","1%","0%"
"*06meh*","Juan Martinez","CHW","1B,INF,OF","6503","FA","19","PIT Wed 7:40PM","0","0%","0%"
"*06qxu*","Juan Martinez","COL","2B,3B,INF","6504","FA","19","@NYY Wed 7:05PM","0","6%","0%"
"*06u6p*","Juan Martinez","(N/A)","SP","6505","FA","23","","0","0%","0%"
"*06rfo*","Kendry Martinez","SEA","2B,INF","6541","FA","18","TEX 1<br/>@SEA 3","0","1%","0%"
"*06uwd*","Kevin Martinez","COL","SP","6506","FA","18","@NYY Wed 7:05PM","0","0%","0%"
"*06ut2*","Keyner Martinez","SF","SP,RP","6507","FA","22","STL 6<br/>@SF 1","0","6%","0%"
"*06mbp*","Larry Martinez","TB","1B,INF","6508","FA","21","@ATL Wed 7:15PM","0","0%","0%"
"*06s7q*","Liomar Martinez","MIA","SP","6509","FA","21","NYM Wed 6:40PM","0","2%","0%"
"*06rgu*","Luis Martinez","(N/A)","1B,INF","6510","FA","20","","0","0%","0%"
"*06z03*","Maison Martinez","CIN","RP","6511","FA","22","@LAD Wed 10:10PM","0","0%","0%"
"*061a5*","Maximo Martinez","(N/A)","RP","6512","FA","22","","0","0%","0%"
"*06qyf*","Michael Martinez","(N/A)","RP","6513","FA","27","","0","0%","0%"
"*06r2s*","Michael Martinez","ATL","OF","6514","FA","19","TB Wed 7:15PM","0","3%","0%"
"*04mms*","Orelvis Martinez","(N/A)","2B,INF","6515","FA","24","","0","4%","0%"
"*04qnf*","Orlando Martinez","TEX","OF","6516","FA","28","TEX 1<br/>@SEA 3","0","0%","0%"
"*076qo*","Pablo Martinez","HOU","SS,INF","6517","FA","18","@PHI Wed 6:40PM","0","0%","0%"
"*04rvw*","Pedro Martinez","(N/A)","SS,INF","6518","FA","25","","0","0%","0%"
"*0664m*","Quinton Martinez","(N/A)","SP","6519","FA","27","","0","0%","0%"
"*04n0g*","Raidel Martinez","(N/A)","SP","6520","FA","29","","0","0%","0%"
"*06r16*","Randol Martinez","(N/A)","RP","6521","FA","19","","0","0%","0%"
"*06kx7*","Randy Martinez","CLE","1B,INF","6522","FA","19","@BAL Wed 6:35PM","0","0%","0%"
"*05t7u*","Raudelis Martinez","BOS","1B,INF","6523","FA","24","LAA Wed 6:45PM","0","0%","0%"
"*06qtd*","Robinson Martinez","(N/A)","RP","6524","FA","28","","0","0%","0%"
"*03mon*","Rodolfo Martinez","(N/A)","RP","6525","FA","32","","0","0%","0%"
"*06tzw*","Santiago Martinez","MIL","SP","6526","FA","18","CHC Wed 7:40PM","0","0%","0%"
"*0730y*","Santiago Martinez","HOU","3B,SS,INF","6527","FA","18","@PHI Wed 6:40PM","0","0%","0%"
"*06jh5*","Stiven Martinez","BAL","OF","6528","FA","19","CLE Wed 6:35PM","0","2%","0%"
"*06qk7*","Xavier Martinez","CLE","RP","6529","FA","23","@BAL Wed 6:35PM","0","0%","0%"
"*06l3l*","Yeral Martinez","(N/A)","1B,INF","6530","FA","23","","0","0%","0%"
"*057ah*","Yohander Martinez","(N/A)","SS,INF","6531","FA","24","","0","0%","0%"
"*06mva*","Yordani Martinez","MIA","2B,INF","6532","FA","19","NYM Wed 6:40PM","0","0%","0%"
"*06giu*","Luis Martinez-Gomez","CHC","RP","6533","FA","23","@MIL Wed 7:40PM","0","0%","0%"
"*02bvk*","Nick Martini","(N/A)","OF","6534","FA","36","","0","0%","0%"
"*060qg*","Mairoshendrick Martinus","LAD","3B,SS,INF,OF","6535","FA","21","CIN Wed 10:10PM","0","1%","0%"
"*06qzp*","Shendrion Martinus","CIN","3B,INF","6536","FA","19","@LAD Wed 10:10PM","0","0%","0%"
"*0780a*","Ryan Marton","CHC","RP","6537","FA","21","@MIL Wed 7:40PM","0","0%","0%"
"*051c0*","Brandon Martorano","(N/A)","C","6538","FA","28","","0","0%","0%"
"*0648v*","Nathan Martorella","(N/A)","1B,INF","6539","FA","25","","0","1%","0%"
"*06h1u*","Jack Maruskin","(N/A)","SP","6542","FA","26","","0","0%","0%"
"*0648t*","J.P. Massey","(N/A)","RP","6543","FA","26","","0","0%","0%"
"*06dn0*","Michael Massey","DET","SP","6544","FA","23","MIN 2<br/>@DET 7 F","0","1%","0%"
"*06fu1*","Cameron Masterman","(N/A)","OF","6545","FA","27","","0","0%","0%"
"*0757q*","Andy Mata","DET","3B,INF","6546","FA","18","MIN 2<br/>@DET 7 F","0","0%","0%"
"*075li*","Angel Mata","PHI","C","6547","FA","21","HOU Wed 6:40PM","0","0%","0%"
"*04ahc*","Bryan Mata","(N/A)","RP","6548","FA","27","","0","1%","0%"
"*06z5w*","Richer Mata","KC","1B,INF","6549","FA","18","ARI Wed 7:40PM","0","0%","0%"
"*077eq*","Jace Mataczynski","BOS","SS,INF","6550","FA","18","LAA Wed 6:45PM","0","0%","0%"
"*067ww*","Angel Mateo","TB","OF","6551","FA","21","@ATL Wed 7:15PM","0","0%","0%"
"*06ics*","Carlos Mateo","PIT","RP","6552","FA","20","@CHW Wed 7:40PM","0","0%","0%"
"*076gk*","Cesar Mateo","TEX","SS,INF","6553","FA","17","TEX 1<br/>@SEA 3","0","0%","0%"
"*05xp5*","Daniel Mateo","(N/A)","OF","6554","FA","25","","0","0%","0%"
"*06r2w*","Juan Mateo","ATL","3B,INF","6555","FA","19","TB Wed 7:15PM","0","0%","0%"
"*077bu*","Marcos Mateo","CHC","SS,INF","6556","FA","17","@MIL Wed 7:40PM","0","0%","0%"
"*04euk*","Shane Matheny","(N/A)","1B,INF","6557","FA","30","","0","0%","0%"
"*066t9*","Juan Matheus","MIA","3B,INF","6558","FA","22","NYM Wed 6:40PM","0","1%","0%"
"*06qii*","Jack Mathey","SD","C","6559","FA","23","WSH 2<br/>@SD 5","0","0%","0%"
"*03qkb*","Mark Mathias","(N/A)","2B,INF","6560","FA","32","","0","0%","0%"
"*070dv*","Dylan Mathiesen","PIT","SP","6561","FA","22","@CHW Wed 7:40PM","0","0%","0%"
"*06qsy*","Ryan Mathiesen","HOU","RP","6562","FA","23","@PHI Wed 6:40PM","0","0%","0%"
"*06j3h*","Cole Mathis","NYM","3B,INF","6563","FA","23","@MIA Wed 6:40PM","0","5%","0%"
"*06pgl*","Carter Mathison","PHI","OF","6564","FA","23","HOU Wed 6:40PM","0","0%","0%"
"*06muy*","Carlos Matias","TB","OF","6565","FA","19","@ATL Wed 7:15PM","0","0%","0%"
"*06jd5*","Richard Matic","NYY","3B,INF","6566","FA","19","COL Wed 7:05PM","0","3%","0%"
"*03dub*","J.J. Matijevic","(N/A)","1B,INF","6567","FA","30","","0","0%","0%"
"*06akq*","David Matoma","PIT","RP","6568","FA","20","@CHW Wed 7:40PM","0","1%","0%"
"*0669u*","Jacob Maton","(N/A)","SP","6569","FA","27","","0","0%","0%"
"*04ei5*","Nick Maton","(N/A)","UT","6570","FA","29","","0","0%","0%"
"*0777d*","Alfiery Matos","NYY","OF","6571","FA","18","COL Wed 7:05PM","0","0%","0%"
"*06amm*","Delvis Matos","(N/A)","OF","6572","FA","21","","0","0%","0%"
"*06v2q*","Dwayne Matos","(N/A)","SP","6573","FA","25","","0","0%","0%"
"*06k87*","Erick Matos","ATH","SP","6574","FA","19","TOR 0<br/>@ATH 2 F","0","0%","0%"
"*0769m*","Leanders Matos","MIL","SS,INF","6575","FA","17","CHC Wed 7:40PM","0","9%","0%"
"*06qu2*","Sean Matson","CLE","SP,RP","6576","FA","24","@BAL Wed 6:35PM","0","0%","0%"
"*072wm*","Haru Matsumoto","(N/A)","RP","6577","FA","25","","0","0%","0%"
"*06qs2*","Shion Matsuo","(N/A)","C","6578","FA","22","","0","0%","0%"
"*06kto*","Shinya Matsuyama","(N/A)","SP","6579","FA","26","","0","0%","0%"
"*06giq*","Case Matter","TEX","RP","6580","FA","24","TEX 1<br/>@SEA 3","0","0%","0%"
"*06taf*","Jason Matthews","CHW","3B,INF","6581","FA","29","PIT Wed 7:40PM","0","0%","0%"
"*0516a*","John Matthews","(N/A)","RP","6582","FA","28","","0","0%","0%"
"*05u3t*","Micah Matthews","(N/A)","3B,INF","6583","FA","20","","0","0%","0%"
"*07808*","Matthew Matthijs","SEA","RP","6584","FA","22","TEX 1<br/>@SEA 3","0","0%","0%"
"*06l3j*","Connor Mattison","MIN","SP","6585","FA","21","MIN 2<br/>@DET 7 F","0","0%","0%"
"*05xom*","Tyler Mattison","DET","SP","6586","FA","27","MIN 2<br/>@DET 7 F","0","1%","0%"
"*01iz0*","Tyler Matzek","(N/A)","RP","6587","FA","35","","0","0%","0%"
"*06ahc*","Alex Mauricio","(N/A)","RP","6588","FA","29","","0","0%","0%"
"*078ub*","Dominic Mauro","ATH","RP","6589","FA","21","TOR 0<br/>@ATH 2 F","0","0%","0%"
"*070dd*","Logan Maxwell","NYY","OF","6590","FA","23","COL Wed 7:05PM","0","0%","0%"
"*06mwh*","Aiden May","COL","SP","6591","FA","23","@NYY Wed 7:05PM","0","2%","0%"
"*078fc*","Ian May","LAD","RP","6592","FA","23","CIN Wed 10:10PM","0","0%","0%"
"*059c2*","Seth Mayberry","(N/A)","RP","6593","FA","26","","0","0%","0%"
"*05rez*","Brando Mayea","NYY","OF","6594","FA","20","COL Wed 7:05PM","0","6%","0%"
"*06qra*","Bryce Mayer","HOU","SP","6595","FA","24","@PHI Wed 6:40PM","0","9%","0%"
"*0514a*","Gunner Mayer","SEA","RP","6596","FA","26","TEX 1<br/>@SEA 3","0","0%","0%"
"*06c5n*","Jacob Mayers","BOS","RP","6597","FA","22","LAA Wed 6:45PM","0","0%","0%"
"*06lp4*","Kash Mayfield","DET","SP","6598","FA","21","MIN 2<br/>@DET 7 F","0","28%","0%"
"*06yts*","Diustin Mayorquin","MIL","SP","6599","FA","18","CHC Wed 7:40PM","0","1%","0%"
"*060gg*","Adam Mazur","MIA","SP","6600","FA","25","NYM Wed 6:40PM","0","5%","0%"
"*06qky*","Niko Mazza","SF","SP","6601","FA","24","STL 6<br/>@SF 1","0","0%","0%"
"*078p1*","Colter McAnelly","MIN","SP","6602","FA","21","MIN 2<br/>@DET 7 F","0","0%","0%"
"*04pw3*","James McArthur","KC","RP","6603","FA","29","ARI Wed 7:40PM","0","2%","0%"
"*06twb*","Aric McAtee","CHW","RP","6604","FA","26","PIT Wed 7:40PM","0","0%","0%"
"*0757c*","Nick McAuliffe","MIN","RP","6605","FA","26","MIN 2<br/>@DET 7 F","0","0%","0%"
"*0512h*","Michael McAvene","(N/A)","SP,RP","6606","FA","29","","0","0%","0%"
"*06alp*","Ben McCabe","COL","C","6607","FA","26","@NYY Wed 7:05PM","0","0%","0%"
"*06485*","David McCabe","ATL","1B,3B,INF","6608","FA","26","TB Wed 7:15PM","0","1%","0%"
"*070dc*","David McCann","NYY","C","6609","FA","22","COL Wed 7:05PM","0","0%","0%"
"*0513b*","Kyle McCann","COL","C","6610","FA","28","@NYY Wed 7:05PM","0","0%","0%"
"*05xow*","Jordan McCants","(N/A)","2B,SS,INF","6611","FA","24","","0","0%","0%"
"*06qqs*","T.J. McCants","(N/A)","OF","6612","FA","25","","0","0%","0%"
"*0780i*","Duke McCarron","MIA","RP","6613","FA","22","NYM Wed 6:40PM","0","0%","0%"
"*0730a*","Kaiden McCarthy","ATL","SP","6614","FA","18","TB Wed 7:15PM","0","0%","0%"
"*074vr*","Nolan McCarthy","DET","OF","6615","FA","24","MIN 2<br/>@DET 7 F","0","0%","0%"
"*05y5h*","DJ McCarty","TEX","SP","6616","FA","24","TEX 1<br/>@SEA 3","0","0%","0%"
"*0669q*","Ryan McCarty","PIT","2B,INF,OF","6617","FA","27","@CHW Wed 7:40PM","0","0%","0%"
"*04em5*","Darren McCaughan","(N/A)","RP","6618","FA","30","","0","0%","0%"
"*06zlg*","Will McCausland","CLE","SP,RP","6619","FA","22","@BAL Wed 6:35PM","0","0%","0%"
"*077o9*","Crew McChesney","CHW","OF","6620","FA","21","PIT Wed 7:40PM","0","0%","0%"
"*06gji*","Nik McClaughry","(N/A)","SS,INF","6621","FA","26","","0","0%","0%"
"*06igv*","Dexter McCleon Jr","(N/A)","1B,INF","6622","FA","16","","0","1%","0%"
"*06hj4*","Zac McCleve","(N/A)","RP","6623","FA","26","","0","0%","0%"
"*077z5*","Jatniel McCloud","MIA","OF","6624","FA","19","NYM Wed 6:40PM","0","0%","0%"
"*072ef*","LeTrey McCollum","LAA","OF","6625","FA","23","@BOS Wed 6:45PM","0","0%","0%"
"*068vt*","Tommy McCollum","TB","RP","6626","FA","27","@ATL Wed 7:15PM","0","0%","0%"
"*06zlk*","Jacob McCombs","MIN","OF","6627","FA","22","MIN 2<br/>@DET 7 F","0","0%","0%"
"*06z7n*","Mason McConnaughey","TEX","SP","6628","FA","22","TEX 1<br/>@SEA 3","0","1%","0%"
"*06qhv*","Cole McConnell","(N/A)","OF","6629","FA","26","","0","0%","0%"
"*04esz*","Chas McCormick","CHC","OF","6630","FA","31","@MIL Wed 7:40PM","0","2%","0%"
"*06qig*","Alex McCoy","SD","OF","6631","FA","24","WSH 2<br/>@SD 5","0","1%","0%"
"*06av8*","Kyle McCoy","CIN","SP","6632","FA","22","@LAD Wed 10:10PM","0","0%","0%"
"*04ehx*","Mason McCoy","SD","SS,INF","6633","FA","31","WSH 2<br/>@SD 5","0","0%","0%"
"*06aht*","Ryan McCoy","TB","OF","6634","FA","24","@ATL Wed 7:15PM","0","0%","0%"
"*07715*","Mason McCraine","(N/A)","1B,INF","6635","FA","20","","0","0%","0%"
"*06hnh*","Mac McCroskey","LAA","2B,SS,INF","6636","FA","26","@BOS Wed 6:45PM","0","0%","0%"
"*06qu4*","Ryan McCrystal","CIN","C,1B,INF","6637","FA","23","@LAD Wed 10:10PM","0","0%","0%"
"*06655*","Brody McCullough","CHC","SP","6638","FA","26","@MIL Wed 7:40PM","0","1%","0%"
"*0662x*","Connor McCullough","CHW","SP","6639","FA","26","PIT Wed 7:40PM","0","0%","0%"
"*06cqb*","Carson McCusker","(N/A)","OF","6640","FA","28","","0","0%","0%"
"*06zi3*","Jake McCutcheon","MIA","OF","6641","FA","22","NYM Wed 6:40PM","0","0%","0%"
"*06qin*","Charlie McDaniel","SF","SP,RP","6642","FA","25","STL 6<br/>@SF 1","0","0%","0%"
"*0662w*","Drew McDaniel","CHW","SP","6643","FA","26","PIT Wed 7:40PM","0","0%","0%"
"*06eks*","Quinn McDaniel","MIN","2B,INF","6644","FA","23","MIN 2<br/>@DET 7 F","0","0%","0%"
"*06qyw*","Garrett McDaniels","LAD","RP","6645","FA","26","CIN Wed 10:10PM","0","0%","0%"
"*078n6*","Josh McDevitt","ARI","SP","6646","FA","22","@KC Wed 7:40PM","0","0%","0%"
"*06tvl*","Ryan McDonagh","KC","SP","6647","FA","20","ARI Wed 7:40PM","0","0%","0%"
"*072nq*","Caden McDonald","(N/A)","RP","6648","FA","21","","0","0%","0%"
"*078qw*","Riley McDonald","KC","SP","6649","FA","19","ARI Wed 7:40PM","0","0%","0%"
"*06gj2*","LJ McDonough","ATL","RP","6650","FA","26","TB Wed 7:15PM","0","0%","0%"
"*05ung*","Tyler McDonough","BOS","SS,INF","6651","FA","27","LAA Wed 6:45PM","0","0%","0%"
"*076sf*","Maddox McDougall","(N/A)","RP","6652","FA","20","","0","0%","0%"
"*03qrb*","Max McDowell","(N/A)","C","6653","FA","32","","0","0%","0%"
"*06qps*","Micah McDowell","(N/A)","OF","6654","FA","25","","0","0%","0%"
"*06uvx*","Walker McDuffie","(N/A)","RP","6655","FA","20","","0","0%","0%"
"*05zy8*","Chris McElvain","TOR","SP","6656","FA","25","TOR 0<br/>@ATH 2 F","0","0%","0%"
"*06ieu*","Ethan McElvain","KC","SP","6657","FA","21","ARI Wed 7:40PM","0","0%","0%"
"*05xyv*","Daniel McElveny","(N/A)","C","6658","FA","23","","0","0%","0%"
"*04env*","Aaron McGarity","(N/A)","RP","6659","FA","31","","0","0%","0%"
"*05uni*","Griff McGarry","LAD","SP,RP","6660","FA","27","CIN Wed 10:10PM","0","4%","0%"
"*0603s*","Haydn McGeary","(N/A)","C,1B,INF","6661","FA","26","","0","1%","0%"
"*062k8*","Cade McGee","STL","2B,3B,INF","6662","FA","23","STL 6<br/>@SF 1","0","0%","0%"
"*06zf2*","Jonny McGill","LAA","OF","6663","FA","24","@BOS Wed 6:45PM","0","0%","0%"
"*06yw9*","Connor McGinnis","NYY","2B,INF","6664","FA","23","COL Wed 7:05PM","0","0%","0%"
"*02btq*","Scott McGough","(N/A)","RP","6665","FA","36","","0","0%","0%"
"*051ip*","Trey McGough","(N/A)","RP","6666","FA","28","","0","0%","0%"
"*05y68*","Bryce McGowan","COL","RP","6667","FA","26","@NYY Wed 7:05PM","0","0%","0%"
"*05xpu*","Christian McGowan","PHI","SP","6668","FA","26","HOU Wed 6:40PM","0","0%","0%"
"*06z4a*","Cooper McGrath","SF","RP","6669","FA","25","STL 6<br/>@SF 1","0","0%","0%"
"*078v5*","Luke McGrath","CHC","RP","6670","FA","21","@MIL Wed 7:40PM","0","0%","0%"
"*05yiv*","Teddy McGraw","SEA","SP","6671","FA","25","TEX 1<br/>@SEA 3","0","2%","0%"
"*06qpj*","Logan McGuire","CLE","RP","6672","FA","23","@BAL Wed 6:35PM","0","0%","0%"
"*05ynw*","Shane McGuire","ATH","C,1B,INF","6673","FA","27","TOR 0<br/>@ATH 2 F","0","0%","0%"
"*078s2*","Tate McGuire","LAA","SP,RP","6674","FA","22","@BOS Wed 6:45PM","0","0%","0%"
"*05zdb*","Mason McGwire","LAA","SP","6675","FA","22","@BOS Wed 6:45PM","0","4%","0%"
"*05zd8*","Max McGwire","ATH","1B,INF","6676","FA","23","TOR 0<br/>@ATH 2 F","0","0%","0%"
"*0669k*","John McHenry","(N/A)","SS,INF","6677","FA","25","","0","0%","0%"
"*078lu*","Chris McHugh","SD","1B,INF","6678","FA","21","WSH 2<br/>@SD 5","0","0%","0%"
"*05yi0*","Paul McIntosh","PHI","C","6679","FA","28","HOU Wed 6:40PM","0","0%","0%"
"*06qof*","Dalton McIntyre","ATL","OF","6680","FA","23","TB Wed 7:15PM","0","0%","0%"
"*05y4u*","Donovan McIntyre","(N/A)","OF","6681","FA","23","","0","0%","0%"
"*04pz8*","Tyler McKay","(N/A)","RP","6682","FA","29","","0","0%","0%"
"*078k6*","Tate McKee","TB","SP","6683","FA","22","@ATL Wed 7:15PM","0","0%","0%"
"*06lex*","Aaron McKeithan","SEA","C","6684","FA","26","TEX 1<br/>@SEA 3","0","0%","0%"
"*0516m*","Evan McKendry","MIA","SP,RP","6685","FA","28","NYM Wed 6:40PM","0","0%","0%"
"*03qkw*","Ryan McKenna","(N/A)","OF","6686","FA","29","","0","0%","0%"
"*06rw3*","Briggs McKenzie","ATL","SP","6687","FA","19","TB Wed 7:15PM","0","20%","0%"
"*05txw*","Jared McKenzie","(N/A)","OF","6688","FA","25","","0","0%","0%"
"*03pon*","Triston McKenzie","(N/A)","RP","6689","FA","29","","0","2%","0%"
"*0310d*","Billy McKinney","(N/A)","OF","6690","FA","32","","0","0%","0%"
"*078u7*","Collin McKinney","BAL","SP","6691","FA","22","CLE Wed 6:35PM","0","0%","0%"
"*05yis*","Nick McLain","CHW","OF","6692","FA","23","PIT Wed 7:40PM","0","1%","0%"
"*05yax*","Sean McLain","LAD","SS,INF","6693","FA","25","CIN Wed 10:10PM","0","0%","0%"
"*06que*","Ben McLaughlin","ARI","1B,INF","6694","FA","24","@KC Wed 7:40PM","0","0%","0%"
"*05yhs*","J.D. McLaughlin","(N/A)","OF","6695","FA","25","","0","0%","0%"
"*0657a*","Mark McLaughlin","CHW","RP","6696","FA","25","PIT Wed 7:40PM","0","0%","0%"
"*06aqj*","Trey McLoughlin","HOU","RP","6697","FA","27","@PHI Wed 6:40PM","0","0%","0%"
"*07032*","Tyler McLoughlin","NYM","SP,RP","6698","FA","24","@MIA Wed 6:40PM","0","0%","0%"
"*06yzt*","Rylan McMahan","(N/A)","SP","6699","FA","18","","0","0%","0%"
"*05170*","Hunter McMahon","(N/A)","SP,RP","6700","FA","28","","0","0%","0%"
"*06hw8*","Garrett McMillan","PIT","SP","6701","FA","25","@CHW Wed 7:40PM","0","0%","0%"
"*0423z*","John McMillon","(N/A)","RP","6702","FA","28","","0","1%","0%"
"*075g9*","Cooper McMurray","ATL","1B,INF","6703","FA","24","TB Wed 7:15PM","0","0%","0%"
"*05y0v*","Brennon McNair","(N/A)","OF","6704","FA","23","","0","0%","0%"
"*06uxr*","Caleb McNeely","(N/A)","OF","6705","FA","26","","0","0%","0%"
"*068jh*","Luke McNeillie","NYM","SP","6706","FA","21","@MIA Wed 6:40PM","0","0%","0%"
"*074vz*","Brandon McPherson","HOU","SP","6707","FA","26","@PHI Wed 6:40PM","0","0%","0%"
"*073sm*","Ryan McPherson","(N/A)","RP","6708","FA","20","","0","0%","0%"
"*072ez*","Jay McQueen","TEX","OF","6709","FA","19","TEX 1<br/>@SEA 3","0","2%","0%"
"*07038*","J.D. McReynolds","TEX","RP","6710","FA","23","TEX 1<br/>@SEA 3","0","0%","0%"
"*06qtg*","Matt McShane","BOS","RP","6711","FA","23","LAA Wed 6:45PM","0","0%","0%"
"*06suw*","Jake McSteen","(N/A)","RP","6712","FA","30","","0","0%","0%"
"*051cu*","Morgan McSweeney","BOS","SP","6713","FA","28","LAA Wed 6:45PM","0","0%","0%"
"*03dgk*","Sam McWilliams","BOS","RP","6714","FA","31","LAA Wed 6:45PM","0","0%","0%"
"*06ek2*","Xavier Meachem","MIA","RP","6715","FA","24","NYM Wed 6:40PM","0","0%","0%"
"*06498*","Jacob Meador","(N/A)","SP,RP","6716","FA","25","","0","0%","0%"
"*03dim*","John Means","KC","SP","6717","FA","33","ARI Wed 7:40PM","0","3%","0%"
"*06mnf*","Bryce Meccage","MIL","SP","6718","FA","20","CHC Wed 7:40PM","0","5%","0%"
"*06yzv*","Kyler Meccage","(N/A)","OF","6719","FA","18","","0","0%","0%"
"*05mrh*","Kade Mechals","(N/A)","SP,RP","6720","FA","28","","0","0%","0%"
"*06qnp*","Alexander Meckley","WSH","SP","6721","FA","23","WSH 2<br/>@SD 5","0","0%","0%"
"*03rrh*","Adonis Medina","(N/A)","RP","6722","FA","29","","0","0%","0%"
"*06sbs*","Albert Medina","ARI","OF","6723","FA","18","@KC Wed 7:40PM","0","0%","0%"
"*06lwk*","Alver Medina","(N/A)","3B,INF","6724","FA","19","","0","0%","0%"
"*06kvq*","Amilcar Medina","ATH","RP","6725","FA","22","TOR 0<br/>@ATH 2 F","0","0%","0%"
"*074w1*","Carlos Medina","SD","SP","6726","FA","21","WSH 2<br/>@SD 5","0","0%","0%"
"*06kxv*","Dilan Medina","(N/A)","OF","6727","FA","20","","0","0%","0%"
"*06cmq*","Elias Medina","LAD","OF","6728","FA","20","CIN Wed 10:10PM","0","1%","0%"
"*06c38*","Jhon Medina","COL","SP","6729","FA","20","@NYY Wed 7:05PM","0","0%","0%"
"*06r7t*","Johandi Medina","TOR","RP","6730","FA","19","TOR 0<br/>@ATH 2 F","0","0%","0%"
"*066s0*","Jose Medina","(N/A)","1B,INF","6731","FA","21","","0","0%","0%"
"*06mia*","Juan Medina","(N/A)","SP","6732","FA","19","","0","0%","0%"
"*063u5*","Manuel Medina","(N/A)","RP","6733","FA","24","","0","0%","0%"
"*07783*","Maximin Medina","WSH","SP","6734","FA","18","WSH 2<br/>@SD 5","0","0%","0%"
"*06v2a*","Raimel Medina","KC","OF","6735","FA","21","ARI Wed 7:40PM","0","0%","0%"
"*06ric*","Ramcell Medina","KC","SS,INF","6736","FA","18","ARI Wed 7:40PM","0","1%","0%"
"*06rhw*","Raymer Medina","TB","SS,INF","6737","FA","18","@ATL Wed 7:15PM","0","1%","0%"
"*06mmz*","Roberto Medina","TB","RP","6738","FA","21","@ATL Wed 7:15PM","0","0%","0%"
"*06r0i*","Ruben Medina","TEX","SP","6739","FA","21","TEX 1<br/>@SEA 3","0","0%","0%"
"*06c34*","Yorfran Medina","(N/A)","1B,INF","6740","FA","21","","0","0%","0%"
"*05upb*","James Meeker","(N/A)","RP","6741","FA","31","","0","0%","0%"
"*077z2*","Drake Meeks","DET","RP","6742","FA","21","MIN 2<br/>@DET 7 F","0","0%","0%"
"*06zf1*","Chase Meggers","NYM","C","6743","FA","23","@MIA Wed 6:40PM","0","0%","0%"
"*04ywk*","Tylor Megill","NYM","SP","6744","FA","31","@MIA Wed 6:40PM","0","10%","0%"
"*05yng*","Justin Meis","PIT","RP","6745","FA","26","@CHW Wed 7:40PM","0","0%","0%"
"*06kul*","Adriander Mejia","BAL","C","6746","FA","20","CLE Wed 6:35PM","0","0%","0%"
"*0776v*","Angel Mejia","SD","C","6747","FA","18","WSH 2<br/>@SD 5","0","0%","0%"
"*05w9d*","Enmanuel Mejia","(N/A)","RP","6748","FA","27","","0","0%","0%"
"*03mog*","Erick Mejia","WSH","RP","6749","FA","31","WSH 2<br/>@SD 5","0","0%","0%"
"*077a5*","Ernesto Mejia","KC","RP","6750","FA","17","ARI Wed 7:40PM","0","0%","0%"
"*06jfn*","Esteban Mejia","BAL","SP","6751","FA","19","CLE Wed 6:35PM","0","15%","0%"
"*06lvd*","Esteban Mejia","TEX","3B,SS,INF","6752","FA","21","TEX 1<br/>@SEA 3","0","0%","0%"
"*03a95*","Francisco Mejia","(N/A)","C","6753","FA","30","","0","0%","0%"
"*06585*","Ian Mejia","ATL","SP","6754","FA","26","TB Wed 7:15PM","0","1%","0%"
"*06sbv*","Ismael Mejia","ARI","1B,INF","6755","FA","18","@KC Wed 7:40PM","0","0%","0%"
"*04o64*","J.C. Mejia","(N/A)","RP","6756","FA","30","","0","0%","0%"
"*05ucg*","Jonathan Mejia","STL","2B,SS,INF","6757","FA","21","STL 6<br/>@SF 1","0","1%","0%"
"*06biu*","Jose Mejia","ARI","3B,INF","6758","FA","20","@KC Wed 7:40PM","0","1%","0%"
"*06rot*","Jose Mejia","KC","SP","6759","FA","19","ARI Wed 7:40PM","0","0%","0%"
"*06uls*","Naoel Mejia","PHI","RP","6760","FA","24","HOU Wed 6:40PM","0","0%","0%"
"*06r4k*","Omar Mejia","KC","3B,INF","6761","FA","19","ARI Wed 7:40PM","0","0%","0%"
"*075lf*","Rordy Mejia","SD","RP","6762","FA","21","WSH 2<br/>@SD 5","0","0%","0%"
"*06ktl*","Samuel Mejia","(N/A)","RP","6763","FA","24","","0","0%","0%"
"*06fi0*","Sandy Mejia","HOU","SP","6764","FA","22","@PHI Wed 6:40PM","0","0%","0%"
"*05xzy*","Alvaro Mejias","TB","RP","6765","FA","22","@ATL Wed 7:15PM","0","0%","0%"
"*05tcf*","Manuel Mejias","(N/A)","C","6766","FA","22","","0","0%","0%"
"*06lfw*","Ubert Mejias","SF","RP","6767","FA","25","STL 6<br/>@SF 1","0","0%","0%"
"*072if*","Ezequiel Melburne","LAD","SS,INF","6768","FA","17","CIN Wed 10:10PM","0","1%","0%"
"*04nkc*","Alejandro Melean","(N/A)","RP","6769","FA","25","","0","0%","0%"
"*06zf6*","Adiel Melendez","ATL","SP","6770","FA","24","TB Wed 7:15PM","0","0%","0%"
"*06rht*","Anderson Melendez","(N/A)","RP","6771","FA","23","","0","0%","0%"
"*06pfl*","Cristofer Melendez","(N/A)","RP","6772","FA","28","","0","0%","0%"
"*077s3*","Danny Melendez","NYM","SS,INF","6773","FA","19","@MIA Wed 6:40PM","0","0%","0%"
"*06um1*","Edwardo Melendez","CHC","SP,RP","6774","FA","22","@MIL Wed 7:40PM","0","0%","0%"
"*06z9u*","Gustavo Melendez","PIT","SS,INF","6775","FA","18","@CHW Wed 7:40PM","0","1%","0%"
"*060ih*","Ivan Melendez","(N/A)","1B,INF","6776","FA","26","","0","2%","0%"
"*05t5w*","Jaime Melendez","(N/A)","SP,RP","6777","FA","24","","0","0%","0%"
"*078xs*","Kenneth Melendez","NYY","C,1B,INF","6778","FA","17","COL Wed 7:05PM","0","0%","0%"
"*06fqw*","Yahil Melendez","CHC","SS,INF","6779","FA","21","@MIL Wed 7:40PM","0","1%","0%"
"*06r1t*","Oscar Melgarejo","CLE","SP","6780","FA","20","@BAL Wed 6:35PM","0","0%","0%"
"*06lwf*","Leandy Mella","DET","OF","6781","FA","19","MIN 2<br/>@DET 7 F","0","0%","0%"
"*061gx*","Jacob Melton","TB","OF","6782","FA","26","@ATL Wed 7:15PM","0","24%","0%"
"*06l51*","Bryan Mena","PIT","SP,RP","6783","FA","22","@CHW Wed 7:40PM","0","0%","0%"
"*05ita*","Cristian Mena","ARI","RP","6784","FA","23","@KC Wed 7:40PM","0","5%","0%"
"*0527e*","Ismael Mena","(N/A)","OF","6785","FA","23","","0","1%","0%"
"*06bkx*","Walvin Mena","ARI","RP","6786","FA","20","@KC Wed 7:40PM","0","0%","0%"
"*06qf0*","Chipper Menard","(N/A)","SP,RP","6787","FA","24","","0","0%","0%"
"*05u6j*","Wes Mendes","HOU","SP","6788","FA","21","@PHI Wed 6:40PM","0","0%","0%"
"*060yp*","Alberto Mendez","(N/A)","2B,3B,INF","6789","FA","21","","0","0%","0%"
"*06u6o*","Alejandro Mendez","(N/A)","RP","7233","FA","25","","0","0%","0%"
"*0737m*","Brayan Mendez","HOU","OF","6790","FA","17","@PHI Wed 6:40PM","0","0%","0%"
"*06rs0*","Bryant Mendez","SEA","2B,INF","6791","FA","22","TEX 1<br/>@SEA 3","0","0%","0%"
"*06o0t*","Franyer Mendez","CIN","SP","6792","FA","19","@LAD Wed 10:10PM","0","0%","0%"
"*06klj*","Gerinton Mendez","MIA","SP","6793","FA","20","NYM Wed 6:40PM","0","0%","0%"
"*05rhb*","Hendry Mendez","MIN","OF","6794","FA","22","MIN 2<br/>@DET 7 F","0","12%","0%"
"*06sbw*","Jeshua Mendez","ARI","C","6795","FA","18","@KC Wed 7:40PM","0","0%","0%"
"*066r4*","Jesus Mendez","CHW","RP","6796","FA","22","PIT Wed 7:40PM","0","0%","0%"
"*06p5y*","Joel Mendez","(N/A)","OF","6797","FA","23","","0","0%","0%"
"*06ri1*","Jorge Mendez","(N/A)","C","6798","FA","23","","0","0%","0%"
"*06rm2*","Juan Mendez","(N/A)","RP","6799","FA","27","","0","0%","0%"
"*0620i*","Julio Mendez","MIA","SP","6800","FA","21","NYM Wed 6:40PM","0","1%","0%"
"*066ok*","Leam Mendez","(N/A)","SP","6801","FA","26","","0","0%","0%"
"*06hsi*","Lenin Mendez","(N/A)","RP","6802","FA","21","","0","0%","0%"
"*0620t*","Luis Mendez","COL","1B,INF","6803","FA","23","@NYY Wed 7:05PM","0","0%","0%"
"*06r8f*","Miguel Mendez","SF","RP","6804","FA","24","STL 6<br/>@SF 1","0","7%","0%"
"*0731x*","Sebastian Mendez","HOU","SS,INF","6805","FA","17","@PHI Wed 6:40PM","0","0%","0%"
"*04z92*","Teofilo Mendez","ARI","RP","6806","FA","24","@KC Wed 7:40PM","0","0%","0%"
"*066q7*","Wady Mendez","(N/A)","OF","6807","FA","21","","0","0%","0%"
"*06rm0*","Wuilberth Mendez","DET","SP","6808","FA","22","MIN 2<br/>@DET 7 F","0","0%","0%"
"*075zj*","Augusto Mendieta","KC","RP","6809","FA","22","ARI Wed 7:40PM","0","0%","0%"
"*06amj*","Noah Mendlinger","STL","2B,INF,OF","6810","FA","26","STL 6<br/>@SF 1","0","0%","0%"
"*06qxk*","Abdiel Mendoza","(N/A)","RP","6811","FA","27","","0","0%","0%"
"*05y66*","Brayan Mendoza","MIA","RP","6812","FA","22","NYM Wed 6:40PM","0","0%","0%"
"*05w7q*","Carlos Mendoza","TOR","2B,3B,INF","6813","FA","26","TOR 0<br/>@ATH 2 F","0","0%","0%"
"*04mll*","Damian Mendoza","(N/A)","RP","6814","FA","25","","0","0%","0%"
"*06ru1*","Edwin Mendoza","ATH","RP","6815","FA","18","TOR 0<br/>@ATH 2 F","0","0%","0%"
"*077ba*","Giancarlos Mendoza","CHC","SS,INF","6816","FA","17","@MIL Wed 7:40PM","0","0%","0%"
"*0777f*","Helvin Mendoza","LAD","OF","6817","FA","17","CIN Wed 10:10PM","0","0%","0%"
"*062l4*","Jordarlin Mendoza","NYY","RP","6818","FA","22","COL Wed 7:05PM","0","0%","0%"
"*076g7*","Jose M. Mendoza","CHW","C","6819","FA","18","PIT Wed 7:40PM","0","0%","0%"
"*0507o*","Ramon Mendoza","STL","3B,INF","6820","FA","26","STL 6<br/>@SF 1","0","0%","0%"
"*077bv*","Roberto Mendoza","TB","RP","6821","FA","19","@ATL Wed 7:15PM","0","0%","0%"
"*07776*","Santiago Mendoza","TB","C","6822","FA","19","@ATL Wed 7:15PM","0","0%","0%"
"*066fu*","Joseph Menefee","CIN","RP","6823","FA","26","@LAD Wed 10:10PM","0","0%","0%"
"*05ynz*","Antonio Menendez","ARI","RP","6824","FA","27","@KC Wed 7:40PM","0","0%","0%"
"*076sm*","Liordanys Menendez","LAA","SS,INF","6825","FA","18","@BOS Wed 6:45PM","0","0%","0%"
"*06ifi*","Ruben Menes","STL","SP","6826","FA","24","STL 6<br/>@SF 1","0","0%","0%"
"*075ky*","Jose Meneses","MIL","RP","6827","FA","21","CHC Wed 7:40PM","0","0%","0%"
"*03dav*","Daniel Mengden","(N/A)","SP","6828","FA","33","","0","0%","0%"
"*072fg*","Luke Mensik","SF","SP","6829","FA","19","STL 6<br/>@SF 1","0","0%","0%"
"*0790f*","Aidan Meola","COL","3B,INF","6830","FA","24","@NYY Wed 7:05PM","0","0%","0%"
"*06yy9*","Lorenzo Meola","SF","2B,INF","6831","FA","22","STL 6<br/>@SF 1","0","1%","0%"
"*06aq7*","Richard Meran","NYY","OF","6832","FA","20","COL Wed 7:05PM","0","0%","0%"
"*06r8m*","Dylan Mercado","(N/A)","3B,INF","6833","FA","16","","0","0%","0%"
"*06qzc*","Enderson Mercado","MIL","SP","6834","FA","19","CHC Wed 7:40PM","0","0%","0%"
"*06szo*","Estarling Mercado","NYM","1B,INF","6835","FA","23","@MIA Wed 6:40PM","0","0%","0%"
"*04emr*","Jan Mercado","(N/A)","C","6836","FA","27","","0","0%","0%"
"*06uxq*","Logan Mercado","ARI","SP,RP","6837","FA","24","@KC Wed 7:40PM","0","0%","0%"
"*04eeq*","Michael Mercado","PHI","RP","6838","FA","27","HOU Wed 6:40PM","0","1%","0%"
"*02k19*","Oscar Mercado","(N/A)","OF","6839","FA","31","","0","0%","0%"
"*052kd*","Reidy Mercado","(N/A)","OF","6840","FA","25","","0","0%","0%"
"*06me8*","Abel Mercedes","ATH","RP","6841","FA","24","TOR 0<br/>@ATH 2 F","0","0%","0%"
"*0744e*","Alexander Mercedes","MIL","SP","6842","FA","17","CHC Wed 7:40PM","0","0%","0%"
"*06kzd*","Ernesto Mercedes","NYM","RP","6843","FA","22","@MIA Wed 6:40PM","0","0%","0%"
"*062zi*","Jeffrey Mercedes","CLE","2B,3B,INF","6844","FA","21","@BAL Wed 6:35PM","0","0%","0%"
"*06u75*","Jorge Mercedes","(N/A)","RP","6845","FA","26","","0","0%","0%"
"*05yfj*","Juan Mercedes","(N/A)","SP,RP","6846","FA","26","","0","0%","0%"
"*06tlq*","Juan Mercedes","(N/A)","RP","6847","FA","24","","0","0%","0%"
"*05itd*","Manuel Mercedes","SF","SP,RP","6848","FA","23","STL 6<br/>@SF 1","0","0%","0%"
"*06u6f*","Miqueas Mercedes","MIL","SP","6849","FA","20","CHC Wed 7:40PM","0","0%","0%"
"*05ych*","Yasser Mercedes","MIN","OF","6850","FA","21","MIN 2<br/>@DET 7 F","0","5%","0%"
"*06v62*","LJ Mercurius","ARI","SP","6851","FA","21","@KC Wed 7:40PM","0","0%","0%"
"*066dn*","Hayden Merda","NYY","RP","6852","FA","26","COL Wed 7:05PM","0","0%","0%"
"*06awf*","Luis Merejo","CLE","1B,INF,OF","6853","FA","20","@BAL Wed 6:35PM","0","3%","0%"
"*0782f*","Franklin Merisu","TB","SS,INF","6854","FA","18","@ATL Wed 7:15PM","0","0%","0%"
"*073xy*","Ryjeteri Merite","CIN","SP","6855","FA","20","@LAD Wed 10:10PM","0","3%","0%"
"*0668h*","Nick Merkel","MIL","RP","6856","FA","28","CHC Wed 7:40PM","0","0%","0%"
"*072zx*","Enmanuel Merlo","MIN","SS,INF","6857","FA","17","MIN 2<br/>@DET 7 F","0","1%","0%"
"*06tlu*","Matt Merrill","(N/A)","RP","6858","FA","28","","0","0%","0%"
"*06ytp*","Caden Merritt","ATL","OF","6859","FA","19","TB Wed 7:15PM","0","0%","0%"
"*03deo*","Julian Merryweather","MIN","RP","6860","FA","34","MIN 2<br/>@DET 7 F","0","1%","0%"
"*06qt0*","David Mershon","LAA","2B,SS,INF","6861","FA","23","@BOS Wed 6:45PM","0","0%","0%"
"*05ojj*","Matt Mervis","(N/A)","1B,INF","6862","FA","28","","0","1%","0%"
"*077n0*","Bryan Mesa","(N/A)","SS,INF","6863","FA","16","","0","0%","0%"
"*072ji*","Michael Mesa","TOR","OF","6864","FA","17","TOR 0<br/>@ATH 2 F","0","1%","0%"
"*06um0*","Miguel Mesa","BAL","RP","6865","FA","23","CLE Wed 6:35PM","0","0%","0%"
"*06qne*","Carson Messina","TOR","RP","6866","FA","20","TOR 0<br/>@ATH 2 F","0","1%","0%"
"*06k7q*","Cole Messina","COL","C","6867","FA","23","@NYY Wed 7:05PM","0","1%","0%"
"*04etz*","Skyler Messinger","COL","3B,INF","6868","FA","27","@NYY Wed 7:05PM","0","0%","0%"
"*05y71*","Zach Messinger","NYY","RP","6869","FA","26","COL Wed 7:05PM","0","0%","0%"
"*06r4d*","Frankeli Mesta","PIT","3B,INF","6870","FA","19","@CHW Wed 7:40PM","0","0%","0%"
"*05xws*","Brian Metoyer","NYM","RP","6871","FA","29","@MIA Wed 6:40PM","0","0%","0%"
"*072h1*","Sam Mettert","CHC","RP","6872","FA","23","@MIL Wed 7:40PM","0","0%","0%"
"*06ifa*","Chase Meyer","CHC","RP","6873","FA","21","@MIL Wed 7:40PM","0","0%","0%"
"*06qvi*","Danery Meyer","SEA","RP","6874","FA","20","TEX 1<br/>@SEA 3","0","0%","0%"
"*0665p*","Jake Meyer","(N/A)","C","6875","FA","27","","0","0%","0%"
"*062yr*","Noble Meyer","MIA","SP","6876","FA","21","NYM Wed 6:40PM","0","28%","0%"
"*05yd8*","Chris Meyers","DET","1B,INF,OF","6877","FA","27","MIN 2<br/>@DET 7 F","0","0%","0%"
"*074cn*","Nishentel Meyers","CIN","2B,INF","6878","FA","17","@LAD Wed 10:10PM","0","0%","0%"
"*0765m*","Abner Meza","NYM","SP","6879","FA","19","@MIA Wed 6:40PM","0","0%","0%"
"*076sp*","Jonaikel Meza","CLE","RP","6880","FA","19","@BAL Wed 6:35PM","0","0%","0%"
"*06p7c*","Jose Meza","LAD","1B,INF,OF","6881","FA","23","CIN Wed 10:10PM","0","0%","0%"
"*06ag7*","Kendal Meza","SEA","RP","6882","FA","20","TEX 1<br/>@SEA 3","0","0%","0%"
"*05ygs*","Luis Meza","(N/A)","C","6883","FA","21","","0","0%","0%"
"*06v2b*","Moises Meza","COL","SP","6884","FA","21","@NYY Wed 7:05PM","0","0%","0%"
"*06rih*","John Michael Faile","CIN","1B,INF","6885","FA","26","@LAD Wed 10:10PM","0","0%","0%"
"*066d4*","Trevin Michael","DET","RP","6886","FA","28","MIN 2<br/>@DET 7 F","0","0%","0%"
"*06dqo*","Garrett Michel","(N/A)","1B,INF","6887","FA","22","","0","0%","0%"
"*06pid*","Eddie Micheletti Jr.","LAA","OF","6888","FA","24","@BOS Wed 6:45PM","0","1%","0%"
"*066cb*","Ryan Middendorf","(N/A)","RP","6889","FA","28","","0","0%","0%"
"*06tf9*","JB Middleton","COL","SP","6890","FA","22","@NYY Wed 7:05PM","0","3%","0%"
"*031av*","Keynan Middleton","(N/A)","RP","6891","FA","32","","0","0%","0%"
"*06hst*","Daniel Mielcarek","LAD","UT","6892","FA","20","CIN Wed 10:10PM","0","0%","0%"
"*06ux2*","Frank Mieses","CHW","OF","6893","FA","18","PIT Wed 7:40PM","0","0%","0%"
"*04b10*","Luis Mieses","(N/A)","OF","6894","FA","26","","0","0%","0%"
"*070dk*","Starlin Mieses","BAL","OF","6895","FA","18","CLE Wed 6:35PM","0","0%","0%"
"*06uya*","Jose Miguel Rodriguez","NYY","SP","6896","FA","22","COL Wed 7:05PM","0","0%","0%"
"*076sc*","Elwis Mijares","NYM","RP","6897","FA","20","@MIA Wed 6:40PM","0","0%","0%"
"*06c3p*","Yaikel Mijares","CLE","2B,3B,INF","6898","FA","20","@BAL Wed 6:35PM","0","0%","0%"
"*06qx7*","Jordan Mikel","(N/A)","RP","6899","FA","27","","0","0%","0%"
"*06hse*","Justin Miknis","(N/A)","C","6900","FA","26","","0","0%","0%"
"*05186*","Nick Mikolajchak","(N/A)","RP","6901","FA","28","","0","0%","0%"
"*05jrt*","Matt Mikulski","(N/A)","RP","6902","FA","27","","0","0%","0%"
"*05ylf*","Bobby Milacki","(N/A)","RP","6903","FA","29","","0","0%","0%"
"*05yek*","Steven Milam","(N/A)","SS,INF","6904","FA","22","","0","0%","0%"
"*06qzg*","Abrahan Milan","CLE","RP","6905","FA","20","@BAL Wed 6:35PM","0","0%","0%"
"*062z7*","Karson Milbrandt","MIA","SP","6906","AF","22","NYM Wed 6:40PM","0","37%","0%"
"*061ab*","Deylen Miley","(N/A)","SP","6907","FA","28","","0","0%","0%"
"*01sev*","Wade Miley","(N/A)","SP","6908","FA","39","","0","0%","0%"
"*04ajs*","Michell Miliano","(N/A)","SP,RP","6909","FA","26","","0","0%","0%"
"*0664f*","Justin Militello","STL","RP","6910","FA","22","STL 6<br/>@SF 1","0","0%","0%"
"*06rme*","Anthony Millan","HOU","OF","6911","FA","18","@PHI Wed 6:40PM","0","0%","0%"
"*06z7r*","Cameron Millar","KC","SP","6912","FA","19","ARI Wed 7:40PM","0","2%","0%"
"*05u36*","Aidan Miller","PHI","SS,INF","6913","FA","22","HOU Wed 6:40PM","0","55%","0%"
"*06r00*","Andrew Miller","(N/A)","C","6914","FA","29","","0","0%","0%"
"*075s4*","Brady Miller","NYM","SP","6915","FA","26","@MIA Wed 6:40PM","0","0%","0%"
"*0765x*","Cal Miller","(N/A)","3B,INF","6916","FA","20","","0","0%","0%"
"*06yn2*","Cody Miller","ATL","SS,INF","6917","FA","22","TB Wed 7:15PM","0","2%","0%"
"*06ekl*","Cole Miller","ATH","SP","6918","FA","21","TOR 0<br/>@ATH 2 F","0","1%","0%"
"*05175*","Darrien Miller","MIL","C","6919","FA","25","CHC Wed 7:40PM","0","0%","0%"
"*06nud*","Gage Miller","MIA","2B,3B,INF","6920","FA","23","NYM Wed 6:40PM","0","2%","0%"
"*05xu3*","Jacob Miller","(N/A)","C","6921","FA","22","","0","0%","0%"
"*05yc3*","Jacob Miller","MIA","SP","6922","FA","23","NYM Wed 6:40PM","0","1%","0%"
"*05y4n*","Jake Miller","CLE","RP","6923","FA","26","@BAL Wed 6:35PM","0","0%","0%"
"*066ch*","Jake Miller","DET","SP,RP","6924","FA","25","MIN 2<br/>@DET 7 F","0","2%","0%"
"*066mv*","Janero Miller","MIA","RP","6925","FA","20","NYM Wed 6:40PM","0","1%","0%"
"*066bu*","Joe Miller","DET","SP","6926","FA","26","MIN 2<br/>@DET 7 F","0","0%","0%"
"*073ub*","Maddox Miller","(N/A)","RP","6927","FA","19","","0","0%","0%"
"*06hw9*","Mason Miller","KC","SP,RP","6928","FA","24","ARI Wed 7:40PM","0","2%","0%"
"*05ua6*","Noah Miller","LAD","SS,INF","6929","FA","23","CIN Wed 10:10PM","0","2%","0%"
"*078sk*","Noah Miller","HOU","C","6930","FA","21","@PHI Wed 6:40PM","0","0%","0%"
"*06lte*","Ryan Miller","COL","RP","6931","FA","30","@NYY Wed 7:05PM","0","0%","0%"
"*01sbv*","Shelby Miller","CHC","RP","6932","FA","35","@MIL Wed 7:40PM","0","4%","0%"
"*05y7p*","Tyler Miller","PHI","1B,INF","6933","FA","26","HOU Wed 6:40PM","0","0%","0%"
"*041rc*","Tyson Miller","(N/A)","RP","6934","FA","31","","0","1%","0%"
"*06qpg*","Lyle Miller-Green","PHI","1B,INF","6935","FA","26","HOU Wed 6:40PM","0","0%","0%"
"*05171*","Cody Milligan","(N/A)","OF","6936","FA","27","","0","0%","0%"
"*0766a*","Noah Millikan","WSH","SP","6937","FA","23","WSH 2<br/>@SD 5","0","0%","0%"
"*072cn*","Rylan Mills","MIL","C","6938","FA","20","CHC Wed 7:40PM","0","0%","0%"
"*05xoe*","Zane Mills","CHC","RP","6939","FA","26","@MIL Wed 7:40PM","0","0%","0%"
"*064wi*","Brennan Milone","ATH","1B,INF","6940","FA","25","TOR 0<br/>@ATH 2 F","0","1%","0%"
"*021ue*","Tommy Milone","(N/A)","SP,RP","6941","FA","39","","0","0%","0%"
"*05tzf*","Camden Minacci","LAA","RP","6942","FA","24","@BOS Wed 6:45PM","0","0%","0%"
"*078fs*","Kobe Minchey","PHI","RP","6943","FA","23","HOU Wed 6:40PM","0","0%","0%"
"*06oof*","Ryan Minckler","WSH","RP","6944","FA","23","WSH 2<br/>@SD 5","0","0%","0%"
"*0763g*","Yeider Mindiola","NYM","C","6945","FA","20","@MIA Wed 6:40PM","0","0%","0%"
"*072f8*","Tyler Minick","(N/A)","3B,INF","6946","FA","21","","0","0%","0%"
"*078fn*","Tyler Minnick","PHI","C","6947","FA","22","HOU Wed 6:40PM","0","0%","0%"
"*06sus*","Maykel Minoso","(N/A)","C","6948","FA","21","","0","0%","0%"
"*06fz9*","Hayden Minton","DET","SP","6949","FA","25","MIN 2<br/>@DET 7 F","0","0%","0%"
"*06suy*","Jorge Minyety","(N/A)","RP","6950","FA","23","","0","0%","0%"
"*074ue*","Maikel Miralles","SD","SP","6951","FA","21","WSH 2<br/>@SD 5","0","0%","0%"
"*06ya1*","Adolfo Miranda","NYM","OF","6952","FA","19","@MIA Wed 6:40PM","0","0%","0%"
"*07340*","Jesus Miranda","DET","SP","6953","FA","17","MIN 2<br/>@DET 7 F","0","0%","0%"
"*041qh*","Jose Miranda","(N/A)","3B,INF","6954","FA","28","","0","3%","0%"
"*066rh*","Kevin Miranda","(N/A)","SP","6955","FA","27","","0","0%","0%"
"*06ici*","Nestor Miranda","DET","UT","6956","FA","20","MIN 2<br/>@DET 7 F","0","0%","0%"
"*060xw*","Andrew Misiaszek","(N/A)","RP","6957","FA","29","","0","0%","0%"
"*03quj*","Anthony Misiewicz","CIN","RP","6958","FA","31","@LAD Wed 10:10PM","0","0%","0%"
"*03db3*","Daniel Missaki","TEX","SP,RP","6959","FA","30","TEX 1<br/>@SEA 3","0","0%","0%"
"*05y3q*","Blake Mitchell","KC","C","6960","FA","22","ARI Wed 7:40PM","0","25%","0%"
"*04eex*","Cal Mitchell","(N/A)","OF","6961","FA","27","","0","0%","0%"
"*05u9u*","Derrick Mitchell","(N/A)","OF","6962","FA","22","","0","0%","0%"
"*077nm*","Gable Mitchell","TOR","2B,INF","6963","FA","22","TOR 0<br/>@ATH 2 F","0","0%","0%"
"*077yf*","Jackson Mitchell","MIA","RP","6964","FA","21","NYM Wed 6:40PM","0","0%","0%"
"*06zlj*","Jase Mitchell","HOU","C","6965","FA","19","@PHI Wed 6:40PM","0","1%","0%"
"*06o0c*","Nick Mitchell","WSH","OF","6966","FA","23","WSH 2<br/>@SD 5","0","1%","0%"
"*06zf5*","Robert Mitchell","LAA","SP","6967","FA","20","@BOS Wed 6:45PM","0","0%","0%"
"*06y9v*","Ryan Mitchell","STL","SS,INF","6968","FA","19","STL 6<br/>@SF 1","0","8%","0%"
"*05yag*","Tucker Mitchell","TEX","C","6969","FA","25","TEX 1<br/>@SEA 3","0","0%","0%"
"*070dt*","Xavier Mitchell","LAA","SP","6970","FA","20","@BOS Wed 6:45PM","0","1%","0%"
"*0701p*","Justin Mitrovich","MIN","SP","6971","FA","22","MIN 2<br/>@DET 7 F","0","0%","0%"
"*06zbb*","Matthew Miura","STL","OF","6972","FA","22","STL 6<br/>@SF 1","0","0%","0%"
"*06c1b*","Hiroya Miyagi","(N/A)","SP","6973","FA","25","","0","1%","0%"
"*06ylp*","Tatsuki Mizuno","(N/A)","SS,INF","6974","FA","26","","0","0%","0%"
"*05uc1*","Chase Mobley","CLE","SP","6975","FA","20","@BAL Wed 6:35PM","0","2%","0%"
"*05yaj*","Andre Modungo","(N/A)","3B,INF","6976","FA","21","","0","0%","0%"
"*077pk*","Aiden Moffett","ATH","RP","6977","FA","22","TOR 0<br/>@ATH 2 F","0","0%","0%"
"*0734f*","Timothy Mogen","SD","SS,INF","6978","FA","17","WSH 2<br/>@SD 5","0","0%","0%"
"*06bsh*","Javier Mogollon","CHW","2B,INF","6979","FA","20","PIT Wed 7:40PM","0","2%","0%"
"*075s2*","Samir Mohammed","(N/A)","SP","6980","FA","17","","0","0%","0%"
"*06aga*","Livan Moinelo","(N/A)","SP","6981","FA","30","","0","0%","0%"
"*06uxz*","Augie Mojica","ARI","RP","6982","FA","22","@KC Wed 7:40PM","0","0%","0%"
"*066pz*","Misael Mojica","(N/A)","3B,INF","6983","FA","21","","0","0%","0%"
"*066mm*","Raymond Mola","PIT","1B,INF","6984","FA","20","@CHW Wed 7:40PM","0","0%","0%"
"*055ce*","Jeremy Molero","(N/A)","RP","6985","FA","26","","0","0%","0%"
"*06amn*","Moises Molero","(N/A)","OF","6986","FA","21","","0","0%","0%"
"*06rjb*","Carlos Molina","(N/A)","C","6987","FA","19","","0","0%","0%"
"*06gx3*","Mason Molina","STL","SP","6988","FA","23","STL 6<br/>@SF 1","0","5%","0%"
"*06sc1*","Miguel Molina","DET","SP","6989","FA","18","MIN 2<br/>@DET 7 F","0","0%","0%"
"*074xa*","Miguel Molina","PIT","SP","6990","FA","17","@CHW Wed 7:40PM","0","0%","0%"
"*05u9s*","Ian Moller","TEX","C","6991","FA","23","TEX 1<br/>@SEA 3","0","0%","0%"
"*06gjd*","Josh Mollerus","(N/A)","SP","6992","FA","26","","0","0%","0%"
"*06r79*","Maddox Molony","DET","SS,INF","6993","FA","21","MIN 2<br/>@DET 7 F","0","0%","0%"
"*06qnr*","Tommy Molsky","KC","RP","6994","FA","23","ARI Wed 7:40PM","0","0%","0%"
"*06rsb*","Keito Mombetsu","(N/A)","SP","6995","FA","22","","0","0%","0%"
"*05xuf*","Gabriel Moncada","(N/A)","1B,INF","6996","FA","24","","0","0%","0%"
"*06kvj*","Yaki Mondesir","BAL","SP","6997","FA","20","CLE Wed 6:35PM","0","0%","0%"
"*041xq*","Nate Mondou","SD","1B,2B,INF","6998","FA","31","WSH 2<br/>@SD 5","0","0%","0%"
"*06c28*","Yordanny Monegro","BOS","SP","6999","FA","23","LAA Wed 6:45PM","0","8%","0%"
"*05zyc*","Blake Money","BAL","SP,RP","7000","FA","24","CLE Wed 6:35PM","0","0%","0%"
"*072hk*","Ricki Moneys","MIL","SS,INF","7001","FA","17","CHC Wed 7:40PM","0","11%","0%"
"*06gjh*","Sam Mongelli","LAD","2B,INF","7002","FA","25","CIN Wed 10:10PM","0","0%","0%"
"*075go*","Nick Monile","MIL","OF","7003","FA","22","CHC Wed 7:40PM","0","0%","0%"
"*06yq7*","Nick Monistere","HOU","SS,INF","7004","FA","22","@PHI Wed 6:40PM","0","0%","0%"
"*05yo2*","Caden Monke","KC","RP","7005","FA","27","ARI Wed 7:40PM","0","0%","0%"
"*06426*","Jose Monserrate","MIA","OF","7006","FA","21","NYM Wed 6:40PM","0","0%","0%"
"*06qa4*","Juan Monso","CHC","2B,INF","7007","FA","19","@MIL Wed 7:40PM","0","0%","0%"
"*05yob*","Joseph Montalvo","DET","SP","7008","FA","24","MIN 2<br/>@DET 7 F","0","1%","0%"
"*03ynb*","Daniel Montano","(N/A)","OF","7009","FA","27","","0","0%","0%"
"*06v3w*","Omar Montano","MIN","SP","7010","FA","20","MIN 2<br/>@DET 7 F","0","0%","0%"
"*073nx*","Angel Montas","(N/A)","3B,INF","7011","FA","15","","0","0%","0%"
"*02yg3*","Frankie Montas","(N/A)","SP","7012","FA","33","","0","2%","0%"
"*06uod*","Angel Montero","NYM","SP","7013","FA","18","@MIA Wed 6:40PM","0","0%","0%"
"*06sbm*","Daonil Montero","ARI","3B,INF","7014","FA","18","@KC Wed 7:40PM","0","0%","0%"
"*06v2c*","Darlyn Montero","(N/A)","1B,INF","7015","FA","24","","0","0%","0%"
"*06icg*","Edgar Montero","ATH","SS,INF","7016","FA","19","TOR 0<br/>@ATH 2 F","0","4%","0%"
"*03seg*","Elehuris Montero","(N/A)","1B,INF","7017","FA","28","","0","0%","0%"
"*06kxr*","Estivenzon Montero","NYY","OF","7018","FA","19","COL Wed 7:05PM","0","0%","0%"
"*06uq3*","Euri Montero","WSH","RP","7019","FA","24","WSH 2<br/>@SD 5","0","0%","0%"
"*05re8*","Fidel Montero","CHW","RP","7020","FA","22","PIT Wed 7:40PM","0","0%","0%"
"*06kv3*","Frederi Montero","MIL","1B,3B,INF","7021","FA","19","CHC Wed 7:40PM","0","0%","0%"
"*05r5l*","Hans Montero","NYY","1B,2B,INF","7022","FA","22","COL Wed 7:05PM","0","0%","0%"
"*0689l*","Jose Montero","CIN","SP","7023","FA","23","@LAD Wed 10:10PM","0","0%","0%"
"*05r5m*","Juan Montero","BOS","C","7024","FA","24","LAA Wed 6:45PM","0","0%","0%"
"*06sul*","Neurelin Montero","TEX","C","7025","FA","20","TEX 1<br/>@SEA 3","0","0%","0%"
"*078xn*","Oscar Montero","NYM","SP","7026","FA","17","@MIA Wed 6:40PM","0","0%","0%"
"*06y2w*","Pedro Montero","MIA","SP","7027","FA","19","NYM Wed 6:40PM","0","0%","0%"
"*02jhl*","Rafael Montero","NYY","RP","7028","FA","35","COL Wed 7:05PM","0","1%","0%"
"*06bkw*","Ricardo Montero","LAD","RP","7029","FA","22","CIN Wed 10:10PM","0","0%","0%"
"*07780*","Williams Montero","BOS","SP","7030","FA","18","LAA Wed 6:45PM","0","0%","0%"
"*0637m*","Willy Montero","NYY","OF","7031","FA","22","COL Wed 7:05PM","0","0%","0%"
"*03dnu*","Bryce Montes de Oca","(N/A)","RP","7033","FA","30","","0","0%","0%"
"*069xv*","Christian Montes De Oca","(N/A)","RP","7032","FA","27","","0","0%","0%"
"*04py7*","Coco Montes","(N/A)","2B,3B,INF","7034","FA","29","","0","0%","0%"
"*077rv*","Dawson Montesa","STL","SP","7035","FA","21","STL 6<br/>@SF 1","0","0%","0%"
"*05rdp*","Daniel Montesino","(N/A)","OF","7036","FA","22","","0","0%","0%"
"*06nlo*","Rafi Montesino","(N/A)","OF","7037","FA","19","","0","0%","0%"
"*06aq9*","Carlos Monteverde","(N/A)","1B,INF","7038","FA","20","","0","0%","0%"
"*05gws*","Carson Montgomery","SD","SP","7039","FA","24","WSH 2<br/>@SD 5","0","0%","0%"
"*0790d*","Kellan Montgomery","CLE","SP","7040","FA","22","@BAL Wed 6:35PM","0","0%","0%"
"*01s9g*","Mike Montgomery","(N/A)","RP","7041","FA","37","","0","0%","0%"
"*06onq*","Nick Montgomery","ATL","C","7042","FA","20","TB Wed 7:15PM","0","1%","0%"
"*066li*","Torin Montgomery","(N/A)","1B,INF","7043","FA","25","","0","0%","0%"
"*06z0v*","Tayler Montiel","ARI","RP","7044","FA","24","@KC Wed 7:40PM","0","0%","0%"
"*06rtl*","Christopher Montilla","(N/A)","RP","7045","FA","19","","0","0%","0%"
"*064og*","Franyerber Montilla","DET","2B,SS,INF","7046","FA","21","MIN 2<br/>@DET 7 F","0","2%","0%"
"*06z63*","Jose Montilla","KC","C","7047","FA","18","ARI Wed 7:40PM","0","0%","0%"
"*06cmz*","Jose Monzon","TB","3B,INF","7048","FA","20","@ATL Wed 7:15PM","0","0%","0%"
"*072en*","McLane Moody","PIT","SP","7049","FA","20","@CHW Wed 7:40PM","0","0%","0%"
"*06hsd*","Bernard Moon","CIN","2B,INF","7050","FA","21","@LAD Wed 10:10PM","0","0%","0%"
"*06ih9*","Bo-gyeong Moon","(N/A)","1B,INF","7051","FA","26","","0","0%","0%"
"*06ibb*","Dong Ju Moon","(N/A)","SP","7052","FA","22","","0","0%","0%"
"*0728p*","Seojun Moon","TOR","SP","7053","FA","19","TOR 0<br/>@ATH 2 F","0","2%","0%"
"*05rci*","Alex Mooney","CLE","2B,3B,SS,INF","7054","FA","24","@BAL Wed 6:35PM","0","1%","0%"
"*0603o*","Andrew Moore","PIT","RP","7055","FA","27","@CHW Wed 7:40PM","0","0%","0%"
"*06zba*","Ben Moore","WSH","RP","7056","FA","22","WSH 2<br/>@SD 5","0","0%","0%"
"*06qhy*","Brock Moore","BAL","RP","7057","FA","26","CLE Wed 6:35PM","0","1%","0%"
"*066dk*","Brody Moore","STL","2B,SS,INF","7058","FA","26","STL 6<br/>@SF 1","0","0%","0%"
"*077qv*","Bryson Moore","PIT","SP","7059","FA","21","@CHW Wed 7:40PM","0","0%","0%"
"*070e7*","Ethan Moore","(N/A)","SS,INF","7060","FA","19","","0","0%","0%"
"*05tzb*","Grayson Moore","CHC","RP","7061","FA","25","@MIL Wed 7:40PM","0","0%","0%"
"*072ij*","Lucas Moore","CLE","OF","7062","FA","21","@BAL Wed 6:35PM","0","0%","0%"
"*05y7u*","Malcolm Moore","TEX","C","7063","FA","23","TEX 1<br/>@SEA 3","0","5%","0%"
"*06qrg*","Mason Moore","CHW","SP","7064","FA","24","PIT Wed 7:40PM","0","0%","0%"
"*01fug*","Matt Moore","KC","RP","7065","FA","37","ARI Wed 7:40PM","0","0%","0%"
"*051ai*","McKinley Moore","(N/A)","RP","7066","FA","28","","0","0%","0%"
"*05raq*","Robert Moore","PHI","2B,3B,INF","7067","FA","24","HOU Wed 6:40PM","0","1%","0%"
"*076gg*","Steffon Moore","CIN","RP","7068","FA","29","@LAD Wed 10:10PM","0","0%","0%"
"*0792d*","Trevor Moore","WSH","RP","7069","FA","23","WSH 2<br/>@SD 5","0","0%","0%"
"*06ih5*","Wesley Moore","PHI","RP","7070","FA","27","HOU Wed 6:40PM","0","0%","0%"
"*058ta*","Darlin Moquete","(N/A)","OF","7071","FA","26","","0","0%","0%"
"*06ri9*","Angelo Mora","(N/A)","C","7072","FA","21","","0","0%","0%"
"*06alo*","Chase Mora","MIL","2B,INF","7073","FA","22","CHC Wed 7:40PM","0","0%","0%"
"*066o4*","Javier Mora","(N/A)","2B,INF","7074","FA","23","","0","0%","0%"
"*05wvs*","Juan Mora","(N/A)","2B,3B,INF","7075","FA","26","","0","0%","0%"
"*05yhp*","Accimias Morales","LAD","RP","7076","FA","21","CIN Wed 10:10PM","0","0%","0%"
"*06how*","Coby Morales","NYY","1B,INF","7077","FA","24","COL Wed 7:05PM","0","0%","0%"
"*061zs*","Daje Morales","(N/A)","2B,INF","7078","FA","21","","0","0%","0%"
"*06ibo*","Emil Morales","LAD","SS,INF","7079","FA","19","CIN Wed 10:10PM","0","40%","0%"
"*0436o*","Francisco Morales","(N/A)","RP","7080","FA","26","","0","0%","0%"
"*0582y*","Jeferson Morales","(N/A)","OF","7081","FA","27","","0","0%","0%"
"*06rk1*","Jesus Morales","KC","C","7082","FA","19","ARI Wed 7:40PM","0","0%","0%"
"*03r05*","Jonathan Morales","(N/A)","C","7083","FA","31","","0","0%","0%"
"*075o4*","Jordan Morales","CHW","RP","7084","FA","26","PIT Wed 7:40PM","0","0%","0%"
"*05uwp*","Michael Morales","SEA","SP","7085","FA","24","TEX 1<br/>@SEA 3","0","2%","0%"
"*06v2d*","Moises Morales","TEX","RP","7086","FA","22","TEX 1<br/>@SEA 3","0","0%","0%"
"*01sl8*","Brian Moran","(N/A)","RP","7087","FA","37","","0","0%","0%"
"*078ka*","Dallis Moran","STL","RP","7088","FA","21","STL 6<br/>@SF 1","0","0%","0%"
"*06c7c*","Jefferson Moran","STL","SP","7089","FA","22","STL 6<br/>@SF 1","0","0%","0%"
"*070eh*","Tyson Moran","KC","SS,INF","7090","FA","20","ARI Wed 7:40PM","0","0%","0%"
"*06aq2*","Francisco Morao","BAL","SP","7091","FA","20","CLE Wed 6:35PM","0","0%","0%"
"*06v24*","Jhonny Morao","(N/A)","RP","7092","FA","18","","0","0%","0%"
"*060ou*","Aneudis Mordan","(N/A)","1B,INF","7093","FA","22","","0","0%","0%"
"*06hwo*","Zane Morehouse","CLE","RP","7094","FA","26","@BAL Wed 6:35PM","0","0%","0%"
"*06uwj*","Luis Morejon","COL","OF","7095","FA","18","@NYY Wed 7:05PM","0","0%","0%"
"*06vy5*","Albert Morel","LAA","SP","7096","FA","18","@BOS Wed 6:45PM","0","0%","0%"
"*06dq5*","Braylin Morel","(N/A)","OF","7097","FA","20","","0","2%","0%"
"*06r9r*","Darell Morel","PIT","SS,INF","7098","FA","18","@CHW Wed 7:40PM","0","7%","0%"
"*0510b*","Rafael Morel","(N/A)","OF","7099","FA","24","","0","0%","0%"
"*06muv*","Luis Morellis","(N/A)","SP","7100","FA","22","","0","0%","0%"
"*06z49*","Estevan Moreno","SEA","SS,INF","7101","FA","22","TEX 1<br/>@SEA 3","0","0%","0%"
"*0776e*","Frank Moreno","NYM","C","7102","FA","17","@MIA Wed 6:40PM","0","0%","0%"
"*03ppb*","Gerson Moreno","(N/A)","RP","7103","FA","30","","0","0%","0%"
"*06tl2*","Johan Moreno","(N/A)","SP","7104","FA","21","","0","0%","0%"
"*06v2p*","Johan Moreno","SD","RP","7105","FA","23","WSH 2<br/>@SD 5","0","0%","0%"
"*05jqn*","Koen Moreno","CHC","RP","7106","FA","25","@MIL Wed 7:40PM","0","0%","0%"
"*04zb0*","Luis Moreno","(N/A)","RP","7107","FA","28","","0","0%","0%"
"*0637o*","Luis Moreno","MIA","RP","7108","FA","27","NYM Wed 6:40PM","0","0%","0%"
"*05tux*","Dauri Moreta","(N/A)","RP","7109","FA","30","","0","0%","0%"
"*06miq*","Edgar Moreta","NYM","SP","7110","FA","23","@MIA Wed 6:40PM","0","0%","0%"
"*0731g*","Alexandre Moreti","PHI","SP","7111","FA","19","HOU Wed 6:40PM","0","0%","0%"
"*06akv*","Keeler Morfe","BAL","SP","7112","FA","20","CLE Wed 6:35PM","0","1%","0%"
"*070br*","Barrett Morgan","BOS","SP","7113","FA","21","LAA Wed 6:45PM","0","0%","0%"
"*061bp*","Blake Morgan","TB","SP","7114","FA","23","@ATL Wed 7:15PM","0","1%","0%"
"*06l4x*","Chase Morgan","(N/A)","SP","7115","FA","21","","0","0%","0%"
"*06kki*","Marcus Morgan","(N/A)","SP,RP","7116","FA","23","","0","0%","0%"
"*05wrt*","Tre' Morgan","TB","1B,INF","7117","FA","24","@ATL Wed 7:15PM","0","22%","0%"
"*06hwn*","Tyler Morgan","SD","RP","7118","FA","25","WSH 2<br/>@SD 5","0","0%","0%"
"*0657p*","Zach Morgan","SF","C","7119","FA","26","STL 6<br/>@SF 1","0","0%","0%"
"*06r8u*","Shotaro Morii","ATH","SS,INF","7120","FA","19","TOR 0<br/>@ATH 2 F","0","21%","0%"
"*06ooz*","Alfred Morillo","ARI","RP","7121","FA","24","@KC Wed 7:40PM","0","0%","0%"
"*06mq7*","Dariel Morillo","DET","SP","7122","FA","20","MIN 2<br/>@DET 7 F","0","0%","0%"
"*074w2*","Elier Morillo","MIA","RP","7123","FA","20","NYM Wed 6:40PM","0","1%","0%"
"*06kvc*","Estivel Morillo","CLE","OF","7124","FA","19","@BAL Wed 6:35PM","0","0%","0%"
"*06mmt*","Jirvin Morillo","CIN","C","7125","FA","19","@LAD Wed 10:10PM","0","3%","0%"
"*072cm*","Reed Moring","MIN","SP","7126","FA","22","MIN 2<br/>@DET 7 F","0","0%","0%"
"*0723d*","Shota Morishita","(N/A)","OF","7127","FA","26","","0","1%","0%"
"*05uav*","Cody Morissette","MIN","2B,INF","7128","FA","26","MIN 2<br/>@DET 7 F","0","1%","0%"
"*06328*","PJ Morlando","MIA","OF","7129","FA","21","NYM Wed 6:40PM","0","8%","0%"
"*06yyl*","Jack Moroknek","WSH","OF","7130","FA","23","WSH 2<br/>@SD 5","0","0%","0%"
"*06qqo*","Andrew Morones","KC","RP","7131","FA","25","ARI Wed 7:40PM","0","0%","0%"
"*078my*","Reece Moroney","PHI","SS,INF","7132","FA","21","HOU Wed 6:40PM","0","0%","0%"
"*074aa*","Rafeli Moronta","STL","SP","7133","FA","17","STL 6<br/>@SF 1","0","0%","0%"
"*051aq*","Nick Morreale","(N/A)","RP","7134","FA","29","","0","0%","0%"
"*066au*","Hueston Morrill","NYY","RP","7135","FA","26","COL Wed 7:05PM","0","0%","0%"
"*071cs*","Hayden Morris","(N/A)","SP","7136","FA","21","","0","0%","0%"
"*075ip*","Judah Morris","ATH","1B,INF","7137","FA","24","TOR 0<br/>@ATH 2 F","0","0%","0%"
"*06yof*","Mason Morris","CIN","SP","7138","FA","23","@LAD Wed 10:10PM","0","2%","0%"
"*076k7*","Trey Morris","(N/A)","SP,RP","7139","FA","20","","0","0%","0%"
"*06uxi*","Zack Morris","COL","RP","7140","FA","25","@NYY Wed 7:05PM","0","0%","0%"
"*077qq*","Evan Morrison","TEX","SS,INF","7141","FA","23","TEX 1<br/>@SEA 3","0","0%","0%"
"*06y4i*","Jacob Morrison","MIL","SP","7142","FA","22","CHC Wed 7:40PM","0","2%","0%"
"*072hs*","MT Morrissey","PHI","RP","7143","FA","24","HOU Wed 6:40PM","0","0%","0%"
"*066o7*","Felix Morrobel","LAA","2B,INF","7144","FA","20","@BOS Wed 6:45PM","0","0%","0%"
"*05rb7*","Yeison Morrobel","TEX","OF","7145","FA","22","TEX 1<br/>@SEA 3","0","1%","0%"
"*06qnb*","Cody Morse","LAD","RP","7146","FA","23","CIN Wed 10:10PM","0","0%","0%"
"*06r71*","Gary Morse","(N/A)","SP","7147","FA","19","","0","0%","0%"
"*005jn*","Charlie Morton","(N/A)","SP,RP","7148","FA","42","","0","1%","0%"
"*078sw*","Isaac Morton","CHC","SP,RP","7149","FA","21","@MIL Wed 7:40PM","0","0%","0%"
"*051ew*","Kadon Morton","(N/A)","OF","7150","FA","25","","0","0%","0%"
"*067zi*","Elias Moscoso","(N/A)","RP","7151","FA","21","","0","0%","0%"
"*06msx*","Isaac Moscote","(N/A)","2B,INF","7152","FA","19","","0","0%","0%"
"*05xxo*","Oddanier Mosqueda","PIT","RP","7153","FA","27","@CHW Wed 7:40PM","0","0%","0%"
"*066s3*","Deivis Mosquera","(N/A)","OF","7154","FA","21","","0","0%","0%"
"*05w80*","Diego Mosquera","NYM","OF","7155","FA","22","@MIA Wed 6:40PM","0","0%","0%"
"*06kv9*","Eiver Mosquera","MIA","SP","7156","FA","19","NYM Wed 6:40PM","0","0%","0%"
"*06pk8*","Callan Moss","PIT","1B,INF","7157","FA","23","@CHW Wed 7:40PM","0","1%","0%"
"*06yug*","Cooper Moss","(N/A)","SP","7158","FA","19","","0","0%","0%"
"*05y9c*","Dean Moss","TB","OF","7159","FA","20","@ATL Wed 7:15PM","0","2%","0%"
"*06gjn*","Jack Moss","HOU","1B,INF","7160","FA","24","@PHI Wed 6:40PM","0","0%","0%"
"*078j9*","Weston Moss","WSH","SP,RP","7161","FA","22","WSH 2<br/>@SD 5","0","0%","0%"
"*06v66*","Wylan Moss","(N/A)","SP","7162","FA","20","","0","0%","0%"
"*04zia*","Gabe Mosser","SEA","SP","7163","FA","30","TEX 1<br/>@SEA 3","0","0%","0%"
"*06rtk*","Alberto Mota","TEX","RP","7164","FA","23","TEX 1<br/>@SEA 3","0","0%","0%"
"*06r45*","Eddy Mota","(N/A)","RP","7165","FA","22","","0","0%","0%"
"*06rk2*","Edgar Mota","(N/A)","1B,INF","7166","FA","20","","0","0%","0%"
"*06rtj*","Eliseo Mota","DET","RP","7167","FA","23","MIN 2<br/>@DET 7 F","0","0%","0%"
"*064wd*","Jorgelys Mota","WSH","3B,INF","7168","FA","21","WSH 2<br/>@SD 5","0","0%","0%"
"*076qq*","Rainy Mota","PHI","RP","7169","FA","20","HOU Wed 6:40PM","0","0%","0%"
"*04pza*","Drew Mount","(N/A)","OF","7170","FA","30","","0","0%","0%"
"*06l5h*","P.J. Moutzouridis","MIN","SS,INF","7171","FA","21","MIN 2<br/>@DET 7 F","0","0%","0%"
"*06qy2*","Jeyson Moya","SF","3B,INF","7172","FA","19","STL 6<br/>@SF 1","0","0%","0%"
"*06qzt*","Jonathan Moya","DET","OF","7173","FA","19","MIN 2<br/>@DET 7 F","0","0%","0%"
"*078f1*","Mac Moyer","SD","OF","7174","FA","23","WSH 2<br/>@SD 5","0","0%","0%"
"*06hf5*","Josh Moylan","NYY","1B,3B,INF","7175","FA","24","COL Wed 7:05PM","0","0%","0%"
"*05tcb*","Frank Mozzicato","KC","SP","7176","FA","23","ARI Wed 7:40PM","0","9%","0%"
"*06qj7*","Christian Mracna","(N/A)","RP","7177","FA","26","","0","0%","0%"
"*076vp*","Scott Mudler","PHI","C","7178","FA","23","HOU Wed 6:40PM","0","0%","0%"
"*075l4*","Mitch Mueller","MIN","RP","7179","FA","24","MIN 2<br/>@DET 7 F","0","0%","0%"
"*05y3m*","Zander Mueth","PIT","SP","7180","FA","21","@CHW Wed 7:40PM","0","3%","0%"
"*06rkt*","Armstrong Muhoozi","PIT","OF","7181","FA","19","@CHW Wed 7:40PM","0","0%","0%"
"*06k7v*","Cesar Mujica","PHI","C","7182","FA","19","HOU Wed 6:40PM","0","0%","0%"
"*06ibg*","Ren Mukunoki","(N/A)","SP","7183","FA","26","","0","0%","0%"
"*05ubs*","Nazier Mule","CHC","SP","7184","FA","21","@MIL Wed 7:40PM","0","1%","0%"
"*04epi*","Chris Muller","(N/A)","RP","7185","FA","30","","0","0%","0%"
"*041q4*","Kyle Muller","(N/A)","SP,RP","7186","FA","28","","0","0%","0%"
"*05y9b*","Michael Mullinax","(N/A)","OF","7187","FA","21","","0","0%","0%"
"*05uc2*","Hayden Mullins","BOS","SP","7188","FA","25","LAA Wed 6:45PM","0","2%","0%"
"*06shr*","Rui Muneyama","(N/A)","SS,INF","7189","FA","23","","0","0%","0%"
"*04pkx*","Ismael Munguia","TOR","OF","7190","FA","27","TOR 0<br/>@ATH 2 F","0","0%","0%"
"*0794l*","Charlie Muniz","SF","C","7191","FA","24","STL 6<br/>@SF 1","0","0%","0%"
"*06zac*","Izeah Muniz","COL","RP","7192","FA","22","@NYY Wed 7:05PM","0","0%","0%"
"*07619*","Juan Muniz","PIT","RP","7193","FA","18","@CHW Wed 7:40PM","0","0%","0%"
"*06yta*","Albert Munoz","CHW","RP","7194","FA","18","PIT Wed 7:40PM","0","0%","0%"
"*077a1*","Daniel Munoz","MIL","RP","7195","FA","17","CHC Wed 7:40PM","0","0%","0%"
"*072ev*","Derek Munoz","CLE","SP","7196","FA","18","@BAL Wed 6:35PM","0","0%","0%"
"*0637l*","Jean Munoz","SEA","RP","7197","FA","23","TEX 1<br/>@SEA 3","0","0%","0%"
"*072oy*","Ronny Munoz","MIA","SS,INF","7225","FA","17","NYM Wed 6:40PM","0","1%","0%"
"*05y7h*","Samuel Munoz","LAD","OF","7198","FA","21","CIN Wed 10:10PM","0","2%","0%"
"*072yg*","Yadier Munoz","CHC","SS,INF","7199","FA","17","@MIL Wed 7:40PM","0","0%","0%"
"*05rgo*","Yeuni Munoz","(N/A)","OF","7200","FA","22","","0","0%","0%"
"*06yy8*","Jake Munroe","LAA","3B,INF","7201","FA","22","@BOS Wed 6:45PM","0","5%","0%"
"*06hn4*","Aaron Munson","TOR","RP","7202","FA","24","TOR 0<br/>@ATH 2 F","0","0%","0%"
"*06idg*","Shoki Murakami","(N/A)","SP","7203","FA","28","","0","1%","0%"
"*078oh*","Steele Murdock","MIN","SP","7204","FA","21","MIN 2<br/>@DET 7 F","0","0%","0%"
"*05a07*","Penn Murfee","(N/A)","RP","7205","FA","32","","0","0%","0%"
"*077cn*","Anthony Murphy","(N/A)","OF","7206","FA","19","","0","0%","0%"
"*06hv6*","Chandler Murphy","TB","SP,RP","7207","FA","25","@ATL Wed 7:15PM","0","0%","0%"
"*05ydj*","Hayden Murphy","ARI","RP","7208","FA","23","@KC Wed 7:40PM","0","0%","0%"
"*06cn2*","John Murphy","(N/A)","RP","7209","FA","29","","0","0%","0%"
"*066a7*","Kai Murphy","SD","OF","7210","FA","26","WSH 2<br/>@SD 5","0","0%","0%"
"*031au*","Patrick Murphy","(N/A)","RP","7211","FA","31","","0","0%","0%"
"*05mrt*","Ryan Murphy","STL","RP","7212","FA","26","STL 6<br/>@SF 1","0","1%","0%"
"*066l9*","Shane Murphy","CHW","SP","7213","FA","25","PIT Wed 7:40PM","0","1%","0%"
"*02t8m*","Tom Murphy","(N/A)","C","7214","FA","35","","0","0%","0%"
"*05xpz*","Austin Murr","PHI","OF","7215","FA","27","HOU Wed 6:40PM","0","0%","0%"
"*05uc5*","Ethan Murray","MIL","2B,3B,SS,INF","7216","FA","26","CHC Wed 7:40PM","0","0%","0%"
"*05udf*","Ethan Murray","(N/A)","SS,INF","7217","FA","20","","0","0%","0%"
"*04pkn*","Kyler Murray","ATH","OF","7218","FA","29","TOR 0<br/>@ATH 2 F","0","0%","0%"
"*06ul2*","Zach Murray","(N/A)","SP","7219","FA","24","","0","0%","0%"
"*06cq3*","Andruw Musett","BOS","C","7220","FA","20","LAA Wed 6:45PM","0","0%","0%"
"*02bqy*","Joe Musgrove","SD","SP","7221","Ka-Chow","33","WSH 2<br/>@SD 5","0","67%","-3%"
"*06fql*","Tucker Musgrove","SD","SP","7222","FA","24","WSH 2<br/>@SD 5","0","2%","0%"
"*06r3f*","Cesar Muzziotti","(N/A)","SP","7223","FA","19","","0","0%","0%"
"*03zxj*","Simon Muzziotti","(N/A)","OF","7224","FA","27","","0","0%","0%"
"*04pvr*","Tanner Myatt","(N/A)","RP","7226","FA","28","","0","0%","0%"
"*075kv*","Braylon Myers","CHC","RP","7227","FA","23","@MIL Wed 7:40PM","0","0%","0%"
"*06yw8*","Carson Myers","TOR","RP","7228","FA","23","TOR 0<br/>@ATH 2 F","0","0%","0%"
"*06qi8*","Kole Myers","LAD","OF","7229","FA","25","CIN Wed 10:10PM","0","0%","0%"
"*066qu*","Mitch Myers","ATH","RP","7230","FA","27","TOR 0<br/>@ATH 2 F","0","0%","0%"
"*06o0o*","Noah Myers","TB","OF","7231","FA","26","@ATL Wed 7:15PM","0","0%","0%"
"*066r5*","Tyler Myrick","(N/A)","RP","7232","FA","28","","0","0%","0%"
"*076qr*","Nate Nabholz","SF","RP","7234","FA","25","STL 6<br/>@SF 1","0","0%","0%"
"*078h4*","Eric Nachtsheim","SF","SP","7235","FA","22","STL 6<br/>@SF 1","0","0%","0%"
"*05g4m*","Deivis Nadal","(N/A)","SS,INF","7236","FA","24","","0","0%","0%"
"*06ds8*","Demetrio Nadal","(N/A)","OF","7237","FA","22","","0","0%","0%"
"*0744x*","Wyatt Nadeau","(N/A)","SP","7238","FA","19","","0","0%","0%"
"*078v7*","Griffin Naess","CHC","SP","7239","FA","21","@MIL Wed 7:40PM","0","0%","0%"
"*05t29*","Joe Nahas","(N/A)","RP","7240","FA","26","","0","0%","0%"
"*03qwi*","James Naile","(N/A)","RP","7241","FA","33","","0","0%","0%"
"*06qe3*","Raisei Nakamura","(N/A)","RP","7242","FA","23","","0","0%","0%"
"*0662v*","Taishi Nakawake","(N/A)","3B,INF","7243","FA","28","","0","0%","0%"
"*06uw5*","Anderson Nance","(N/A)","RP","7244","FA","20","","0","0%","0%"
"*06fr1*","Nate Nankil","ATH","OF","7245","FA","23","TOR 0<br/>@ATH 2 F","0","1%","0%"
"*06uml*","Luke Napleton","(N/A)","C","7246","FA","24","","0","0%","0%"
"*02j2u*","Tyler Naquin","(N/A)","RP","7247","FA","35","","0","0%","0%"
"*0512x*","Joe Naranjo","(N/A)","1B,INF","7248","FA","25","","0","0%","0%"
"*0731n*","Karel Naranjo","CLE","SS,INF","7249","FA","17","@BAL Wed 6:35PM","0","0%","0%"
"*06rrh*","Brayan Narvaez","SF","SP","7250","FA","21","STL 6<br/>@SF 1","0","0%","0%"
"*05xo1*","Efrenyer Narvaez","(N/A)","C","7251","FA","24","","0","0%","0%"
"*043f8*","Omar Narvaez","(N/A)","C","7252","FA","34","","0","0%","0%"
"*078jx*","Jackson Nash","TEX","RP","7253","FA","21","TEX 1<br/>@SEA 3","0","0%","0%"
"*078ru*","Aemed Nasser","LAD","OF","7254","FA","18","CIN Wed 10:10PM","0","0%","0%"
"*05wbp*","Nick Nastrini","(N/A)","SP,RP","7255","FA","26","","0","1%","0%"
"*073k2*","Diego Natera","CHW","C","7256","FA","18","PIT Wed 7:40PM","0","0%","0%"
"*077sb*","Jimmy Nati","KC","3B,INF","7257","FA","23","ARI Wed 7:40PM","0","0%","0%"
"*077pl*","Jack Natili","COL","C","7258","FA","21","@NYY Wed 7:05PM","0","0%","0%"
"*060ve*","Tim Naughton","(N/A)","RP","7259","FA","30","","0","0%","0%"
"*051wm*","Andrick Nava","MIL","C","7260","FA","24","CHC Wed 7:40PM","0","0%","0%"
"*06rfu*","Bryce Navarre","(N/A)","SP","7261","FA","20","","0","0%","0%"
"*078xt*","Cesar Navarro","ATL","SP","7262","FA","17","TB Wed 7:15PM","0","0%","0%"
"*06r59*","Cristian Navarro","(N/A)","SP","7263","FA","19","","0","0%","0%"
"*03zxk*","Cristopher Navarro","(N/A)","3B,INF","7264","FA","27","","0","0%","0%"
"*05xnu*","Diego Navarro","(N/A)","RP","7265","FA","23","","0","0%","0%"
"*06mq3*","Reinold Navarro","PIT","SP","7266","FA","19","@CHW Wed 7:40PM","0","4%","0%"
"*06iaz*","Ruddy Navarro","SEA","SP","7267","FA","20","TEX 1<br/>@SEA 3","0","0%","0%"
"*06jfa*","Anderson Navas","PHI","C,1B,INF","7268","FA","19","HOU Wed 6:40PM","0","0%","0%"
"*051fb*","Andrew Navigato","DET","1B,SS,INF","7269","FA","28","MIN 2<br/>@DET 7 F","0","0%","0%"
"*077eh*","Lucas Nawrocki","(N/A)","SP","7270","FA","18","","0","0%","0%"
"*06cqm*","Myles Naylor","ATH","3B,INF","7271","FA","21","TOR 0<br/>@ATH 2 F","0","2%","0%"
"*078jo*","Mathis Nayral","TOR","SP","7272","FA","22","TOR 0<br/>@ATH 2 F","0","0%","0%"
"*05u37*","Brady Neal","CIN","C","7273","FA","21","@LAD Wed 10:10PM","0","0%","0%"
"*06ykw*","Keaton Neal","(N/A)","SS,INF","7274","FA","18","","0","0%","0%"
"*067z3*","Vaughn Necker","(N/A)","SP","7275","FA","19","","0","0%","0%"
"*075ts*","Jack Nedrow","TOR","SP","7276","FA","23","TOR 0<br/>@ATH 2 F","0","0%","0%"
"*06589*","Brandon Neeck","PIT","RP","7277","FA","26","@CHW Wed 7:40PM","0","1%","0%"
"*077ye*","Weber Neels","ARI","C","7278","FA","23","@KC Wed 7:40PM","0","0%","0%"
"*06mw1*","Brandon Neely","BOS","SP,RP","7279","FA","23","LAA Wed 6:45PM","0","1%","0%"
"*05y7r*","Jack Neely","CHC","RP","7280","FA","26","@MIL Wed 7:40PM","0","1%","0%"
"*04mr8*","Juan Carlos Negret","(N/A)","OF","7281","FA","27","","0","0%","0%"
"*078to*","Mikiah Negrete","COL","SP","7282","FA","23","@NYY Wed 7:05PM","0","0%","0%"
"*06cq9*","Tyson Neighbors","BAL","RP","7283","FA","23","CLE Wed 6:35PM","0","5%","0%"
"*06zad*","Cameron Nelson","COL","OF","7284","FA","22","@NYY Wed 7:05PM","0","0%","0%"
"*03qum*","James Nelson","(N/A)","3B,INF,OF","7285","FA","28","","0","0%","0%"
"*04eny*","Kyle Nelson","(N/A)","RP","7286","FA","30","","0","0%","0%"
"*05tq0*","Mat Nelson","(N/A)","C","7287","FA","27","","0","0%","0%"
"*041r9*","Nick Nelson","(N/A)","RP","7288","FA","30","","0","0%","0%"
"*06yk1*","Riley Nelson","CLE","1B,INF","7289","FA","22","@BAL Wed 6:35PM","0","0%","0%"
"*077qc*","Ryan Nelson","CIN","RP","7290","FA","20","@LAD Wed 10:10PM","0","0%","0%"
"*03h90*","Hector Neris","(N/A)","RP","7291","FA","37","","0","0%","0%"
"*066a6*","Braden Nett","ATH","SP","7292","FA","24","TOR 0<br/>@ATH 2 F","0","8%","0%"
"*06uq2*","Dawson Netz","CHC","SP,RP","7293","FA","26","@MIL Wed 7:40PM","0","0%","0%"
"*0792e*","Tony Neubeck","WSH","SP","7294","FA","23","WSH 2<br/>@SD 5","0","0%","0%"
"*06fsk*","Mitch Neunborn","PHI","SP,RP","7295","FA","29","HOU Wed 6:40PM","0","0%","0%"
"*06yy7*","Dalton Neuschwander","BAL","SP","7296","FA","24","CLE Wed 6:35PM","0","0%","0%"
"*06ute*","Mason Neville","CIN","OF","7297","FA","22","@LAD Wed 10:10PM","0","4%","0%"
"*064nl*","Kyle Nevin","LAD","1B,3B,INF","7298","FA","25","CIN Wed 10:10PM","0","0%","0%"
"*03pok*","Tyler Nevin","(N/A)","3B,INF","7299","FA","29","","0","0%","0%"
"*078rx*","Cody New","LAD","SP","7300","FA","21","CIN Wed 10:10PM","0","0%","0%"
"*05jws*","Chris Newell","LAD","OF","7301","FA","25","CIN Wed 10:10PM","0","1%","0%"
"*0790s*","Josh Newell","NYY","SP","7302","FA","22","COL Wed 7:05PM","0","0%","0%"
"*06c5k*","DJ Newman","HOU","SP","7303","FA","23","@PHI Wed 6:40PM","0","0%","0%"
"*03pj2*","Kevin Newman","KC","3B,SS,INF","7304","FA","33","ARI Wed 7:40PM","0","1%","0%"
"*03yt7*","Ljay Newsome","(N/A)","SP","7305","FA","29","","0","0%","0%"
"*06zab*","Austin Newton","COL","SP,RP","7306","FA","22","@NYY Wed 7:05PM","0","0%","0%"
"*06um6*","Ben Newton","ATH","3B,INF","7307","FA","24","TOR 0<br/>@ATH 2 F","0","0%","0%"
"*04mjm*","Shervyen Newton","(N/A)","SS,INF","7308","FA","27","","0","0%","0%"
"*05yak*","Xavier Neyens","HOU","3B,INF","7309","FA","19","@PHI Wed 6:40PM","0","31%","0%"
"*064ou*","Cherif Neymour","(N/A)","SS,INF","7310","FA","21","","0","0%","0%"
"*06dlx*","Jackson Nezuh","HOU","SP","7311","FA","24","@PHI Wed 6:40PM","0","1%","0%"
"*06rqt*","Roiber Niazoa","(N/A)","1B,INF","7312","FA","21","","0","0%","0%"
"*05y48*","Kay-Lan Nicasia","(N/A)","OF","7313","FA","24","","0","0%","0%"
"*0701q*","Mason Nichols","TB","RP","7314","FA","23","@ATL Wed 7:15PM","0","0%","0%"
"*05ucb*","T.J. Nichols","TB","SP","7315","FA","24","@ATL Wed 7:15PM","0","13%","0%"
"*06op0*","Ryan Nicholson","LAA","1B,INF","7316","FA","26","@BOS Wed 6:45PM","0","0%","0%"
"*06v4y*","Cameron Nickens","STL","OF","7317","FA","23","STL 6<br/>@SF 1","0","0%","0%"
"*06qpx*","Jackson Nicklaus","(N/A)","1B,INF","7318","FA","23","","0","0%","0%"
"*02n1i*","Tomas Nido","BOS","C","7319","FA","32","LAA Wed 6:45PM","0","0%","0%"
"*06cqo*","Angel Nieblas","(N/A)","3B,INF","7320","FA","21","","0","0%","0%"
"*078tk*","Ryan Niedzwiedz","COL","1B,INF","7321","FA","21","@NYY Wed 7:05PM","0","0%","0%"
"*0649c*","Cy Nielson","PIT","RP","7322","FA","25","@CHW Wed 7:40PM","0","0%","0%"
"*04odg*","Quincy Nieporte","(N/A)","1B,INF","7323","FA","32","","0","0%","0%"
"*0664a*","Hayden Nierman","BAL","RP","7324","FA","26","CLE Wed 6:35PM","0","0%","0%"
"*05yb2*","Hector Nieves","(N/A)","2B,INF","7325","FA","23","","0","0%","0%"
"*06su3*","Marlon Nieves","LAD","SP","7326","FA","21","CIN Wed 10:10PM","0","2%","0%"
"*076sl*","Brandon Nigh","HOU","3B,INF","7327","FA","22","@PHI Wed 6:40PM","0","0%","0%"
"*05rit*","Frank Nigro","(N/A)","C","7328","FA","29","","0","0%","0%"
"*06zcj*","Peyton Niksch","MIL","SP","7329","FA","22","CHC Wed 7:40PM","0","0%","0%"
"*06qwl*","Dominic Niman","TB","RP","7330","FA","26","@ATL Wed 7:15PM","0","0%","0%"
"*05y3p*","Arjun Nimmala","LAA","SS,INF","7331","FA","20","@BOS Wed 6:45PM","0","38%","0%"
"*075rz*","Brayden Nims","(N/A)","OF","7332","FA","14","","0","0%","0%"
"*061u3*","Yerald Nin","ARI","2B,SS,INF","7333","FA","21","@KC Wed 7:40PM","0","0%","0%"
"*05gdw*","Haruki Nishikawa","(N/A)","2B,INF","7334","FA","34","","0","0%","0%"
"*05r0y*","Vinny Nittoli","(N/A)","RP","7335","FA","35","","0","0%","0%"
"*06ybc*","Maika Niu","NYY","SS,INF","7336","FA","22","COL Wed 7:05PM","0","0%","0%"
"*0731q*","Cesar Nivar","CLE","OF","7337","FA","17","@BAL Wed 6:35PM","0","0%","0%"
"*06qfn*","Jormy Nivar","TEX","SP,RP","7338","FA","23","TEX 1<br/>@SEA 3","0","0%","0%"
"*06dn8*","Spencer Nivens","KC","OF","7339","FA","24","ARI Wed 7:40PM","0","1%","0%"
"*06hf4*","Aaron Nixon","BOS","RP","7340","FA","25","LAA Wed 6:45PM","0","0%","0%"
"*0779n*","Luke Nixon","SF","2B,INF","7341","FA","21","STL 6<br/>@SF 1","0","0%","0%"
"*06u6i*","Jack Noble","(N/A)","RP","7342","FA","26","","0","0%","0%"
"*04enw*","Ryan Noda","BAL","1B,INF","7343","FA","30","CLE Wed 6:35PM","0","1%","0%"
"*062jy*","Yordan Nodal","(N/A)","RP","7344","FA","24","","0","0%","0%"
"*04yrs*","Jhonkensy Noel","(N/A)","OF","7345","FA","25","","0","3%","0%"
"*041so*","Stephen Nogosek","(N/A)","RP","7346","FA","31","","0","0%","0%"
"*06zgp*","Cameron Nohos","(N/A)","RP","7347","FA","23","","0","0%","0%"
"*06su6*","Chance Nolan","(N/A)","RP","7348","FA","27","","0","0%","0%"
"*065iy*","Connor Noland","CHC","SP","7349","FA","27","@MIL Wed 7:40PM","0","1%","0%"
"*05g4n*","Rodolfo Nolasco","(N/A)","OF","7350","FA","24","","0","0%","0%"
"*061jb*","Yohemy Nolasco","(N/A)","RP","7351","FA","23","","0","0%","0%"
"*06rj5*","Andres Nolaya","BAL","C","7352","FA","21","CLE Wed 6:35PM","0","0%","0%"
"*02hia*","Sean Nolin","(N/A)","RP","7353","FA","36","","0","0%","0%"
"*05ycg*","Jaden Noot","(N/A)","SP","7354","FA","22","","0","0%","0%"
"*06rsd*","Ethan Norby","CIN","SP","7355","FA","21","@LAD Wed 10:10PM","0","0%","0%"
"*06649*","Trey Nordmann","BAL","RP","7356","FA","25","CLE Wed 6:35PM","0","0%","0%"
"*06ien*","Dante Nori","PHI","OF","7357","FA","21","HOU Wed 6:40PM","0","12%","0%"
"*064oy*","Franyer Noria","(N/A)","3B,INF","7358","FA","21","","0","0%","0%"
"*06587*","Branden Noriega","(N/A)","SP","7359","FA","25","","0","0%","0%"
"*06s34*","Cruz Noriega","(N/A)","RP","7360","FA","28","","0","0%","0%"
"*03xu8*","Takahiro Norimoto","(N/A)","SP","7361","FA","35","","0","0%","0%"
"*078vj*","Ross Normal","(N/A)","SP","7362","FA","22","","0","0%","0%"
"*078vw*","Ross Norman","BAL","SP","7363","FA","22","CLE Wed 6:35PM","0","0%","0%"
"*066jr*","Satchell Norman","(N/A)","C,1B,INF","7364","FA","24","","0","0%","0%"
"*05lg2*","Liam Norris","(N/A)","RP","7365","FA","25","","0","0%","0%"
"*077s9*","Ben North","KC","SS,INF","7366","FA","23","ARI Wed 7:40PM","0","0%","0%"
"*04pvt*","Nicholas Northcut","(N/A)","3B,INF","7367","FA","27","","0","0%","0%"
"*031bm*","Jacob Nottingham","SEA","C","7368","FA","31","TEX 1<br/>@SEA 3","0","0%","0%"
"*06um5*","Jose Nova","MIL","RP","7369","FA","24","CHC Wed 7:40PM","0","0%","0%"
"*061z8*","Josi Novas","KC","3B,SS,INF","7370","FA","21","ARI Wed 7:40PM","0","0%","0%"
"*06zf4*","Jackson Nove","ATH","RP","7371","FA","24","TOR 0<br/>@ATH 2 F","0","0%","0%"
"*06rhf*","Kevin Novoa","(N/A)","1B,INF","7372","FA","22","","0","0%","0%"
"*06qvp*","Tucker Novotny","ATH","SP,RP","7373","FA","23","TOR 0<br/>@ATH 2 F","0","0%","0%"
"*06zar*","Luke Nowak","KC","OF","7374","FA","23","ARI Wed 7:40PM","0","0%","0%"
"*078sp*","Owen Nowak","HOU","OF","7375","FA","21","@PHI Wed 6:40PM","0","0%","0%"
"*060x0*","Jaylen Nowlin","MIN","RP","7376","FA","25","MIN 2<br/>@DET 7 F","0","0%","0%"
"*06jfm*","Jemone Nuel","BAL","SS,INF","7377","FA","19","CLE Wed 6:35PM","0","1%","0%"
"*0724a*","Angel Nunez Jr.","CIN","OF","7378","FA","17","@LAD Wed 10:10PM","0","8%","0%"
"*06ag3*","Abraham Nunez","CHW","OF","7379","FA","20","PIT Wed 7:40PM","0","0%","0%"
"*066s6*","Alejandro Nunez","HOU","2B,3B,SS,INF","7380","FA","22","@PHI Wed 6:40PM","0","0%","0%"
"*078v8*","Corey Nunez","CHC","3B,INF","7381","FA","22","@MIL Wed 7:40PM","0","0%","0%"
"*06r8i*","Daniel Nunez","ARI","SP,RP","7382","FA","23","@KC Wed 7:40PM","0","0%","0%"
"*03xla*","Darien Nunez","(N/A)","RP","7383","FA","33","","0","0%","0%"
"*03125*","Dom Nunez","CLE","C","7384","FA","31","@BAL Wed 6:35PM","0","0%","0%"
"*06l0i*","Eduarniel Nunez","CHC","RP","7403","FA","27","@MIL Wed 7:40PM","0","1%","0%"
"*05lt9*","Edwin Nunez","(N/A)","RP","7385","FA","24","","0","0%","0%"
"*0603i*","Elijah Nunez","WSH","OF","7386","FA","24","WSH 2<br/>@SD 5","0","0%","0%"
"*06phu*","German Nunez","(N/A)","SP","7387","FA","24","","0","0%","0%"
"*06rgj*","Irvin Nunez","MIN","C","7388","FA","20","MIN 2<br/>@DET 7 F","0","0%","0%"
"*06r5s*","Jorge Nunez","ATL","RP","7389","FA","19","TB Wed 7:15PM","0","0%","0%"
"*063a0*","Juan Nunez","BAL","RP","7390","FA","25","CLE Wed 6:35PM","0","1%","0%"
"*06qzk*","Juan Nunez","HOU","RP","7391","FA","22","@PHI Wed 6:40PM","0","0%","0%"
"*06rlm*","Lennyn Nunez","(N/A)","OF","7392","FA","23","","0","0%","0%"
"*04rzr*","Malcom Nunez","(N/A)","3B,INF","7393","FA","25","","0","1%","0%"
"*06qzo*","Pablo Nunez","CIN","OF","7394","FA","19","@LAD Wed 10:10PM","0","0%","0%"
"*06rt8*","Pedro Nunez","COL","SP","7395","FA","18","@NYY Wed 7:05PM","0","0%","0%"
"*04xf0*","Rainer Nunez","(N/A)","1B,INF","7396","FA","25","","0","0%","0%"
"*06cqq*","Starlyn Nunez","BOS","3B,SS,INF","7397","FA","20","LAA Wed 6:45PM","0","1%","0%"
"*06rin*","Vicent Nunez","(N/A)","C","7398","FA","21","","0","0%","0%"
"*06r6q*","Zeus Nunez","(N/A)","UT","7399","FA","19","","0","0%","0%"
"*06r20*","James Nunnallee","(N/A)","OF","7400","FA","20","","0","0%","0%"
"*05jrm*","Jordan Nwogu","CHC","OF","7401","FA","27","@MIL Wed 7:40PM","0","1%","0%"
"*067yo*","Austin Nye","(N/A)","C","7402","FA","20","","0","0%","0%"
"*06z04*","Kellan Oakes","HOU","RP","7427","FA","22","@PHI Wed 6:40PM","0","0%","0%"
"*06hf0*","Joey Oakie","CLE","SP","7428","FA","20","@BAL Wed 6:35PM","0","10%","0%"
"*0766g*","Angel Obando","TOR","RP","7429","FA","27","TOR 0<br/>@ATH 2 F","0","0%","0%"
"*06id0*","Cade Obermueller","PHI","SP","7430","FA","23","HOU Wed 6:40PM","0","4%","0%"
"*06um4*","Jimmy Obertop","COL","1B,INF","7431","FA","26","@NYY Wed 7:05PM","0","0%","0%"
"*06v2f*","Emilio Obispo","NYM","SP","7432","FA","20","@MIA Wed 6:40PM","0","0%","0%"
"*06ajp*","Juan Obispo","WSH","OF","7433","FA","20","WSH 2<br/>@SD 5","0","0%","0%"
"*06yw4*","Brady O'Brien","SEA","3B,INF","7404","FA","24","TEX 1<br/>@SEA 3","0","0%","0%"
"*05yfv*","Ryan Och","SD","RP","7434","FA","28","WSH 2<br/>@SD 5","0","0%","0%"
"*0664i*","Nathaniel Ochoa Leyva","(N/A)","OF","7435","FA","22","","0","0%","0%"
"*06klf*","Carlos Ochoa","MIA","RP","7436","FA","19","NYM Wed 6:40PM","0","0%","0%"
"*06s4b*","Jhonger Ochoa","DET","2B,INF","7437","FA","18","MIN 2<br/>@DET 7 F","0","0%","0%"
"*06fto*","Nehomar Ochoa","HOU","OF","7438","FA","21","@PHI Wed 6:40PM","0","1%","0%"
"*078vq*","Dylan O'Connell","ATH","OF","7405","FA","22","TOR 0<br/>@ATH 2 F","0","0%","0%"
"*06agd*","Jack O'Connor","LAD","RP","7406","FA","22","CIN Wed 10:10PM","0","0%","0%"
"*06ekg*","Yoiber Ocopio","SD","C","7439","FA","22","WSH 2<br/>@SD 5","0","0%","0%"
"*078zh*","Shoki Oda","(N/A)","SP,RP","7440","FA","0","","0","0%","0%"
"*06hwr*","Jacob Odle","STL","SP","7441","FA","22","STL 6<br/>@SF 1","0","5%","0%"
"*06dqq*","Ethan O'Donnell","MIA","OF","7407","FA","24","NYM Wed 6:40PM","0","1%","0%"
"*06fpl*","Trennor O'Donnell","BOS","RP","7408","FA","25","LAA Wed 6:45PM","0","0%","0%"
"*074vx*","Jack O'Dowd","COL","2B,INF","7409","FA","25","@NYY Wed 7:05PM","0","1%","0%"
"*06c2e*","Shawndrick Oduber","(N/A)","RP","7442","FA","21","","0","0%","0%"
"*062k7*","Griff O'Ferrall","BAL","2B,SS,INF","7410","FA","23","CLE Wed 6:35PM","0","3%","0%"
"*06ak7*","Adrian Ogando","(N/A)","RP","7443","FA","22","","0","0%","0%"
"*06ig0*","Gerald Ogando","BAL","RP","7444","FA","26","CLE Wed 6:35PM","0","0%","0%"
"*06hwb*","Joan Ogando","HOU","SP,RP","7445","FA","22","@PHI Wed 6:40PM","0","0%","0%"
"*0700k*","Jostin Ogando","BOS","1B,INF","7446","FA","18","LAA Wed 6:45PM","0","0%","0%"
"*06eyo*","Luis Ogando","(N/A)","3B,INF","7447","FA","22","","0","0%","0%"
"*066fv*","Keshawn Ogans","ATL","3B,INF","7448","FA","25","TB Wed 7:15PM","0","0%","0%"
"*06l54*","Shinnosuke Ogasawara","(N/A)","RP","7449","FA","28","","0","3%","0%"
"*06ktq*","Shuto Ogata","(N/A)","SP","7450","FA","27","","0","0%","0%"
"*077s6*","Jake Ogden","NYM","SS,INF","7451","FA","22","@MIA Wed 6:40PM","0","0%","0%"
"*041rt*","Braeden Ogle","(N/A)","RP","7452","FA","29","","0","0%","0%"
"*06ekp*","Connor O'Halloran","TOR","SP","7411","FA","24","TOR 0<br/>@ATH 2 F","0","0%","0%"
"*072bu*","Connor O'Hara","TEX","RP","7412","FA","25","TEX 1<br/>@SEA 3","0","0%","0%"
"*0790y*","Toran O'Harran","SF","RP","7413","FA","23","STL 6<br/>@SF 1","0","0%","0%"
"*05svl*","Rafael Ohashi","(N/A)","SP","7453","FA","23","","0","0%","0%"
"*0790p*","Keegan O'Hearn","NYM","RP","7414","FA","22","@MIA Wed 6:40PM","0","0%","0%"
"*05ylk*","Pierson Ohl","COL","SP,RP","7454","FA","26","@NYY Wed 7:05PM","0","1%","0%"
"*07342*","Jack Ohman","(N/A)","SP","7455","FA","20","","0","0%","0%"
"*06smt*","Ryo Ohta","(N/A)","2B,INF","7456","FA","25","","0","0%","0%"
"*0722o*","Ryosuke Ohtsu","(N/A)","SP","7457","FA","27","","0","0%","0%"
"*06r5g*","Michell Ojeda","PIT","2B,INF","7458","FA","19","@CHW Wed 7:40PM","0","0%","0%"
"*0778w*","Poly Ojeda","NYY","C,1B,INF","7459","FA","17","COL Wed 7:05PM","0","0%","0%"
"*0778b*","Ricky Ojeda","(N/A)","RP","7460","FA","20","","0","0%","0%"
"*03dg6*","Brian O'Keefe","(N/A)","C","7415","FA","33","","0","0%","0%"
"*03ywx*","Chris Okey","(N/A)","C","7461","FA","31","","0","0%","0%"
"*060z3*","Yasunobu Okugawa","(N/A)","SP","7462","FA","25","","0","0%","0%"
"*06sbb*","Billy Oldham","MIN","SP","7463","FA","25","MIN 2<br/>@DET 7 F","0","0%","0%"
"*078mo*","Liam O'Leary","PIT","SP","7416","FA","21","@CHW Wed 7:40PM","0","0%","0%"
"*06pgo*","Peyton Olejnik","LAA","SP","7464","FA","23","@BOS Wed 6:45PM","0","0%","0%"
"*06437*","Ricardo Olivar","MIN","C,OF","7465","FA","25","MIN 2<br/>@DET 7 F","0","2%","0%"
"*04c8q*","Edward Olivares","(N/A)","OF","7466","FA","30","","0","0%","0%"
"*06307*","Jose Olivares","MIN","SP","7467","FA","23","MIN 2<br/>@DET 7 F","0","0%","0%"
"*04yjb*","Helcris Olivarez","(N/A)","RP","7468","FA","26","","0","0%","0%"
"*06l2t*","Connor Oliver","PIT","SP,RP","7469","FA","25","@CHW Wed 7:40PM","0","0%","0%"
"*06c82*","Ronny Oliver","(N/A)","SP","7470","FA","22","","0","0%","0%"
"*06xwb*","Michael Oliveto","DET","C","7471","FA","19","MIN 2<br/>@DET 7 F","0","3%","0%"
"*06r6o*","Carlos Olivo","TOR","SP","7472","FA","19","TOR 0<br/>@ATH 2 F","0","0%","0%"
"*05y49*","Christian Olivo","CHC","3B,INF","7473","FA","22","@MIL Wed 7:40PM","0","0%","0%"
"*0730x*","Douglas Olivo","DET","OF","7474","FA","17","MIN 2<br/>@DET 7 F","0","0%","0%"
"*0422w*","Adam Oller","(N/A)","SP","7475","FA","31","","0","0%","0%"
"*06sbd*","Kleiber Olmedo","SD","SP,RP","7476","FA","22","WSH 2<br/>@SD 5","0","0%","0%"
"*05yio*","Juan Olmos","KC","RP","7477","FA","21","ARI Wed 7:40PM","0","0%","0%"
"*06hod*","Johnny Olmstead","MIA","2B,SS,INF","7478","FA","26","NYM Wed 6:40PM","0","0%","0%"
"*072yi*","Finnian O'Loughlin","(N/A)","OF,SP,RP","7417","FA","17","","0","0%","0%"
"*04n1l*","Jack O'Loughlin","(N/A)","SP","7418","FA","26","","0","0%","0%"
"*06gj1*","Joe Olsavsky","ATL","1B,3B,INF","7479","FA","24","TB Wed 7:15PM","0","0%","0%"
"*04pw4*","Jon Olsen","(N/A)","SP","7480","FA","29","","0","0%","0%"
"*05y74*","Mat Olsen","(N/A)","SP","7481","FA","26","","0","0%","0%"
"*06qtb*","Bryant Olson","WSH","RP","7482","FA","23","WSH 2<br/>@SD 5","0","0%","0%"
"*06ek6*","Emmett Olson","MIA","SP","7483","FA","24","NYM Wed 6:40PM","0","0%","0%"
"*06y08*","Mason Olson","TOR","SP","7484","FA","24","TOR 0<br/>@ATH 2 F","0","0%","0%"
"*04px8*","Reese Olson","DET","SP","7485","FA","27","MIN 2<br/>@DET 7 F","0","32%","0%"
"*05yl2*","Diego Omana","CIN","C","7486","FA","23","@LAD Wed 10:10PM","0","0%","0%"
"*078th*","Robert Omidi","DET","3B,INF","7487","FA","18","MIN 2<br/>@DET 7 F","0","0%","0%"
"*06qoi*","Hunter Omlid","COL","RP","7488","FA","26","@NYY Wed 7:05PM","0","0%","0%"
"*06mw6*","Sann Omosako","TOR","SP","7489","FA","20","TOR 0<br/>@ATH 2 F","0","0%","0%"
"*05jqb*","Steven Ondina","(N/A)","OF","7490","FA","24","","0","0%","0%"
"*06yy6*","Conner O'Neal","LAD","C","7419","FA","24","CIN Wed 10:10PM","0","0%","0%"
"*051ff*","Matt O'Neill","ARI","C","7420","FA","29","@KC Wed 7:40PM","0","0%","0%"
"*03dpe*","Benjamin Onyshko","(N/A)","SP,RP","7491","FA","29","","0","0%","0%"
"*06zf9*","Andrews Opata","BOS","OF","7492","FA","22","LAA Wed 6:45PM","0","0%","0%"
"*05jpj*","Casey Opitz","CHC","C","7493","FA","28","@MIL Wed 7:40PM","0","0%","0%"
"*06f1q*","Christian Oppor","CHW","SP","7494","FA","22","PIT Wed 7:40PM","0","13%","0%"
"*051cp*","Johzan Oquendo","(N/A)","RP","7495","FA","25","","0","0%","0%"
"*072yr*","Easton O'Quinn","(N/A)","3B,INF","7421","FA","15","","0","0%","0%"
"*064nx*","Dylan O'Rae","MIL","2B,INF,OF","7422","FA","22","CHC Wed 7:40PM","0","1%","0%"
"*07782*","Dayron Oramas","NYM","SS,INF","7496","FA","17","@MIA Wed 6:40PM","0","0%","0%"
"*06rhn*","Edgardo Ordonez","MIL","C","7497","FA","22","CHC Wed 7:40PM","0","0%","0%"
"*06ri3*","Jesus Ordonez","(N/A)","C","7498","FA","26","","0","0%","0%"
"*06r21*","John O'Reilly","(N/A)","RP","7423","FA","30","","0","0%","0%"
"*06ax1*","Douglas Orellana","NYM","RP","7499","FA","24","@MIA Wed 6:40PM","0","0%","0%"
"*06qxt*","Erny Orellana","LAD","OF","7500","FA","19","CIN Wed 10:10PM","0","0%","0%"
"*06rja*","Josnaider Orellana","BAL","C","7501","FA","21","CLE Wed 6:35PM","0","0%","0%"
"*06huf*","Brennan Orf","(N/A)","1B,INF","7502","FA","25","","0","0%","0%"
"*078s1*","Robert Orloski","LAA","SP","7503","FA","21","@BOS Wed 6:45PM","0","0%","0%"
"*04aov*","Tirso Ornelas","SD","OF","7504","FA","26","WSH 2<br/>@SD 5","0","4%","0%"
"*076g3*","Enrique Oropeza","CHC","OF","7505","FA","17","@MIL Wed 7:40PM","0","2%","0%"
"*06rw7*","Rafael Oropeza","(N/A)","SS,INF","7506","FA","18","","0","0%","0%"
"*06yw5*","Tommy O'Rourke","NYY","RP","7424","FA","24","COL Wed 7:05PM","0","0%","0%"
"*066m5*","Maikol Orozco","DET","OF","7507","FA","21","MIN 2<br/>@DET 7 F","0","0%","0%"
"*06zin*","Brayan Orrantia","BAL","RP","7508","FA","21","CLE Wed 6:35PM","0","0%","0%"
"*0733x*","Diego Orro","DET","OF","7509","FA","17","MIN 2<br/>@DET 7 F","0","0%","0%"
"*05rfn*","Kaleb Ort","LAA","RP","7510","FA","34","@BOS Wed 6:45PM","0","0%","0%"
"*064nz*","Jorel Ortega","MIN","2B,INF","7511","FA","25","MIN 2<br/>@DET 7 F","0","0%","0%"
"*06ra8*","Jose Ortega","SD","RP","7512","FA","21","WSH 2<br/>@SD 5","0","0%","0%"
"*06rj4*","Juan Ortega","BAL","C","7513","FA","20","CLE Wed 6:35PM","0","0%","0%"
"*050ig*","Oliver Ortega","(N/A)","RP","7514","FA","29","","0","0%","0%"
"*022vt*","Rafael Ortega","(N/A)","OF","7515","FA","35","","0","0%","0%"
"*06sao*","Raynerd Ortega","(N/A)","2B,INF","7516","FA","21","","0","0%","0%"
"*066pr*","Victor Ortega","MIA","C","7517","FA","22","NYM Wed 6:40PM","0","0%","0%"
"*06qyg*","Andres Ortiz","DET","SP","7518","FA","20","MIN 2<br/>@DET 7 F","0","0%","0%"
"*06r8h*","Angel Ortiz","ARI","OF","7519","FA","23","@KC Wed 7:40PM","0","0%","0%"
"*06r77*","Avery Ortiz","WSH","2B,INF","7520","FA","21","WSH 2<br/>@SD 5","0","0%","0%"
"*0765g*","Berny Ortiz","BOS","SP","7521","FA","21","LAA Wed 6:45PM","0","0%","0%"
"*06c2t*","Capri Ortiz","LAA","SS,INF","7522","FA","21","@BOS Wed 6:45PM","0","0%","0%"
"*05ilo*","D'Angelo Ortiz","BOS","1B,3B,INF","7523","FA","22","LAA Wed 6:45PM","0","1%","0%"
"*06r41*","David Ortiz","TEX","1B,INF","7524","FA","19","TEX 1<br/>@SEA 3","0","0%","0%"
"*06pg4*","Deniel Ortiz","STL","1B,3B,INF","7525","FA","22","STL 6<br/>@SF 1","0","11%","0%"
"*066a5*","Devin Ortiz","WSH","3B,INF","7526","FA","27","WSH 2<br/>@SD 5","0","0%","0%"
"*062z9*","German Ortiz","ATH","1B,INF","7527","FA","22","TOR 0<br/>@ATH 2 F","0","0%","0%"
"*0657v*","Jankel Ortiz","(N/A)","SS,INF","7528","FA","22","","0","0%","0%"
"*06mdk*","JeanPierre Ortiz","CIN","SP,RP","7529","FA","22","@LAD Wed 10:10PM","0","0%","0%"
"*03sgb*","Jhailyn Ortiz","(N/A)","OF","7530","FA","27","","0","0%","0%"
"*06huj*","Jose Ortiz","SF","OF","7531","FA","21","STL 6<br/>@SF 1","0","0%","0%"
"*05xsq*","Luis Ortiz","CLE","SP","7532","FA","27","@BAL Wed 6:35PM","0","1%","0%"
"*06mdl*","Nicolas Ortiz","(N/A)","C","7533","FA","19","","0","0%","0%"
"*06k89*","Robin Ortiz","CHC","OF","7534","FA","19","@MIL Wed 7:40PM","0","0%","0%"
"*04mu1*","Robinson Ortiz","SEA","SP,RP","7535","FA","26","TEX 1<br/>@SEA 3","0","1%","0%"
"*0744q*","Samuel Ortiz","PHI","SP","7536","FA","17","HOU Wed 6:40PM","0","0%","0%"
"*06l0g*","Orlando Ortiz-Mayr","MIA","SP","7537","FA","28","NYM Wed 6:40PM","0","0%","0%"
"*06mpm*","Juan Ortuno","MIL","2B,INF","7538","FA","19","CHC Wed 7:40PM","0","1%","0%"
"*06uxp*","Blaze O'Saben","(N/A)","OF","7425","FA","26","","0","0%","0%"
"*06z05*","Braden Osbolt","CIN","SP","7539","FA","22","@LAD Wed 10:10PM","0","0%","0%"
"*06bps*","Fran Oschell","(N/A)","RP","7540","FA","23","","0","0%","0%"
"*078qr*","Ryan Oshinskie","MIL","RP","7541","FA","21","CHC Wed 7:40PM","0","0%","0%"
"*06zi4*","Ryan Osinski","NYY","RP","7542","FA","23","COL Wed 7:05PM","0","0%","0%"
"*06gio*","Graham Osman","CIN","RP","7543","FA","25","@LAD Wed 10:10PM","0","0%","0%"
"*051jq*","Bryce Osmond","LAA","SP","7544","FA","26","@BOS Wed 6:45PM","0","0%","0%"
"*066s4*","Hector Osorio","TEX","OF","7545","FA","21","TEX 1<br/>@SEA 3","0","7%","0%"
"*06qh8*","Isaac Osorio","(N/A)","OF","7546","FA","19","","0","0%","0%"
"*05ydg*","Javier Osorio","DET","3B,INF","7547","FA","21","MIN 2<br/>@DET 7 F","0","1%","0%"
"*06sc2*","Manuel Osorio","CLE","SP","7548","FA","20","@BAL Wed 6:35PM","0","0%","0%"
"*061z0*","Oswaldo Osorio","LAD","2B,3B,INF","7549","FA","21","CIN Wed 10:10PM","0","1%","0%"
"*06sua*","Ricardo Osorio","ATH","RP","7550","FA","18","TOR 0<br/>@ATH 2 F","0","0%","0%"
"*04emh*","Erik Ostberg","(N/A)","C","7551","FA","30","","0","0%","0%"
"*06u1h*","Justin Osterhouse","(N/A)","2B,INF","7552","FA","21","","0","0%","0%"
"*06rr4*","Taisei Ota","(N/A)","SP","7553","FA","27","","0","0%","0%"
"*072g7*","Johan Otanez","(N/A)","RP","7554","FA","24","","0","0%","0%"
"*057p2*","Michel Otanez","TEX","RP","7555","FA","29","TEX 1<br/>@SEA 3","0","1%","0%"
"*060p0*","Peniel Otano","(N/A)","SP","7556","FA","23","","0","0%","0%"
"*06umk*","Tomo Otosaka","(N/A)","OF","7557","FA","32","","0","0%","0%"
"*065v1*","Tanner O'Tremba","(N/A)","OF","7426","FA","26","","0","0%","0%"
"*05unj*","Micah Ottenbreit","PHI","SP","7558","FA","23","HOU Wed 6:40PM","0","0%","0%"
"*04egl*","Glenn Otto","HOU","SP,RP","7559","FA","30","@PHI Wed 6:40PM","0","0%","0%"
"*06yan*","Jordan Ouanyou","CIN","1B,INF","7560","FA","18","@LAD Wed 10:10PM","0","0%","0%"
"*06hp1*","Daniel Ouderkirk","SEA","RP","7561","FA","26","TEX 1<br/>@SEA 3","0","0%","0%"
"*06ytv*","Fredderick Ovalle","PIT","2B,INF","7562","FA","19","@CHW Wed 7:40PM","0","0%","0%"
"*04nh5*","Alexander Ovalles","(N/A)","OF","7563","FA","25","","0","0%","0%"
"*062dw*","Layonel Ovalles","(N/A)","RP","7564","FA","23","","0","0%","0%"
"*077qi*","Alex Overbay","PIT","RP","7565","FA","21","@CHW Wed 7:40PM","0","0%","0%"
"*077ek*","Josiah Overbeek","(N/A)","1B,INF,RP","7566","FA","20","","0","0%","0%"
"*06col*","Austin Overn","TB","OF","7567","FA","23","@ATL Wed 7:15PM","0","10%","0%"
"*03doq*","Connor Overton","(N/A)","SP,RP","7568","FA","33","","0","0%","0%"
"*06u6n*","Adolfo Oviedo","PIT","RP","7569","FA","21","@CHW Wed 7:40PM","0","0%","0%"
"*06203*","Eduardo Oviedo","(N/A)","OF","7570","FA","22","","0","0%","0%"
"*05ymx*","Ivan Oviedo","(N/A)","RP","7571","FA","23","","0","0%","0%"
"*03zuo*","Luis Oviedo","(N/A)","SP","7572","FA","27","","0","0%","0%"
"*0664e*","Harry Owen","(N/A)","C","7573","FA","24","","0","0%","0%"
"*06y01*","Hunter Owen","KC","SP","7574","FA","24","ARI Wed 7:40PM","0","1%","0%"
"*060qc*","Noah Owen","(N/A)","SP","7575","FA","25","","0","0%","0%"
"*06zcl*","Braylon Owens","MIL","SP","7576","FA","23","CHC Wed 7:40PM","0","0%","0%"
"*06vxu*","Josh Owens","TEX","SS,INF,SP","7577","FA","19","TEX 1<br/>@SEA 3","0","10%","0%"
"*051a6*","Tyler Owens","DET","RP","7578","FA","25","MIN 2<br/>@DET 7 F","0","0%","0%"
"*06gij*","Avery Owusu-Asiedu","ARI","OF","7579","FA","23","@KC Wed 7:40PM","0","3%","0%"
"*06umj*","Brennen Oxford","(N/A)","RP","7580","FA","26","","0","0%","0%"
"*06zf8*","Jo Oyama","SEA","2B,INF","7581","FA","25","TEX 1<br/>@SEA 3","0","0%","0%"
"*072g5*","Anderson Ozuna","NYM","SP","7582","FA","19","@MIA Wed 6:40PM","0","0%","0%"
"*06qhd*","Darwing Ozuna","ATH","OF","7583","FA","18","TOR 0<br/>@ATH 2 F","0","1%","0%"
"*06mmu*","Sandy Ozuna","COL","SP,RP","7584","FA","20","@NYY Wed 7:05PM","0","0%","0%"
"*06rp6*","Juan Pablo Cabrera","STL","C","7585","FA","19","STL 6<br/>@SF 1","0","0%","0%"
"*06rit*","Miguel Pabon","(N/A)","C","7586","FA","26","","0","0%","0%"
"*05yen*","Alberto Pacheco","COL","SP,RP","7587","FA","23","@NYY Wed 7:05PM","0","0%","0%"
"*06r34*","Azaeel Pacheco","ATH","C","7588","FA","19","TOR 0<br/>@ATH 2 F","0","0%","0%"
"*06rn1*","Brad Pacheco","PHI","SP","7589","FA","21","HOU Wed 6:40PM","0","1%","0%"
"*060gh*","Carlos Pacheco","ATH","OF","7590","FA","21","TOR 0<br/>@ATH 2 F","0","0%","0%"
"*0731a*","Diego Pacheco","CIN","C","7591","FA","17","@LAD Wed 10:10PM","0","0%","0%"
"*05y0s*","Freddy Pacheco","(N/A)","RP","7592","FA","28","","0","0%","0%"
"*05rax*","Izaac Pacheco","DET","3B,INF","7593","FA","23","MIN 2<br/>@DET 7 F","0","2%","0%"
"*06su7*","Luis Pacheco","(N/A)","RP","7594","FA","27","","0","0%","0%"
"*06r26*","Orlando Pacheco","(N/A)","C","7595","FA","21","","0","0%","0%"
"*0630i*","Christopher Paciolla","(N/A)","3B,INF","7596","FA","22","","0","0%","0%"
"*0515t*","Nick Paciorek","(N/A)","SP,RP","7597","FA","28","","0","0%","0%"
"*073ke*","Anthony Pack Jr.","(N/A)","OF","7598","FA","19","","0","0%","0%"
"*05yhu*","Spencer Packard","SEA","1B,INF,OF","7599","FA","28","TEX 1<br/>@SEA 3","0","0%","0%"
"*06qvr*","Liam Paddack","CHW","RP","7600","FA","23","PIT Wed 7:40PM","0","0%","0%"
"*06zf7*","Jaylen Paden","ATL","RP","7601","FA","24","TB Wed 7:15PM","0","0%","0%"
"*078sz*","Cam Padgett","BOS","RP","7602","FA","22","LAA Wed 6:45PM","0","0%","0%"
"*07341*","Alexander Padilla","DET","SP","7603","FA","17","MIN 2<br/>@DET 7 F","0","0%","0%"
"*06r39*","Leider Padilla","LAD","OF","7604","FA","19","CIN Wed 10:10PM","0","0%","0%"
"*03qra*","Nicholas Padilla","(N/A)","RP","7605","FA","29","","0","0%","0%"
"*06k81*","Yairo Padilla","STL","SS,INF","7606","FA","19","STL 6<br/>@SF 1","0","13%","0%"
"*03deh*","Kevin Padlo","(N/A)","1B,INF","7607","FA","30","","0","0%","0%"
"*076vk*","Gabriel Paez","TB","SP","7608","FA","20","@ATL Wed 7:15PM","0","0%","0%"
"*06uv8*","Ricardo Paez","MIN","OF","7609","FA","19","MIN 2<br/>@DET 7 F","0","0%","0%"
"*04q7h*","Ezequiel Pagan","(N/A)","OF","7610","FA","26","","0","0%","0%"
"*051ep*","Kanoa Pagan","(N/A)","SP,RP","7611","FA","27","","0","0%","0%"
"*06hn6*","Charlie Pagliarini","SEA","2B,INF","7612","FA","25","TEX 1<br/>@SEA 3","0","0%","0%"
"*06hpp*","Trey Paige","STL","1B,3B,INF","7613","FA","25","STL 6<br/>@SF 1","0","0%","0%"
"*060mi*","Owen Paino","(N/A)","SS,INF","7614","FA","20","","0","0%","0%"
"*06qye*","Isaac Palacio","(N/A)","RP","7615","FA","20","","0","0%","0%"
"*076rz*","Matias Palacio","TB","SS,INF","7616","FA","17","@ATL Wed 7:15PM","0","0%","0%"
"*06sap*","Brainerh Palacios","TB","C","7617","FA","18","@ATL Wed 7:15PM","0","0%","0%"
"*067zk*","Jesus Palacios","(N/A)","SP","7618","FA","21","","0","0%","0%"
"*06c30*","Johan Palacios","(N/A)","RP","7619","FA","21","","0","0%","0%"
"*041ra*","Joshua Palacios","PIT","OF","7620","FA","31","@CHW Wed 7:40PM","0","0%","0%"
"*04tp0*","Luis Palacios","MIA","RP","7621","FA","26","NYM Wed 6:40PM","0","1%","0%"
"*06kvk*","Nathaniel Palacios","(N/A)","1B,INF","7622","FA","19","","0","0%","0%"
"*0766w*","Neiker Palacios","ARI","RP","7623","FA","19","@KC Wed 7:40PM","0","0%","0%"
"*06rjq*","Manuel Palencia","NYY","C","7624","FA","24","COL Wed 7:05PM","0","0%","0%"
"*05t9c*","Aaron Palensky","(N/A)","OF","7625","FA","27","","0","0%","0%"
"*0649g*","Davis Palermo","COL","RP","7626","FA","26","@NYY Wed 7:05PM","0","0%","0%"
"*0662u*","Jake Palisch","CHW","RP","7627","FA","28","PIT Wed 7:40PM","0","0%","0%"
"*06ubv*","Alberth Palma","TB","SS,INF","7628","FA","20","@ATL Wed 7:15PM","0","0%","0%"
"*05y3s*","Miguel Palma","NYY","C","7629","FA","24","COL Wed 7:05PM","0","0%","0%"
"*06ulz*","Moises Palma","TB","RP","7630","FA","22","@ATL Wed 7:15PM","0","0%","0%"
"*04ug2*","Ronaiker Palma","(N/A)","C","7631","FA","26","","0","0%","0%"
"*05wbq*","Damiano Palmegiani","(N/A)","1B,INF","7632","FA","26","","0","1%","0%"
"*070bo*","Dylan Palmer","PIT","2B,INF","7633","FA","22","@CHW Wed 7:40PM","0","0%","0%"
"*04q4g*","Jaylen Palmer","NYM","OF","7634","FA","26","@MIA Wed 6:40PM","0","0%","0%"
"*077zr*","Ryne Palmer","MIN","SP","7635","FA","22","MIN 2<br/>@DET 7 F","0","0%","0%"
"*05jqm*","Trent Palmer","(N/A)","SP,RP","7636","FA","27","","0","0%","0%"
"*06qoh*","Twine Palmer","BAL","SP","7637","FA","22","CLE Wed 6:35PM","0","0%","0%"
"*072j5*","Jeronimo Palmeros","SD","SP","7638","FA","19","WSH 2<br/>@SD 5","0","0%","0%"
"*06zb9*","Noah Palmese","TOR","RP","7639","FA","23","TOR 0<br/>@ATH 2 F","0","0%","0%"
"*068bz*","Wen-Hui Pan","PHI","SP,RP","7640","FA","23","HOU Wed 6:40PM","0","2%","0%"
"*05t92*","Inohan Paniagua","(N/A)","SP","7641","FA","26","","0","0%","0%"
"*075wb*","Miguel Pantoja","TOR","RP","7642","FA","18","TOR 0<br/>@ATH 2 F","0","0%","0%"
"*05xoq*","Shane Panzini","KC","SP,RP","7643","FA","24","ARI Wed 7:40PM","0","1%","0%"
"*0514c*","Stephen Paolini","(N/A)","OF","7644","FA","25","","0","0%","0%"
"*073sf*","John Paone","(N/A)","SP","7645","FA","20","","0","0%","0%"
"*0792f*","Tyler Papenbrock","WSH","SP,RP","7646","FA","23","WSH 2<br/>@SD 5","0","0%","0%"
"*03dpc*","Michael Papierski","(N/A)","C","7647","FA","30","","0","0%","0%"
"*066a4*","Cole Paplham","SD","RP","7648","FA","26","WSH 2<br/>@SD 5","0","0%","0%"
"*06l55*","Luis Parababire","ATL","C","7649","FA","20","TB Wed 7:15PM","0","0%","0%"
"*05jrc*","Kevin Parada","NYM","C","7650","FA","25","@MIA Wed 6:40PM","0","7%","0%"
"*04ecd*","Eric Pardinho","(N/A)","RP","7651","FA","25","","0","1%","0%"
"*06rtq*","Angel Paredes","(N/A)","OF","7652","FA","19","","0","0%","0%"
"*06tzv*","Cesar Paredes","LAA","SS,INF","7653","FA","18","@BOS Wed 6:45PM","0","0%","0%"
"*04ywp*","Enoli Paredes","BAL","RP","7654","FA","30","CLE Wed 6:35PM","0","0%","0%"
"*0734d*","Jean Paredes","TB","OF","7655","FA","17","@ATL Wed 7:15PM","0","0%","0%"
"*06v6a*","Luis Paredes","(N/A)","RP","7656","FA","20","","0","0%","0%"
"*06cmp*","Wilkin Paredes","ARI","SP","7657","FA","22","@KC Wed 7:40PM","0","0%","0%"
"*06rl9*","Javier Pariguan","(N/A)","C","7658","FA","22","","0","0%","0%"
"*06zbc*","Trendan Parish","TB","RP","7659","FA","24","@ATL Wed 7:15PM","0","0%","0%"
"*0769o*","Chan-Min Park","PHI","SP","7660","FA","17","HOU Wed 6:40PM","0","1%","0%"
"*06fpk*","Eddie Park","CHW","OF","7661","FA","25","PIT Wed 7:40PM","0","0%","0%"
"*03mky*","Hoy Park","(N/A)","2B,INF,OF","7662","FA","30","","0","0%","0%"
"*06rs8*","Ji Hwan Park","(N/A)","2B,INF","7663","FA","21","","0","0%","0%"
"*05rbq*","Min-Woo Park","(N/A)","2B,INF","7664","FA","33","","0","0%","0%"
"*06pg2*","Aaron Parker","TOR","C","7665","FA","23","TOR 0<br/>@ATH 2 F","0","1%","0%"
"*06zae*","Brady Parker","COL","SP","7666","FA","22","@NYY Wed 7:05PM","0","0%","0%"
"*0517s*","Brandon Parker","(N/A)","OF","7667","FA","27","","0","0%","0%"
"*05ual*","Caedmon Parker","CHW","SP","7668","FA","23","PIT Wed 7:40PM","0","0%","0%"
"*06afk*","Erik Parker","(N/A)","SS,INF","7669","FA","20","","0","0%","0%"
"*070ea*","Jacob Parker","(N/A)","OF","7670","FA","20","","0","0%","0%"
"*06se6*","JoJo Parker","TOR","SS,INF","7671","FA","20","TOR 0<br/>@ATH 2 F","0","44%","0%"
"*04em0*","David Parkinson","(N/A)","SP,RP","7672","FA","30","","0","0%","0%"
"*075o5*","Brendan Parks","BAL","RP","7673","FA","24","CLE Wed 6:35PM","0","0%","0%"
"*05y19*","Hunter Parks","CIN","RP","7674","FA","25","@LAD Wed 10:10PM","0","1%","0%"
"*06quh*","Wyatt Parliament","NYY","SP","7675","FA","22","COL Wed 7:05PM","0","0%","0%"
"*06xzz*","Abraham Parra","SD","SP,RP","7676","FA","20","WSH 2<br/>@SD 5","0","0%","0%"
"*07609*","Jose Parra","ATH","SP","7677","FA","20","TOR 0<br/>@ATH 2 F","0","0%","0%"
"*072oa*","Juan Parra","PHI","SS,INF","7678","FA","17","HOU Wed 6:40PM","0","2%","0%"
"*05y6c*","Nixon Parra","(N/A)","RP","7679","FA","22","","0","0%","0%"
"*0515z*","Drew Parrish","(N/A)","RP","7680","FA","28","","0","0%","0%"
"*051eb*","Hunter Parsons","(N/A)","RP","7681","FA","29","","0","0%","0%"
"*073uc*","Nico Partida","(N/A)","SS,INF","7682","FA","19","","0","0%","0%"
"*06y7g*","Nic Partridge","(N/A)","3B,INF","7683","FA","19","","0","0%","0%"
"*06bn3*","Yovannki Pascual","(N/A)","RP","7684","FA","24","","0","0%","0%"
"*06h1v*","Paulshawn Pasqualotto","MIN","RP","7685","FA","25","MIN 2<br/>@DET 7 F","0","0%","0%"
"*06qlp*","Duncan Pastore","NYY","2B,INF","7686","FA","26","COL Wed 7:05PM","0","0%","0%"
"*056j4*","Jose Pastrano","(N/A)","SS,INF","7687","FA","23","","0","0%","0%"
"*078z9*","Mason Patel","ATH","RP","7688","FA","24","TOR 0<br/>@ATH 2 F","0","0%","0%"
"*06l0x*","Samuel Pateti","(N/A)","RP","7689","FA","19","","0","0%","0%"
"*06hoy*","Sterling Patick","LAD","SP","7690","FA","21","CIN Wed 10:10PM","0","1%","0%"
"*04k22*","Luis Patino","(N/A)","SP","7691","FA","26","","0","0%","0%"
"*06rs4*","Marco Patino","(N/A)","SP","7692","FA","21","","0","0%","0%"
"*06rku*","Orlando Patino","CHW","OF","7693","FA","18","PIT Wed 7:40PM","0","0%","0%"
"*06imw*","Oswaldo Patino","(N/A)","2B,INF","7694","FA","20","","0","0%","0%"
"*04mmv*","Wilderd Patino","(N/A)","OF","7695","FA","25","","0","0%","0%"
"*06qpi*","Andrew Patrick","(N/A)","OF","7696","FA","23","","0","0%","0%"
"*066j5*","Cole Patten","(N/A)","SP","7697","FA","27","","0","0%","0%"
"*06490*","Hunter Patteson","KC","SP","7698","FA","26","ARI Wed 7:40PM","0","0%","0%"
"*06r2p*","Myles Patton","BOS","SP","7699","FA","23","LAA Wed 6:45PM","0","0%","0%"
"*06yy5*","Truman Pauley","CHW","SP","7700","FA","22","PIT Wed 7:40PM","0","0%","0%"
"*06v2e*","Alexis Paulino","(N/A)","RP","7701","FA","23","","0","0%","0%"
"*06tad*","Anderson Paulino","(N/A)","RP","7702","FA","27","","0","0%","0%"
"*06c81*","Brailyn Paulino","STL","RP","7703","FA","20","STL 6<br/>@SF 1","0","0%","0%"
"*05un1*","Eddinson Paulino","NYM","2B,INF","7704","FA","24","@MIA Wed 6:40PM","0","1%","0%"
"*06mv6*","Engel Paulino","MIL","OF","7705","FA","19","CHC Wed 7:40PM","0","0%","0%"
"*06maq*","Enzo Paulino","(N/A)","1B,INF","7706","FA","22","","0","0%","0%"
"*06bj5*","Jose Paulino","(N/A)","OF","7707","FA","20","","0","0%","0%"
"*06jfo*","Jose Paulino","MIA","SP","7708","FA","19","NYM Wed 6:40PM","0","1%","0%"
"*04k4v*","Naswell Paulino","(N/A)","RP","7709","FA","26","","0","0%","0%"
"*06v2h*","Wilmis Paulino","COL","RP","7710","FA","20","@NYY Wed 7:05PM","0","0%","0%"
"*073sk*","Erik Paulsen","(N/A)","1B,INF","7711","FA","22","","0","0%","0%"
"*06rmc*","Gerlyn Payano","MIL","OF","7712","FA","18","CHC Wed 7:40PM","0","0%","0%"
"*06uly*","Jeison Payano","BOS","RP","7713","FA","20","LAA Wed 6:45PM","0","0%","0%"
"*066r8*","Nelfri Payano","CIN","RP","7714","FA","21","@LAD Wed 10:10PM","0","0%","0%"
"*0700x*","Limanol Payero","PIT","OF","7715","FA","18","@CHW Wed 7:40PM","0","0%","0%"
"*06kkf*","Braylon Payne","MIL","OF","7716","FA","20","CHC Wed 7:40PM","0","27%","0%"
"*072b0*","Landen Payne","CHW","RP","7717","FA","23","PIT Wed 7:40PM","0","0%","0%"
"*06qp2*","Nate Payne","MIA","SP","7718","FA","21","NYM Wed 6:40PM","0","7%","0%"
"*05xlb*","Tyler Payne","(N/A)","C","7719","FA","33","","0","0%","0%"
"*06z5c*","Emilio Payro","HOU","SP","7720","FA","18","@PHI Wed 6:40PM","0","0%","0%"
"*06af5*","Jack Payton","SF","C","7721","FA","25","STL 6<br/>@SF 1","0","0%","0%"
"*031eg*","Mark Payton","(N/A)","OF","7722","FA","34","","0","0%","0%"
"*061v4*","Karell Paz","(N/A)","OF","7723","FA","27","","0","0%","0%"
"*06dne*","Marcos Paz","(N/A)","1B,INF,SP","7724","FA","19","","0","0%","0%"
"*06y02*","Francisco Pazos","SEA","SP","7725","FA","20","TEX 1<br/>@SEA 3","0","0%","0%"
"*05ud5*","Josh Pearson","(N/A)","OF","7726","FA","23","","0","0%","0%"
"*06ax6*","Shaddon Peavyhouse","(N/A)","RP","7727","FA","28","","0","0%","0%"
"*06c5j*","Cannon Peebles","CLE","C","7728","FA","22","@BAL Wed 6:35PM","0","0%","0%"
"*0514h*","Zach Peek","NYM","RP","7729","FA","28","@MIA Wed 6:40PM","0","0%","0%"
"*06r4z*","Ty Peeples","(N/A)","OF","7730","FA","19","","0","0%","0%"
"*06c7i*","Tai Peete","STL","OF","7731","FA","21","STL 6<br/>@SF 1","0","15%","0%"
"*060x3*","Antony Peguero","(N/A)","OF","7732","FA","21","","0","0%","0%"
"*05uk1*","Elvis Peguero","BAL","RP","7733","FA","29","CLE Wed 6:35PM","0","0%","0%"
"*06sud*","Esmerlin Peguero","(N/A)","SP","7734","FA","21","","0","0%","0%"
"*06hnz*","Fernando Peguero","BAL","2B,INF","7735","FA","21","CLE Wed 6:35PM","0","0%","0%"
"*060mj*","Francis Peguero","(N/A)","RP","7736","FA","29","","0","0%","0%"
"*06su5*","Jeremy Peguero","(N/A)","RP","7737","FA","24","","0","0%","0%"
"*06mp5*","Jhoan Peguero","BOS","OF","7738","FA","21","LAA Wed 6:45PM","0","0%","0%"
"*05rjm*","Jonathan Peguero","(N/A)","C","7739","FA","22","","0","0%","0%"
"*06beo*","Juanfel Peguero","TB","SS,INF","7740","FA","21","@ATL Wed 7:15PM","0","0%","0%"
"*04ol2*","Liover Peguero","PHI","SS,INF","7741","FA","25","HOU Wed 6:40PM","0","3%","0%"
"*05nny*","Odalys Peguero","(N/A)","SS,INF","7742","FA","23","","0","0%","0%"
"*06kle*","Rafy Peguero","LAD","OF","7743","FA","19","CIN Wed 10:10PM","0","0%","0%"
"*03dwk*","CD Pelham","PIT","RP","7744","FA","31","@CHW Wed 7:40PM","0","0%","0%"
"*05uc6*","Mason Pelio","(N/A)","SP","7745","FA","26","","0","0%","0%"
"*078n9*","Dominic Pellegrin","DET","2B,SS,INF","7746","FA","19","MIN 2<br/>@DET 7 F","0","0%","0%"
"*0516o*","Colin Peluse","PHI","RP","7747","FA","28","HOU Wed 6:40PM","0","0%","0%"
"*074vs*","Luke Pelzer","KC","OF","7748","FA","23","ARI Wed 7:40PM","0","0%","0%"
"*05y43*","Jose Pena Jr.","PHI","RP","7749","FA","23","HOU Wed 6:40PM","0","0%","0%"
"*06rjl*","Adrian Pena","MIA","SP","7750","FA","18","NYM Wed 6:40PM","0","1%","0%"
"*06mec*","Alain Pena","HOU","SP","7751","FA","23","@PHI Wed 6:40PM","0","0%","0%"
"*06v2g*","Ayendy Pena","CIN","RP","7752","FA","22","@LAD Wed 10:10PM","0","0%","0%"
"*05j8m*","Carlos Pena","DET","SP,RP","7753","FA","28","MIN 2<br/>@DET 7 F","0","0%","0%"
"*06ek8*","Dameury Pena","TOR","2B,INF","7754","FA","21","TOR 0<br/>@ATH 2 F","0","2%","0%"
"*066ry*","Daniel Pena","MIN","C","7755","FA","21","MIN 2<br/>@DET 7 F","0","0%","0%"
"*076gj*","Darling Pena","COL","3B,INF","7756","FA","17","@NYY Wed 7:05PM","0","0%","0%"
"*06r43*","David Pena","SEA","SP","7757","FA","21","TEX 1<br/>@SEA 3","0","0%","0%"
"*06m0g*","Elian Pena","NYM","SS,INF","7758","FA","18","@MIA Wed 6:40PM","0","33%","0%"
"*06c39*","Eliezer Pena","COL","SP","7759","FA","20","@NYY Wed 7:05PM","0","0%","0%"
"*06ut3*","Emmanuel Pena","BAL","SP","7760","FA","18","CLE Wed 6:35PM","0","0%","0%"
"*050k3*","Erick Pena","(N/A)","OF","7761","FA","23","","0","1%","0%"
"*06o11*","Ezequiel Pena","CHC","2B,INF","7762","FA","19","@MIL Wed 7:40PM","0","0%","0%"
"*06rn7*","Fernando Pena","SF","1B,INF","7763","FA","19","STL 6<br/>@SF 1","0","0%","0%"
"*064rr*","Francis Pena","SD","RP","7764","FA","25","WSH 2<br/>@SD 5","0","1%","0%"
"*06u7b*","Isaac Pena","(N/A)","3B,INF","7765","FA","22","","0","0%","0%"
"*05rkn*","Jefferson Pena","(N/A)","OF","7766","FA","22","","0","0%","0%"
"*06z5n*","Joan Pena","MIL","SP","7767","FA","18","CHC Wed 7:40PM","0","0%","0%"
"*06jh7*","Joandrew Pena","(N/A)","1B,INF","7768","FA","19","","0","0%","0%"
"*06rmb*","Jose Pena","BAL","SS,INF","7920","FA","18","CLE Wed 6:35PM","0","1%","0%"
"*06j3f*","Luis Pena","MIL","2B,SS,INF","7769","FA","19","CHC Wed 7:40PM","0","49%","0%"
"*05rbd*","Manuel Pena","ARI","1B,INF","7770","FA","22","@KC Wed 7:40PM","0","8%","0%"
"*066oo*","Ricardo Pena","MIN","C","7771","FA","21","MIN 2<br/>@DET 7 F","0","0%","0%"
"*06rrs*","Sebastian Pena","SD","OF","7772","FA","18","WSH 2<br/>@SD 5","0","0%","0%"
"*052ib*","Viandel Pena","DET","2B,INF","7773","FA","25","MIN 2<br/>@DET 7 F","0","0%","0%"
"*060yx*","Yordalin Pena","STL","OF","7774","FA","21","STL 6<br/>@SF 1","0","0%","0%"
"*076rp*","Yostin Pena","NYY","OF","7775","FA","18","COL Wed 7:05PM","0","16%","0%"
"*06qnt*","Dalton Pence","TEX","SP,RP","7776","FA","24","TEX 1<br/>@SEA 3","0","2%","0%"
"*06rsi*","Striker Pence","(N/A)","3B,INF","7777","FA","17","","0","1%","0%"
"*05rg6*","Caleb Pendleton","(N/A)","1B,INF","7778","FA","24","","0","0%","0%"
"*078f7*","Brady Pendley","LAD","RP","7779","FA","23","CIN Wed 10:10PM","0","0%","0%"
"*06yw6*","Dayne Pengelly","TOR","SP","7780","FA","23","TOR 0<br/>@ATH 2 F","0","0%","0%"
"*066ah*","Ty Penner","(N/A)","1B,INF","7781","FA","26","","0","0%","0%"
"*06qie*","Jack Penney","DET","2B,SS,INF","7782","FA","24","MIN 2<br/>@DET 7 F","0","0%","0%"
"*06qk4*","Garrett Pennington","DET","1B,INF,OF","7783","FA","25","MIN 2<br/>@DET 7 F","0","0%","0%"
"*06kyc*","Walter Pennington","(N/A)","RP","7784","FA","28","","0","0%","0%"
"*06fuv*","Zach Penrod","WSH","SP,RP","7785","FA","29","WSH 2<br/>@SD 5","0","0%","0%"
"*070de*","Blake Penso","COL","C","7786","FA","24","@NYY Wed 7:05PM","0","0%","0%"
"*06zgu*","Gabel Pentecost","HOU","SP","7787","FA","23","@PHI Wed 6:40PM","0","0%","0%"
"*06583*","Nick Peoples","WSH","OF","7788","FA","22","WSH 2<br/>@SD 5","0","0%","0%"
"*0512m*","Ryan Pepiot","TB","SP","7789","FA","29","@ATL Wed 7:15PM","0","60%","0%"
"*06fv5*","Jake Peppers","(N/A)","RP","7790","FA","24","","0","0%","0%"
"*062x6*","Dominic Perachi","PIT","SP","7791","FA","25","@CHW Wed 7:40PM","0","0%","0%"
"*06qww*","Angel Peralta","HOU","SP","7792","FA","19","@PHI Wed 6:40PM","0","0%","0%"
"*06ky9*","Christopher Peralta","MIL","SP","7793","FA","19","CHC Wed 7:40PM","0","0%","0%"
"*06jfb*","Dexters Peralta","NYY","SS,INF","7794","FA","19","COL Wed 7:05PM","0","1%","0%"
"*0769r*","Eliezer Peralta","MIA","SP","7795","FA","17","NYM Wed 6:40PM","0","0%","0%"
"*076ag*","Engel Peralta","MIA","RP","7796","FA","22","NYM Wed 6:40PM","0","0%","0%"
"*062d0*","Fabio Peralta","(N/A)","1B,INF","7797","FA","20","","0","0%","0%"
"*077c4*","Kriscol Peralta","STL","RP","7798","FA","18","STL 6<br/>@SF 1","0","0%","0%"
"*060x5*","Luis Peralta","CHC","RP","7799","FA","25","@MIL Wed 7:40PM","0","1%","0%"
"*06if5*","Pedro Peralta","PHI","SP","7800","FA","20","HOU Wed 6:40PM","0","0%","0%"
"*05rhr*","Ramon Peralta","(N/A)","SS,INF","7801","FA","22","","0","0%","0%"
"*01sfv*","Wily Peralta","(N/A)","RP","7802","FA","37","","0","0%","0%"
"*02y27*","Jose Peraza","(N/A)","2B,INF","7803","FA","32","","0","0%","0%"
"*061li*","Cole Percival","(N/A)","RP","7804","FA","27","","0","0%","0%"
"*0510h*","Alan Perdomo","(N/A)","RP","7805","FA","25","","0","0%","0%"
"*03mhv*","Angel Perdomo","(N/A)","RP","7806","FA","32","","0","0%","0%"
"*06f07*","Jhonny Perdomo","(N/A)","2B,INF","7807","FA","24","","0","0%","0%"
"*067z8*","Jose Perdomo","ATL","SS,INF","7808","FA","19","TB Wed 7:15PM","0","9%","0%"
"*072qy*","Jose Perdomo","ATH","C","7809","FA","17","TOR 0<br/>@ATH 2 F","0","0%","0%"
"*0778h*","Luis Perdomo","BAL","SP","7810","FA","19","CLE Wed 6:35PM","0","0%","0%"
"*06rl7*","Alejandro Pereira","ATH","C","7811","FA","19","TOR 0<br/>@ATH 2 F","0","0%","0%"
"*072on*","Claudio Pereira","BOS","SP","7812","FA","17","LAA Wed 6:45PM","0","0%","0%"
"*06cew*","Sandro Pereira","HOU","2B,INF","7813","FA","20","@PHI Wed 6:40PM","0","0%","0%"
"*074a2*","Santiago Pereira","SEA","C","7814","FA","17","TEX 1<br/>@SEA 3","0","0%","0%"
"*0637p*","Wilfredo Pereira","(N/A)","SP","7815","FA","27","","0","0%","0%"
"*050ya*","Robert Perez Jr.","(N/A)","OF","7816","FA","26","","0","0%","0%"
"*06cey*","Adonys Perez","ARI","SP,RP","7817","FA","22","@KC Wed 7:40PM","0","0%","0%"
"*064ns*","Alfonso Perez","SF","RP","7818","FA","21","STL 6<br/>@SF 1","0","0%","0%"
"*05rcz*","Andrew Perez","(N/A)","RP","7819","FA","29","","0","0%","0%"
"*06aw7*","Andy Perez","COL","SS,INF","7820","FA","22","@NYY Wed 7:05PM","0","1%","0%"
"*06ful*","Angel Perez","PIT","1B,INF","7821","FA","20","@CHW Wed 7:40PM","0","0%","0%"
"*06rlr*","Angel Perez","CLE","RP","7822","FA","22","@BAL Wed 6:35PM","0","0%","0%"
"*06r80*","Axel Perez","BAL","SP","7823","FA","21","CLE Wed 6:35PM","0","0%","0%"
"*04ywz*","Brayan Perez","(N/A)","RP","7824","FA","26","","0","0%","0%"
"*05xuj*","Bryan Perez","(N/A)","SP","7825","FA","23","","0","0%","0%"
"*01suw*","Carlos Perez","DET","C","7826","FA","35","MIN 2<br/>@DET 7 F","0","0%","0%"
"*03mkv*","Carlos Perez","(N/A)","C,1B,INF","7827","FA","29","","0","0%","0%"
"*05jq5*","Carlos Perez","(N/A)","C","7828","FA","24","","0","0%","0%"
"*066m2*","Cristian Perez","DET","OF","7829","FA","20","MIN 2<br/>@DET 7 F","0","0%","0%"
"*06rlh*","Darling Perez","NYM","SP","7830","FA","19","@MIA Wed 6:40PM","0","0%","0%"
"*064ox*","Doilin Perez","(N/A)","SP","7831","FA","21","","0","0%","0%"
"*05y6m*","Doimil Perez","(N/A)","SP","7832","FA","22","","0","0%","0%"
"*06klm*","Edelvis Perez","CLE","SP","7833","FA","21","@BAL Wed 6:35PM","0","0%","0%"
"*06iej*","Edgleen Perez","PIT","C","7834","FA","20","@CHW Wed 7:40PM","0","1%","0%"
"*06aku*","Eduardo Perez","HOU","UT","7835","FA","20","@PHI Wed 6:40PM","0","0%","0%"
"*06rqq*","Elias Perez","SEA","OF","7836","FA","18","TEX 1<br/>@SEA 3","0","0%","0%"
"*06if1*","Enyervert Perez","ARI","1B,3B,INF","7837","FA","20","@KC Wed 7:40PM","0","0%","0%"
"*06aq1*","Erigaldi Perez","CLE","SP","7838","FA","20","@BAL Wed 6:35PM","0","0%","0%"
"*06ek7*","Fernando Perez","TOR","SP","7839","FA","22","TOR 0<br/>@ATH 2 F","0","1%","0%"
"*04al9*","Francisco Perez","(N/A)","RP","7840","FA","29","","0","0%","0%"
"*0723a*","Francisco Perez","TEX","C","7841","FA","19","TEX 1<br/>@SEA 3","0","0%","0%"
"*043ny*","Hector Perez","(N/A)","SP,RP","7842","FA","30","","0","0%","0%"
"*05g3l*","Hedbert Perez","TOR","OF","7843","FA","23","TOR 0<br/>@ATH 2 F","0","3%","0%"
"*021wf*","Hernan Perez","(N/A)","2B,3B,INF","7844","FA","35","","0","0%","0%"
"*06kzb*","Javier Perez","HOU","SP,RP","7845","FA","22","@PHI Wed 6:40PM","0","1%","0%"
"*06uj6*","Jean Perez","(N/A)","2B,INF","7846","FA","24","","0","0%","0%"
"*061mj*","Jeral Perez","CHW","2B,SS,INF","7847","FA","21","PIT Wed 7:40PM","0","5%","0%"
"*076vq*","Jesus Perez","MIA","OF","7848","FA","18","NYM Wed 6:40PM","0","0%","0%"
"*04eez*","Joe Perez","(N/A)","RP","7849","FA","27","","0","0%","0%"
"*072zj*","Jordan Perez","SD","SP","7850","FA","17","WSH 2<br/>@SD 5","0","0%","0%"
"*05r5t*","Jose Perez","TB","3B,INF,OF","7851","FA","22","@ATL Wed 7:15PM","0","0%","0%"
"*075ll*","Jose Perez","BAL","SS,INF","7852","FA","21","CLE Wed 6:35PM","0","0%","0%"
"*06rt4*","Josh Perez","CLE","SP","7853","FA","18","@BAL Wed 6:35PM","0","0%","0%"
"*06rvv*","Joyner Perez","MIN","OF","7854","FA","18","MIN 2<br/>@DET 7 F","0","0%","0%"
"*05ygk*","Juan Perez","(N/A)","C","7855","FA","21","","0","0%","0%"
"*06rmz*","Kenyi Perez","CHC","RP","8125","FA","25","@MIL Wed 7:40PM","0","0%","0%"
"*0778v*","Luis Perez","TB","OF","7856","FA","18","@ATL Wed 7:15PM","0","0%","0%"
"*064p5*","Manuel Perez","(N/A)","SP","7857","FA","21","","0","0%","0%"
"*066lx*","Marcelo Perez","SEA","SP","7858","FA","26","TEX 1<br/>@SEA 3","0","0%","0%"
"*064qa*","Marlon Perez","(N/A)","RP","7859","FA","26","","0","0%","0%"
"*02btc*","Michael Perez","(N/A)","C","7860","FA","34","","0","0%","0%"
"*06tn8*","Michael Perez","MIA","RP","7861","FA","24","NYM Wed 6:40PM","0","0%","0%"
"*06mhv*","Miguel Perez","(N/A)","OF","7862","FA","20","","0","0%","0%"
"*0503r*","Milkar Perez","(N/A)","1B,INF","7863","FA","24","","0","0%","0%"
"*07922*","Mito Perez","TEX","C,3B,INF","7864","FA","23","TEX 1<br/>@SEA 3","0","0%","0%"
"*064nj*","Nico Perez","LAD","2B,INF","7865","FA","21","CIN Wed 10:10PM","0","2%","0%"
"*063dr*","Onil Perez","SF","C","7866","FA","23","STL 6<br/>@SF 1","0","0%","0%"
"*060vw*","Railin Perez","HOU","RP","7867","FA","25","@PHI Wed 6:40PM","0","0%","0%"
"*0638i*","Reylin Perez","HOU","2B,INF","7868","FA","21","@PHI Wed 6:40PM","0","0%","0%"
"*05r5d*","Rickardo Perez","(N/A)","1B,INF","7869","FA","22","","0","0%","0%"
"*061rg*","Robert Perez","(N/A)","OF","7870","FA","22","","0","0%","0%"
"*021wh*","Roberto Perez","(N/A)","C","7871","FA","37","","0","0%","0%"
"*06qe4*","Roberto Perez","SEA","RP","7872","FA","22","TEX 1<br/>@SEA 3","0","0%","0%"
"*060w1*","Samuel Perez","(N/A)","RP","7873","FA","26","","0","0%","0%"
"*06l0q*","Sebastian Perez","TB","SP","7874","FA","19","@ATL Wed 7:15PM","0","0%","0%"
"*06s3j*","Steven Perez","CLE","RP","7875","FA","25","@BAL Wed 6:35PM","0","0%","0%"
"*0778g*","Waner Perez","BAL","RP","7876","FA","20","CLE Wed 6:35PM","0","0%","0%"
"*06ms4*","Yeri Perez","KC","RP","7877","FA","21","ARI Wed 7:40PM","0","0%","0%"
"*06qhx*","Rafe Perich","TEX","3B,INF","7878","FA","24","TEX 1<br/>@SEA 3","0","8%","0%"
"*06htj*","Carlton Perkins","CHW","RP","7879","FA","23","PIT Wed 7:40PM","0","0%","0%"
"*03xs7*","Yonathan Perlaza","(N/A)","OF","7880","FA","27","","0","0%","0%"
"*04n96*","Jose Peroza","(N/A)","3B,INF","7881","FA","26","","0","0%","0%"
"*060mh*","Vincent Perozo","NYM","C,1B,INF","7882","FA","23","@MIA Wed 6:40PM","0","0%","0%"
"*06htp*","Darius Perry","(N/A)","C","7883","FA","25","","0","0%","0%"
"*078qn*","Gavin Perry","MIL","SP","7884","FA","23","CHC Wed 7:40PM","0","0%","0%"
"*06hq0*","Kamdyn Perry","TEX","SP","7885","FA","21","TEX 1<br/>@SEA 3","0","0%","0%"
"*067xg*","Nolan Perry","TOR","SP","7886","FA","23","TOR 0<br/>@ATH 2 F","0","24%","0%"
"*06zck*","Tanner Perry","MIL","SP","7887","FA","23","CHC Wed 7:40PM","0","0%","0%"
"*04o0b*","Fabian Pertuz","(N/A)","SS,INF","7888","FA","26","","0","0%","0%"
"*077rc*","Mario Pesca","CLE","SP","7889","FA","22","@BAL Wed 6:35PM","0","0%","0%"
"*06qru*","Cole Peschl","MIN","SP","7890","FA","23","MIN 2<br/>@DET 7 F","0","0%","0%"
"*06awo*","Leonardo Pestana","(N/A)","RP","7891","FA","28","","0","0%","0%"
"*06mee*","Drew Pestka","CIN","RP","7892","FA","22","@LAD Wed 10:10PM","0","0%","0%"
"*06h04*","Connery Peters","(N/A)","SP","7893","FA","26","","0","0%","0%"
"*06z3q*","Mason Peters","SEA","RP","7894","FA","22","TEX 1<br/>@SEA 3","0","7%","0%"
"*066lu*","Mathew Peters","(N/A)","RP","7895","FA","25","","0","0%","0%"
"*06zcq*","Treyson Peters","PIT","SP,RP","7896","FA","23","@CHW Wed 7:40PM","0","0%","0%"
"*078rn*","Zach Peters","MIA","RP","7897","FA","23","NYM Wed 6:40PM","0","0%","0%"
"*06o08*","Sam Petersen","WSH","OF","7898","FA","23","WSH 2<br/>@SD 5","0","3%","0%"
"*06r4n*","Beau Peterson","HOU","3B,INF","7899","FA","19","@PHI Wed 6:40PM","0","0%","0%"
"*06qil*","Ben Peterson","SF","RP","7900","FA","25","STL 6<br/>@SF 1","0","0%","0%"
"*03114*","Dustin Peterson","(N/A)","OF","7901","FA","31","","0","0%","0%"
"*078jd*","Gage Peterson","WSH","SP","7902","FA","21","WSH 2<br/>@SD 5","0","0%","0%"
"*06hnm*","Kai Peterson","WSH","RP","7903","FA","24","WSH 2<br/>@SD 5","0","0%","0%"
"*05yc4*","Liam Peterson","CLE","SP","7904","FA","21","@BAL Wed 6:35PM","0","4%","0%"
"*0657r*","Nate Peterson","CIN","RP","7905","FA","26","@LAD Wed 10:10PM","0","0%","0%"
"*077ru*","Ryan Peterson","MIA","SP","7906","FA","22","NYM Wed 6:40PM","0","0%","0%"
"*0515c*","Todd Peterson","(N/A)","RP","7907","FA","28","","0","0%","0%"
"*0790t*","Tyce Peterson","NYY","1B,2B,3B,INF","7908","FA","22","COL Wed 7:05PM","0","0%","0%"
"*060ui*","RJ Petit","COL","RP","7909","FA","26","@NYY Wed 7:05PM","0","1%","0%"
"*077yb*","Michael Petite","SEA","OF","7910","FA","22","TEX 1<br/>@SEA 3","0","0%","0%"
"*06tn9*","Jorger Petri","DET","RP","7911","FA","21","MIN 2<br/>@DET 7 F","0","0%","0%"
"*078oz*","Alex Petrovic","NYM","SP","7912","FA","22","@MIA Wed 6:40PM","0","0%","0%"
"*06op1*","Ian Petrutz","STL","OF","7913","FA","24","STL 6<br/>@SF 1","0","0%","0%"
"*05yff*","Ethan Petry","WSH","OF","7914","FA","22","WSH 2<br/>@SD 5","0","10%","0%"
"*06hhi*","Ben Petschke","(N/A)","RP","7915","FA","24","","0","0%","0%"
"*0669j*","Zion Pettigrew","(N/A)","3B,INF","7916","FA","27","","0","0%","0%"
"*077eo*","Luke Pettitte","NYY","UT,SP","7917","FA","21","COL Wed 7:05PM","0","0%","0%"
"*06zff*","Tyler Pettorini","PHI","2B,3B,INF","7918","FA","23","HOU Wed 6:40PM","0","0%","0%"
"*072bg*","Zane Petty","CLE","SP","7919","FA","22","@BAL Wed 6:35PM","0","0%","0%"
"*065nq*","Jake Pfennigs","(N/A)","RP","7921","FA","27","","0","0%","0%"
"*06qim*","Cam Pferrer","(N/A)","RP","7922","FA","27","","0","0%","0%"
"*06bkt*","Alex Pham","BAL","SP,RP","7923","FA","26","CLE Wed 6:35PM","0","1%","0%"
"*065jh*","Roman Phansalkar","(N/A)","RP","7924","FA","28","","0","0%","0%"
"*072dq*","Robert Phelps","PHI","SS,INF","7925","FA","22","HOU Wed 6:40PM","0","0%","0%"
"*06mie*","Tre Phelps","PIT","OF","7926","FA","22","@CHW Wed 7:40PM","0","0%","0%"
"*05125*","Beau Philip","TOR","SS,INF","7927","FA","27","TOR 0<br/>@ATH 2 F","0","0%","0%"
"*078k4*","Amp Phillips","TB","SP","7928","FA","22","@ATL Wed 7:15PM","0","0%","0%"
"*05yma*","Cole Phillips","MIL","SP","7929","FA","23","CHC Wed 7:40PM","0","2%","0%"
"*0657m*","Dylan Phillips","LAA","RP","7930","FA","27","@BOS Wed 6:45PM","0","0%","0%"
"*06utf*","Marcus Phillips","BOS","SP","7931","FA","22","LAA Wed 6:45PM","0","10%","0%"
"*06zcp*","Trace Phillips","TB","SP","7932","FA","22","@ATL Wed 7:15PM","0","0%","0%"
"*06yjr*","Alex Philpott","TB","RP","7933","FA","21","@ATL Wed 7:15PM","0","0%","0%"
"*05jqx*","Jackson Phipps","ATH","SP","7934","FA","24","TOR 0<br/>@ATH 2 F","0","0%","0%"
"*077r7*","Aaron Piasecki","HOU","SS,INF","7935","FA","22","@PHI Wed 6:40PM","0","0%","0%"
"*06z7i*","Tim Piasentin","TOR","3B,INF","7936","FA","19","TOR 0<br/>@ATH 2 F","0","3%","0%"
"*06f1l*","Coleman Picard","KC","RP","7937","FA","24","ARI Wed 7:40PM","0","0%","0%"
"*06ifg*","Bladimir Pichardo","(N/A)","RP","7938","FA","20","","0","0%","0%"
"*06ulx*","Jank Pichardo","HOU","RP","7939","FA","22","@PHI Wed 6:40PM","0","0%","0%"
"*060qn*","Kervin Pichardo","WSH","3B,SS,INF","7940","FA","24","WSH 2<br/>@SD 5","0","0%","0%"
"*06exo*","Starlyn Pichardo","(N/A)","RP","7941","FA","22","","0","0%","0%"
"*06zi5*","Cannon Pickell","MIA","RP","7942","FA","23","NYM Wed 6:40PM","0","0%","0%"
"*06qht*","Ryan Picollo","SEA","OF","7943","FA","24","TEX 1<br/>@SEA 3","0","0%","0%"
"*06v69*","Domenic Picone","STL","SP,RP","7944","FA","25","STL 6<br/>@SF 1","0","0%","0%"
"*078sy*","Ryan Piech","BAL","SP","7945","FA","21","CLE Wed 6:35PM","0","0%","0%"
"*06kyu*","Carson Pierce","(N/A)","SP,RP","7946","FA","24","","0","0%","0%"
"*06se8*","Daniel Pierce","TB","SS,INF","7947","FA","20","@ATL Wed 7:15PM","0","13%","0%"
"*06204*","Louis Pierre","(N/A)","OF","7948","FA","21","","0","0%","0%"
"*05rk6*","Mauricio Pierre","(N/A)","OF","7949","FA","22","","0","0%","0%"
"*070e9*","Mason Pike","(N/A)","SS,INF","7950","FA","20","","0","0%","0%"
"*06qx2*","Anderson Pilar","ATL","RP","7951","FA","28","TB Wed 7:15PM","0","0%","0%"
"*04muw*","Konnor Pilkington","WSH","RP","7952","FA","28","WSH 2<br/>@SD 5","0","0%","0%"
"*06hp3*","Jeremy Pilon","TB","SP","7953","FA","20","@ATL Wed 7:15PM","0","0%","0%"
"*06v31*","Antonio Pimentel","PIT","OF","7954","FA","20","@CHW Wed 7:40PM","0","0%","0%"
"*06hj5*","Brandon Pimentel","(N/A)","1B,INF","7955","FA","26","","0","0%","0%"
"*06v2o*","Luis Pimentel","CIN","RP","7956","FA","23","@LAD Wed 10:10PM","0","0%","0%"
"*04zv4*","Robinson Pina","(N/A)","RP","7957","FA","27","","0","0%","0%"
"*06ru7*","Rudit Pina","(N/A)","SP","7958","FA","20","","0","0%","0%"
"*066q6*","Darlin Pinales","ATH","RP","7959","FA","24","TOR 0<br/>@ATH 2 F","0","0%","0%"
"*064s2*","Enmanuel Pinales","SD","SP","7960","FA","25","WSH 2<br/>@SD 5","0","0%","0%"
"*06ruk*","Yostin Pinales","ATL","SP","7961","FA","18","TB Wed 7:15PM","0","0%","0%"
"*06ru5*","Fidel Pinango","NYM","3B,INF,OF","7962","FA","19","@MIA Wed 6:40PM","0","0%","0%"
"*072ii*","Nicolo Pinazzi","LAA","RP","7963","FA","26","@BOS Wed 6:45PM","0","0%","0%"
"*06qa3*","Rashawn Pinder","TEX","OF","7964","FA","19","TEX 1<br/>@SEA 3","0","0%","0%"
"*078f9*","Jack Pineau","SD","SP","7965","FA","22","WSH 2<br/>@SD 5","0","0%","0%"
"*06rh6*","Alen Pineda","(N/A)","C","7966","FA","21","","0","0%","0%"
"*05ykv*","Esmith Pineda","CIN","OF","7967","FA","21","@LAD Wed 10:10PM","0","0%","0%"
"*06rh5*","Euri Pineda","(N/A)","RP","7968","FA","21","","0","0%","0%"
"*072qw*","Frandel Pineda","TEX","RP","7969","FA","17","TEX 1<br/>@SEA 3","0","1%","0%"
"*04b3d*","Israel Pineda","(N/A)","C","7970","FA","26","","0","0%","0%"
"*0662k*","Jack Pineda","KC","SS,INF","7971","FA","27","ARI Wed 7:40PM","0","0%","0%"
"*060uv*","Leandro Pineda","WSH","OF","7972","FA","24","WSH 2<br/>@SD 5","0","0%","0%"
"*06ibs*","Leonardo Pineda","TB","OF","7973","FA","19","@ATL Wed 7:15PM","0","1%","0%"
"*066o3*","Luis Pineda","(N/A)","C","7974","FA","24","","0","0%","0%"
"*05iyv*","Pedro Pineda","ATH","OF","7975","FA","23","TOR 0<br/>@ATH 2 F","0","2%","0%"
"*06kxw*","Queni Pineda","NYY","C","7976","FA","19","COL Wed 7:05PM","0","0%","0%"
"*0765p*","Yeider Pineda","BOS","SP","7977","FA","17","LAA Wed 6:45PM","0","0%","0%"
"*06k7x*","Aaron Pinero","TB","3B,INF","7978","FA","19","@ATL Wed 7:15PM","0","0%","0%"
"*06qws*","Yander Pinero","ATL","RP","7979","FA","19","TB Wed 7:15PM","0","0%","0%"
"*05uob*","Luis Pino","STL","OF","7980","FA","22","STL 6<br/>@SF 1","0","0%","0%"
"*057n1*","Yassel Pino","(N/A)","1B,INF","7981","FA","24","","0","0%","0%"
"*0648a*","Andrew Pintar","MIA","OF","7982","FA","25","NYM Wed 6:40PM","0","1%","0%"
"*05j6w*","Adrian Pinto","TOR","2B,INF","7983","FA","23","TOR 0<br/>@ATH 2 F","0","1%","0%"
"*06mpv*","Avinson Pinto","BOS","SS,INF","7984","FA","19","LAA Wed 6:45PM","0","0%","0%"
"*05r16*","Jean Pinto","(N/A)","SP","7985","FA","25","","0","0%","0%"
"*06k7u*","Jesus Pinto","DET","OF","7986","FA","19","MIN 2<br/>@DET 7 F","0","1%","0%"
"*06ru8*","Jose Pinto","(N/A)","SP","7987","FA","24","","0","0%","0%"
"*05rh6*","Juan Pinto","SEA","SP","7988","FA","22","TEX 1<br/>@SEA 3","0","0%","0%"
"*06ooe*","Nick Pinto","CHW","SP","7989","FA","26","PIT Wed 7:40PM","0","0%","0%"
"*040fw*","Rene Pinto","(N/A)","C","7990","FA","29","","0","0%","0%"
"*03mol*","Ricardo Pinto","(N/A)","RP","7991","FA","32","","0","0%","0%"
"*06ru6*","Santiago Pinto","DET","OF","7992","FA","20","MIN 2<br/>@DET 7 F","0","0%","0%"
"*072zi*","Alexandel Pio","PIT","SS,INF","7993","FA","17","@CHW Wed 7:40PM","0","0%","0%"
"*072ho*","Gregory Pio","SEA","OF","7994","FA","17","TEX 1<br/>@SEA 3","0","2%","0%"
"*06r0j*","Konner Piotto","(N/A)","C","7995","FA","28","","0","0%","0%"
"*04ptv*","Dominic Pipkin","PIT","RP","7996","FA","26","@CHW Wed 7:40PM","0","0%","0%"
"*07774*","Daniel Pire","MIA","C","7997","FA","17","NYM Wed 6:40PM","0","0%","0%"
"*06c35*","Jose Pirela","CLE","OF","7998","FA","20","@BAL Wed 6:35PM","0","1%","0%"
"*064vw*","Yorvi Pirela","(N/A)","SP,RP","7999","FA","21","","0","0%","0%"
"*06fr0*","Dominic Pitelli","CIN","2B,SS,INF","8000","FA","24","@LAD Wed 10:10PM","0","0%","0%"
"*06nua*","Emilien Pitre","NYM","2B,SS,INF","8001","FA","23","@MIA Wed 6:40PM","0","5%","0%"
"*06sbn*","Jose Pitre","ARI","OF","8002","FA","18","@KC Wed 7:40PM","0","0%","0%"
"*06ujn*","C.J. Pittaro","ATH","1B,INF,OF","8003","FA","24","TOR 0<br/>@ATH 2 F","0","0%","0%"
"*06zfm*","Eli Pitts","CIN","OF","8004","FA","19","@LAD Wed 10:10PM","0","2%","0%"
"*06l5e*","Tyler Pitzer","SD","SP","8005","FA","21","WSH 2<br/>@SD 5","0","0%","0%"
"*056j6*","Adrian Placencia","LAA","2B,INF","8006","FA","23","@BOS Wed 6:45PM","0","1%","0%"
"*05rjl*","Geovanny Planchart","TOR","C","8007","FA","24","TOR 0<br/>@ATH 2 F","0","0%","0%"
"*04z6j*","Alexfri Planez","(N/A)","OF","8008","FA","25","","0","0%","0%"
"*04pqg*","Michael Plassmeyer","SEA","SP,RP","8009","FA","29","TEX 1<br/>@SEA 3","0","0%","0%"
"*0622o*","Axiel Plaz","PIT","C","8010","FA","21","@CHW Wed 7:40PM","0","5%","0%"
"*041wu*","Zach Plesac","(N/A)","SP","8011","FA","31","","0","0%","0%"
"*078u2*","Will Plunkett","BAL","SS,INF","8012","FA","18","CLE Wed 6:35PM","0","0%","0%"
"*06qx8*","Chase Plymell","CHW","RP","8013","FA","28","PIT Wed 7:40PM","0","0%","0%"
"*02mz1*","Colin Poche","(N/A)","RP","8014","FA","32","","0","0%","0%"
"*078v6*","Ashton Pocol","CHC","RP","8015","FA","22","@MIL Wed 7:40PM","0","0%","0%"
"*04psi*","Nick Podkul","(N/A)","3B,INF","8016","FA","29","","0","0%","0%"
"*06zh6*","Andrew Pogue","DET","RP","8017","FA","25","MIN 2<br/>@DET 7 F","0","0%","0%"
"*06r7s*","Marcos Pol","(N/A)","SP","8018","FA","21","","0","0%","0%"
"*066o1*","Albert Polanco","MIA","RP","8019","FA","21","NYM Wed 6:40PM","0","0%","0%"
"*06qo5*","Andy Polanco","SF","OF","8020","FA","21","STL 6<br/>@SF 1","0","0%","0%"
"*06tma*","Brandison Polanco","(N/A)","RP","8021","FA","24","","0","0%","0%"
"*06tmb*","Brayan Polanco","(N/A)","RP","8022","FA","21","","0","0%","0%"
"*060go*","Bryan Polanco","WSH","SP","8023","FA","24","WSH 2<br/>@SD 5","0","0%","0%"
"*06r9c*","Cristopher Polanco","TOR","SS,INF","8024","FA","18","TOR 0<br/>@ATH 2 F","0","2%","0%"
"*06tme*","Dariel Polanco","SD","RP","8025","FA","20","WSH 2<br/>@SD 5","0","0%","0%"
"*072hj*","Eybersson Polanco","LAA","RP","8026","FA","23","@BOS Wed 6:45PM","0","0%","0%"
"*06r33*","Julio Polanco","(N/A)","RP","8027","FA","19","","0","0%","0%"
"*076gp*","Martires Polanco","ATL","SP","8028","FA","19","TB Wed 7:15PM","0","0%","0%"
"*06tmd*","Moises Polanco","MIL","2B,INF","8029","FA","19","CHC Wed 7:40PM","0","0%","0%"
"*066s7*","Narciso Polanco","TB","2B,3B,INF","8030","FA","21","@ATL Wed 7:15PM","0","0%","0%"
"*06tmc*","Natanael Polanco","MIA","RP","8031","FA","23","NYM Wed 6:40PM","0","0%","0%"
"*05g4c*","Ronny Polanco","(N/A)","3B,INF","8032","FA","23","","0","0%","0%"
"*05kel*","Shalin Polanco","PIT","OF","8033","FA","22","@CHW Wed 7:40PM","0","1%","0%"
"*05lnl*","Kaden Polcovich","(N/A)","OF","8034","FA","27","","0","0%","0%"
"*0648b*","Chandler Pollard","TEX","SS,INF","8035","FA","22","TEX 1<br/>@SEA 3","0","0%","0%"
"*06nyu*","Davis Polo","ATL","SP","8036","FA","21","TB Wed 7:15PM","0","1%","0%"
"*04ru8*","Jairo Pomares","(N/A)","OF","8037","FA","26","","0","1%","0%"
"*06ktr*","TJ Pompey","(N/A)","SS,INF","8038","FA","21","","0","0%","0%"
"*06mpk*","Eduardo Ponce","SEA","C","8039","FA","20","TEX 1<br/>@SEA 3","0","0%","0%"
"*06rnh*","Isaac Ponce","SD","C","8040","FA","19","WSH 2<br/>@SD 5","0","0%","0%"
"*066jf*","Blaze Pontes","ATH","RP","8041","FA","26","TOR 0<br/>@ATH 2 F","0","0%","0%"
"*04pvy*","Thomas Ponticelli","(N/A)","SP,RP","8042","FA","29","","0","0%","0%"
"*074vu*","Tom Poole","TB","OF","8043","FA","23","@ATL Wed 7:15PM","0","0%","0%"
"*06qut*","Trey Pooser","STL","SP","8044","FA","25","STL 6<br/>@SF 1","0","0%","0%"
"*051bb*","Austin Pope","(N/A)","RP","8045","FA","27","","0","0%","0%"
"*0626s*","Bryan Pope","(N/A)","SP","8046","FA","27","","0","0%","0%"
"*06z3r*","Broedy Poppell","SF","C,OF","8047","FA","24","STL 6<br/>@SF 1","0","0%","0%"
"*0422f*","Sean Poppen","(N/A)","RP","8048","FA","32","","0","0%","0%"
"*06z0o*","Robby Porco","LAD","RP","8049","FA","22","CIN Wed 10:10PM","0","0%","0%"
"*078xr*","Gabriel Porras","TOR","2B,3B,SS,INF","8050","FA","17","TOR 0<br/>@ATH 2 F","0","0%","0%"
"*06rto*","Danny Portel","NYM","RP","8051","FA","22","@MIA Wed 6:40PM","0","0%","0%"
"*05u6h*","Brock Porter","TEX","RP","8052","FA","23","TEX 1<br/>@SEA 3","0","10%","0%"
"*06drr*","Edgar Portes","BAL","RP","8053","FA","23","CLE Wed 6:35PM","0","0%","0%"
"*06m9q*","Ovis Portes","CIN","SP,RP","8054","FA","21","@LAD Wed 10:10PM","0","0%","0%"
"*06v27*","Yeferson Portolatin","STL","2B,INF","8055","FA","18","STL 6<br/>@SF 1","0","0%","0%"
"*06mdb*","Leuris Portorreal","WSH","SP","8056","FA","21","WSH 2<br/>@SD 5","0","0%","0%"
"*06v60*","Roilan Portuondo","PIT","RP","8057","FA","27","@CHW Wed 7:40PM","0","0%","0%"
"*078sh*","Hunter Possehl","KC","SP","8058","FA","22","ARI Wed 7:40PM","0","0%","0%"
"*06uxh*","Owen Pote","CIN","SP","8059","FA","20","@LAD Wed 10:10PM","0","0%","0%"
"*02b2k*","Cody Poteet","(N/A)","RP","8060","FA","32","","0","0%","0%"
"*070d1*","Logan Poteet","CHC","C","8061","FA","22","@MIL Wed 7:40PM","0","0%","0%"
"*078oo*","Anthony Potestio","NYY","SS,INF","8062","FA","21","COL Wed 7:05PM","0","0%","0%"
"*072dp*","Matt Potok","PHI","RP","8063","FA","23","HOU Wed 6:40PM","0","0%","0%"
"*06zfo*","Nick Potter","HOU","RP","8064","FA","22","@PHI Wed 6:40PM","0","1%","0%"
"*061t0*","Nikau Pouaka-Grego","PHI","2B,INF","8065","FA","21","HOU Wed 6:40PM","0","1%","0%"
"*06pq6*","Caden Powell","HOU","3B,SS,INF","8066","FA","22","@PHI Wed 6:40PM","0","1%","0%"
"*05jqt*","Holden Powell","WSH","RP","8067","FA","27","WSH 2<br/>@SD 5","0","0%","0%"
"*06qj9*","Peyton Powell","(N/A)","1B,INF,OF","8068","FA","26","","0","0%","0%"
"*06421*","Walker Powell","(N/A)","SP","8069","FA","30","","0","0%","0%"
"*060qs*","Miguel Pozo","(N/A)","SP","8070","FA","25","","0","0%","0%"
"*06r48*","Abis Prado","(N/A)","RP","8071","FA","19","","0","0%","0%"
"*066o2*","Arnold Prado","(N/A)","OF","8072","FA","21","","0","0%","0%"
"*051wn*","Elio Prado","(N/A)","OF","8073","FA","24","","0","0%","0%"
"*06fu6*","Eric Prado","MIL","SP","8074","FA","20","CHC Wed 7:40PM","0","0%","0%"
"*06rl0*","Santiago Prado","(N/A)","2B,INF","8075","FA","19","","0","0%","0%"
"*06kwo*","Ryan Prager","CLE","SP","8076","FA","23","@BAL Wed 6:35PM","0","0%","0%"
"*078p2*","Hideki Prather","MIN","C","8077","FA","21","MIN 2<br/>@DET 7 F","0","0%","0%"
"*0515d*","Anthony Prato","(N/A)","2B,INF,OF","8078","FA","28","","0","0%","0%"
"*06dqa*","Karniel Pratt","(N/A)","OF","8079","FA","21","","0","0%","0%"
"*04b08*","Nick Pratto","SD","1B,INF","8080","FA","27","WSH 2<br/>@SD 5","0","1%","0%"
"*05y0z*","Sam Praytor","(N/A)","C","8081","FA","27","","0","0%","0%"
"*056j2*","Reginald Preciado","CHC","3B,INF","8082","FA","23","@MIL Wed 7:40PM","0","2%","0%"
"*06gje*","Christian Pregent","(N/A)","C","8083","FA","25","","0","0%","0%"
"*06jh2*","Jesus Premoli","(N/A)","3B,INF","8084","FA","19","","0","0%","0%"
"*06ytx*","Sandy Presbot","MIA","OF","8085","FA","18","NYM Wed 6:40PM","0","0%","0%"
"*06zfq*","Peyton Prescott","NYM","RP","8086","FA","22","@MIA Wed 6:40PM","0","0%","0%"
"*06cge*","Yimi Presinal","KC","RP","8087","FA","21","ARI Wed 7:40PM","0","0%","0%"
"*06qom*","Dawson Price","DET","RP","8088","FA","21","MIN 2<br/>@DET 7 F","0","0%","0%"
"*065v9*","Patrick Pridgen","(N/A)","RP","8089","FA","27","","0","0%","0%"
"*0519s*","Micah Pries","(N/A)","1B,INF","8090","FA","28","","0","0%","0%"
"*050vn*","Quinn Priester","MIL","SP,RP","8091","FA","25","CHC Wed 7:40PM","0","45%","0%"
"*078i8*","Nelson Prieto","PHI","C,1B,INF","8092","FA","18","HOU Wed 6:40PM","0","0%","0%"
"*06yyn*","Franklin Primera","BOS","C","8093","FA","19","LAA Wed 6:45PM","0","18%","0%"
"*077bt*","Luciano Prince","CHC","SP","8094","FA","17","@MIL Wed 7:40PM","0","0%","0%"
"*078zi*","Owen Prince","PIT","OF","8095","FA","22","@CHW Wed 7:40PM","0","0%","0%"
"*06c3l*","Connor Prins","(N/A)","SP","8096","FA","22","","0","0%","0%"
"*06hus*","William Privette","TEX","RP","8097","FA","24","TEX 1<br/>@SEA 3","0","0%","0%"
"*06kkl*","Jurdrick Profar","CHW","2B,INF","8098","FA","19","PIT Wed 7:40PM","0","0%","0%"
"*01spl*","Jurickson Profar","ATL","OF","8099","FA","33","TB Wed 7:15PM","0","14%","0%"
"*070c2*","Owen Proksch","TEX","RP","8100","FA","22","TEX 1<br/>@SEA 3","0","0%","0%"
"*0633d*","Michael Prosecky","COL","SP","8101","FA","25","@NYY Wed 7:05PM","0","0%","0%"
"*075xs*","Cole Prosek","CHW","3B,INF","8102","FA","19","PIT Wed 7:40PM","0","1%","0%"
"*077p9*","Calvin Proskey","CIN","SP","8103","FA","21","@LAD Wed 10:10PM","0","0%","0%"
"*072do*","Jacob Pruitt","PHI","RP","8104","FA","23","HOU Wed 6:40PM","0","0%","0%"
"*077r9*","Ryan Pruitt","HOU","OF","8105","FA","22","@PHI Wed 6:40PM","0","0%","0%"
"*04n1d*","Robert Puason","ATH","RP","8106","FA","23","TOR 0<br/>@ATH 2 F","0","2%","0%"
"*0741n*","Sebastian Puche","CLE","C","8107","FA","17","@BAL Wed 6:35PM","0","0%","0%"
"*041pt*","A.J. Puckett","(N/A)","RP","8108","FA","31","","0","0%","0%"
"*06rjr*","Luis Puello","NYY","OF","8109","FA","20","COL Wed 7:05PM","0","0%","0%"
"*05yl5*","Jorge Puerta","(N/A)","C","8110","FA","24","","0","0%","0%"
"*06ic8*","Oscar Pujols","COL","RP","8111","FA","19","@NYY Wed 7:05PM","0","1%","0%"
"*03yso*","A.J. Puk","ARI","RP","8112","FA","31","@KC Wed 7:40PM","0","15%","0%"
"*06zbd*","Owen Puk","WSH","RP","8113","FA","23","WSH 2<br/>@SD 5","0","0%","0%"
"*073vj*","Danyony Pulido","PHI","RP","8114","FA","23","HOU Wed 6:40PM","0","0%","0%"
"*076cm*","Jorwin Pulido","ATL","C","8115","FA","18","TB Wed 7:15PM","0","0%","0%"
"*06v2n*","Sebastian Pulido","(N/A)","RP","8116","FA","20","","0","0%","0%"
"*074ci*","Ricardo Pulles","LAD","C","8117","FA","17","CIN Wed 10:10PM","0","0%","0%"
"*077pg*","Brodie Purcell","CIN","RP","8118","FA","21","@LAD Wed 10:10PM","0","0%","0%"
"*06r87*","Andrew Purdy","(N/A)","3B,INF","8119","FA","20","","0","0%","0%"
"*060uc*","Jarren Purify","(N/A)","SS,INF","8120","FA","20","","0","0%","0%"
"*062e1*","Blake Purnell","TOR","RP","8121","FA","24","TOR 0<br/>@ATH 2 F","0","0%","0%"
"*072fy*","Nick Putnam","LAD","RP","8122","FA","23","CIN Wed 10:10PM","0","0%","0%"
"*078og*","Tyler Putnam","COL","SP,RP","8123","FA","18","@NYY Wed 7:05PM","0","0%","0%"
"*062eb*","Josh Pyne","(N/A)","3B,INF","8124","FA","24","","0","0%","0%"
"*0657d*","Zack Qin","SD","RP","8126","FA","21","WSH 2<br/>@SD 5","0","1%","0%"
"*078ld*","Mark Quatrani","SD","C","8127","FA","21","WSH 2<br/>@SD 5","0","0%","0%"
"*078ku*","Wyatt Queen","SEA","RP","8128","FA","21","TEX 1<br/>@SEA 3","0","0%","0%"
"*048vs*","Juniel Querecuto","(N/A)","3B,INF","8129","FA","33","","0","0%","0%"
"*06het*","Luis Quesada","HOU","OF","8130","FA","21","@PHI Wed 6:40PM","0","0%","0%"
"*06f0w*","Dylan Questad","MIN","SP,RP","8131","FA","21","MIN 2<br/>@DET 7 F","0","1%","0%"
"*04es2*","Andrew Quezada","(N/A)","SP,RP","8132","FA","29","","0","0%","0%"
"*06kgm*","Joshua Quezada","MIL","RP","8133","FA","22","CHC Wed 7:40PM","0","0%","0%"
"*067zn*","Junior Quezada","(N/A)","OF","8134","FA","21","","0","0%","0%"
"*06mpw*","Yunior Quezada","LAD","OF","8135","FA","20","CIN Wed 10:10PM","0","0%","0%"
"*06rrl*","Riley Quick","MIN","SP","8136","FA","22","MIN 2<br/>@DET 7 F","0","19%","0%"
"*06qk8*","Stephen Quigley","CIN","RP","8137","FA","26","@LAD Wed 10:10PM","0","0%","0%"
"*04k0x*","Jose Quijada","(N/A)","RP","8138","FA","30","","0","0%","0%"
"*06qsz*","Braden Quinn","(N/A)","SP","8139","FA","23","","0","0%","0%"
"*06ybe*","JT Quinn","BAL","SP,RP","8140","FA","22","CLE Wed 6:35PM","0","10%","0%"
"*06vxv*","James Quinn-Irons","TB","OF","8141","FA","22","@ATL Wed 7:15PM","0","4%","0%"
"*05u31*","Luis Quinones","MIN","SP","8142","FA","29","MIN 2<br/>@DET 7 F","0","0%","0%"
"*06p5o*","Josueth Quinonez","DET","OF","8143","FA","19","MIN 2<br/>@DET 7 F","0","0%","0%"
"*05ylq*","Adrian Quintana","SEA","RP","8144","FA","23","TEX 1<br/>@SEA 3","0","0%","0%"
"*06ibm*","Jorge Quintana","SD","SS,INF","8145","FA","19","WSH 2<br/>@SD 5","0","3%","0%"
"*06r1s*","Marlon Quintana","PIT","SP","8146","FA","20","@CHW Wed 7:40PM","0","0%","0%"
"*06igh*","Roiner Quintana","HOU","2B,INF,OF","8147","FA","21","@PHI Wed 6:40PM","0","0%","0%"
"*05aom*","Roismar Quintana","(N/A)","OF","8148","FA","23","","0","0%","0%"
"*06uq1*","Yulian Quintana","PIT","RP","8149","FA","26","@CHW Wed 7:40PM","0","0%","0%"
"*078mt*","Matt Quintanar","PHI","C","8150","FA","22","HOU Wed 6:40PM","0","0%","0%"
"*06nu8*","Cesar Quintas","SEA","1B,INF,OF","8151","FA","23","TEX 1<br/>@SEA 3","0","0%","0%"
"*06c79*","Eduardo Quintero","LAD","OF","8152","FA","20","CIN Wed 10:10PM","0","48%","0%"
"*061ye*","Geraldo Quintero","ATL","OF","8153","FA","24","TB Wed 7:15PM","0","1%","0%"
"*06tsw*","Marlon Quintero","LAA","C","8154","FA","19","@BOS Wed 6:45PM","0","0%","0%"
"*06mmy*","Alexi Quiroz","HOU","C","8155","FA","19","@PHI Wed 6:40PM","0","0%","0%"
"*06s38*","Christopher Quiroz","SEA","SP","8156","FA","18","TEX 1<br/>@SEA 3","0","0%","0%"
"*04m7n*","Esteban Quiroz","(N/A)","2B,INF","8157","FA","34","","0","0%","0%"
"*062h6*","Nelson Quiroz","LAD","C","8158","FA","24","CIN Wed 10:10PM","0","0%","0%"
"*078p8*","JT Raab","MIN","SP","8159","FA","22","MIN 2<br/>@DET 7 F","0","0%","0%"
"*076qt*","Taylor Rabe","KC","SP,RP","8160","FA","22","ARI Wed 7:40PM","0","1%","0%"
"*05yib*","Nelson Rada","LAA","OF","8161","FA","21","@BOS Wed 6:45PM","0","18%","0%"
"*05lg5*","Baron Radcliff","(N/A)","1B,INF,OF","8162","FA","27","","0","0%","0%"
"*0741o*","Jack Radel","HOU","SP","8163","FA","21","@PHI Wed 6:40PM","0","1%","0%"
"*06u6c*","Shane Rademacher","SF","SP","8164","FA","25","STL 6<br/>@SF 1","0","0%","0%"
"*06hyp*","Adriel Radney","ARI","OF","8165","FA","19","@KC Wed 7:40PM","0","2%","0%"
"*066dj*","Stefan Raeth","(N/A)","RP","8166","FA","26","","0","0%","0%"
"*073sj*","Cord Rager","(N/A)","SP","8167","FA","19","","0","0%","0%"
"*06r72*","Blake Ragsdale","(N/A)","SS,INF","8168","FA","17","","0","0%","0%"
"*05lg4*","Carson Ragsdale","(N/A)","RP","8169","FA","28","","0","0%","0%"
"*06zi7*","Josiah Ragsdale","STL","OF","8170","FA","22","STL 6<br/>@SF 1","0","23%","0%"
"*05yai*","Bryce Rainer","DET","SS,INF","8171","FA","21","MIN 2<br/>@DET 7 F","0","45%","0%"
"*066jw*","Blake Rambusch","SEA","2B,INF,OF","8172","FA","27","TEX 1<br/>@SEA 3","0","0%","0%"
"*06qx1*","Felix Ramires","(N/A)","RP","8173","FA","26","","0","0%","0%"
"*06ax7*","Abrahan Ramirez","MIA","2B,3B,INF","8174","FA","21","NYM Wed 6:40PM","0","1%","0%"
"*05aap*","Adolfo Ramirez","(N/A)","RP","8175","FA","27","","0","0%","0%"
"*04z9g*","Aldo Ramirez","(N/A)","RP","8176","FA","25","","0","0%","0%"
"*0526a*","Alex Ramirez","CHC","OF","8177","FA","23","@MIL Wed 7:40PM","0","1%","0%"
"*04yd0*","Alexander Ramirez","(N/A)","OF","8178","FA","24","","0","0%","0%"
"*06kvi*","Amauri Ramirez","HOU","OF","8179","FA","19","@PHI Wed 6:40PM","0","0%","0%"
"*070dn*","Angel Ramirez","KC","OF","8180","FA","21","ARI Wed 7:40PM","0","0%","0%"
"*073af*","Angel Ramirez","WSH","OF","8181","FA","17","WSH 2<br/>@SD 5","0","0%","0%"
"*0761a*","Chaily Ramirez","CHC","RP","8182","FA","21","@MIL Wed 7:40PM","0","0%","0%"
"*076a8*","Chris Ramirez","(N/A)","SS,INF","8183","FA","20","","0","0%","0%"
"*072f7*","Cleiner Ramirez","NYM","OF","8184","FA","17","@MIA Wed 6:40PM","0","2%","0%"
"*077cl*","Edwin Ramirez","PHI","OF","8185","FA","18","HOU Wed 6:40PM","0","0%","0%"
"*03zxg*","Emmanuel Ramirez","(N/A)","SP","8186","FA","32","","0","0%","0%"
"*05y5t*","Enmanuel Ramirez","(N/A)","OF","8187","FA","22","","0","0%","0%"
"*02cch*","Erasmo Ramirez","(N/A)","RP","8188","FA","36","","0","0%","0%"
"*06asu*","German Ramirez","HOU","3B,SS,INF","8189","FA","20","@PHI Wed 6:40PM","0","0%","0%"
"*0776s*","Gilbert Ramirez","PIT","C","8190","FA","17","@CHW Wed 7:40PM","0","0%","0%"
"*074dv*","Hanley Ramirez","PIT","OF","8191","FA","19","@CHW Wed 7:40PM","0","0%","0%"
"*02i3m*","Harold Ramirez","(N/A)","UT","8192","FA","32","","0","0%","0%"
"*06kln*","Irwin Ramirez","PIT","SP","8193","FA","19","@CHW Wed 7:40PM","0","0%","0%"
"*063gl*","Jawilme Ramirez","STL","RP","8194","FA","24","STL 6<br/>@SF 1","0","0%","0%"
"*05y50*","Jean Ramirez","(N/A)","OF","8195","FA","25","","0","0%","0%"
"*07691*","Jeury Ramirez","CHC","OF","8196","FA","18","@MIL Wed 7:40PM","0","0%","0%"
"*06rn6*","Jorge Ramirez","(N/A)","C","8197","FA","20","","0","0%","0%"
"*06qx9*","Jose Ramirez","(N/A)","RP","8198","FA","25","","0","0%","0%"
"*06rse*","Jose Ramirez","DET","OF","8199","FA","18","MIN 2<br/>@DET 7 F","0","0%","0%"
"*067zl*","Josias Ramirez","CHC","1B,INF","8200","FA","21","@MIL Wed 7:40PM","0","0%","0%"
"*0731j*","Joskairo Ramirez","BOS","OF","8201","FA","17","LAA Wed 6:45PM","0","1%","0%"
"*06bpw*","Keiverson Ramirez","STL","SP","8202","FA","21","STL 6<br/>@SF 1","0","0%","0%"
"*05r6e*","Kelvin Ramirez","LAD","RP","8203","FA","25","CIN Wed 10:10PM","0","0%","0%"
"*068nf*","Lucas Ramirez","LAA","OF","8204","FA","20","@BOS Wed 6:45PM","0","6%","0%"
"*05zy9*","Luis Ramirez","TEX","RP","8205","FA","25","TEX 1<br/>@SEA 3","0","0%","0%"
"*06k80*","Manni Ramirez","TEX","OF","8206","FA","19","TEX 1<br/>@SEA 3","0","0%","0%"
"*05ux7*","Micael Ramirez","(N/A)","C","8207","FA","27","","0","0%","0%"
"*0764f*","Michael Ramirez","LAD","RP","8208","FA","21","CIN Wed 10:10PM","0","0%","0%"
"*026mp*","Nick Ramirez","(N/A)","RP","8209","FA","37","","0","0%","0%"
"*0737t*","Osiris Ramirez","MIL","SS,INF","8210","FA","17","CHC Wed 7:40PM","0","1%","0%"
"*061zl*","Rafael Ramirez","WSH","2B,INF","8211","FA","21","WSH 2<br/>@SD 5","0","1%","0%"
"*06cn0*","Ramon Ramirez","KC","C","8212","FA","21","ARI Wed 7:40PM","0","6%","0%"
"*06gxb*","Raynier Ramirez","(N/A)","3B,INF","8213","FA","21","","0","0%","0%"
"*06ma4*","Richard Ramirez","PIT","C,1B,INF","8214","FA","21","@CHW Wed 7:40PM","0","0%","0%"
"*072qx*","Roderic Ramirez","CHW","RP","8215","FA","18","PIT Wed 7:40PM","0","0%","0%"
"*06owd*","Ronald Ramirez","DET","2B,INF","8216","FA","19","MIN 2<br/>@DET 7 F","0","0%","0%"
"*06v2m*","Ruben Ramirez","SEA","RP","8217","FA","21","TEX 1<br/>@SEA 3","0","0%","0%"
"*073t7*","Santiago Ramirez","TEX","C","8218","FA","17","TEX 1<br/>@SEA 3","0","0%","0%"
"*06ump*","Wanmer Ramirez","(N/A)","RP","8219","FA","22","","0","0%","0%"
"*06ro3*","Yeuri Ramirez","DET","SP","8220","FA","18","MIN 2<br/>@DET 7 F","0","0%","0%"
"*06zaq*","Randy Ramnarace","KC","RP","8221","FA","21","ARI Wed 7:40PM","0","0%","0%"
"*06xzw*","Dariel Ramon","TOR","3B,SS,INF","8222","FA","20","TOR 0<br/>@ATH 2 F","0","0%","0%"
"*06lvo*","Eriandys Ramon","CHC","SS,INF","8223","FA","23","@MIL Wed 7:40PM","0","0%","0%"
"*06uv9*","Albert Ramos","DET","SP","8224","FA","20","MIN 2<br/>@DET 7 F","0","0%","0%"
"*06qk0*","Alex Ramos","BAL","SP","8225","FA","19","CLE Wed 6:35PM","0","0%","0%"
"*06v2l*","Anderson Ramos","MIN","RP","8226","FA","20","MIN 2<br/>@DET 7 F","0","0%","0%"
"*059bs*","Bryan Ramos","BAL","3B,INF","8227","FA","24","CLE Wed 6:35PM","0","4%","0%"
"*072ip*","Efrailin Ramos","TB","SP,RP","8228","FA","20","@ATL Wed 7:15PM","0","0%","0%"
"*0763r*","Emilio Ramos","CHC","RP","8229","FA","20","@MIL Wed 7:40PM","0","0%","0%"
"*05ybm*","Eury Ramos","(N/A)","RP","8230","FA","28","","0","0%","0%"
"*06umo*","Fernando Ramos","(N/A)","RP","8231","FA","23","","0","0%","0%"
"*06rnt*","Hector Ramos","BOS","SS,INF","8232","FA","18","LAA Wed 6:45PM","0","1%","0%"
"*05yho*","Henry Ramos","KC","OF","8233","FA","21","ARI Wed 7:40PM","0","0%","0%"
"*066f5*","Javier Ramos","(N/A)","SP","8234","FA","26","","0","0%","0%"
"*050vp*","Jose Ramos","NYM","OF","8235","FA","25","@MIA Wed 6:40PM","0","4%","0%"
"*06ick*","Jose Ramos","ATH","OF","8236","FA","19","TOR 0<br/>@ATH 2 F","0","0%","0%"
"*06uhe*","Jose Ramos","SF","2B,INF","8237","FA","23","STL 6<br/>@SF 1","0","0%","0%"
"*060ot*","Lenerd Ramos","(N/A)","RP","8238","FA","22","","0","0%","0%"
"*06uma*","Porfirio Ramos","HOU","RP","8239","FA","22","@PHI Wed 6:40PM","0","0%","0%"
"*06akz*","Raylin Ramos","BAL","OF","8240","FA","21","CLE Wed 6:35PM","0","0%","0%"
"*06umn*","Renil Ramos","CLE","RP","8241","FA","20","@BAL Wed 6:35PM","0","0%","0%"
"*06sc0*","Reynell Ramos","KC","SP","8242","FA","19","ARI Wed 7:40PM","0","0%","0%"
"*06r2n*","Santiago Ramos","(N/A)","C","8243","FA","19","","0","0%","0%"
"*06kxk*","Yaisel Ramos","(N/A)","OF","8244","FA","23","","0","0%","0%"
"*04q57*","Lane Ramsey","(N/A)","RP","8245","FA","30","","0","0%","0%"
"*061a6*","Ryan Ramsey","KC","SP","8246","FA","25","ARI Wed 7:40PM","0","0%","0%"
"*077ws*","Cal Randall","STL","SP","8247","FA","21","STL 6<br/>@SF 1","0","0%","0%"
"*06nuh*","Josh Randall","WSH","SP","8248","FA","23","WSH 2<br/>@SD 5","0","1%","0%"
"*06yxg*","Jonathan Rangel","MIL","1B,INF","8249","FA","19","CHC Wed 7:40PM","0","0%","0%"
"*06mwa*","Trey Rangel","(N/A)","SP","8250","FA","19","","0","0%","0%"
"*05yf5*","Nick Raposo","SEA","C","8251","FA","28","TEX 1<br/>@SEA 3","0","0%","0%"
"*066fs*","Shawn Rapp","(N/A)","SP","8252","FA","26","","0","0%","0%"
"*05y2i*","Tyler Ras","CHC","RP","8253","FA","26","@MIL Wed 7:40PM","0","0%","0%"
"*051ao*","Bodi Rascon","(N/A)","RP","8254","FA","25","","0","0%","0%"
"*06z0u*","Carter Rasmussen","(N/A)","RP","8255","FA","22","","0","0%","0%"
"*06zau*","Connor Rasmussen","KC","2B,INF","8256","FA","22","ARI Wed 7:40PM","0","0%","0%"
"*06qr3*","Eric Rataczak","(N/A)","OF","8257","FA","25","","0","0%","0%"
"*05rds*","Luis Ravelo","(N/A)","SS,INF","8258","FA","22","","0","0%","0%"
"*02hhz*","Rangel Ravelo","(N/A)","1B,INF","8259","FA","34","","0","0%","0%"
"*062e2*","Dylan Ray","ARI","SP","8260","FA","25","@KC Wed 7:40PM","0","1%","0%"
"*05yoc*","Johnny Ray","(N/A)","SP","8261","FA","27","","0","0%","0%"
"*06z06*","Cole Raymond","LAA","SP","8262","FA","19","@BOS Wed 6:45PM","0","0%","0%"
"*05unz*","Elian Rayo","(N/A)","3B,INF","8263","FA","23","","0","0%","0%"
"*06ftu*","Oscar Rayo","KC","RP","8264","FA","24","ARI Wed 7:40PM","0","0%","0%"
"*06k7o*","Tanner Reaves","(N/A)","2B,INF","8265","FA","24","","0","0%","0%"
"*074a5*","Ambeiro Recio","SEA","OF","8266","FA","17","TEX 1<br/>@SEA 3","0","0%","0%"
"*05ude*","Ryan Reckley","SF","2B,INF,OF","8267","FA","22","STL 6<br/>@SF 1","0","1%","0%"
"*05y2g*","Joe Record","(N/A)","RP","8268","FA","31","","0","0%","0%"
"*076uy*","Aidan Redahan","COL","1B,INF","8269","FA","24","@NYY Wed 7:05PM","0","0%","0%"
"*0730d*","Logan Reddemann","COL","2B,INF,OF","8270","FA","21","@NYY Wed 7:05PM","0","1%","0%"
"*06dqt*","Joe Redfield","(N/A)","OF","8271","FA","24","","0","0%","0%"
"*06qok*","Zachary Redner","LAA","RP","8272","FA","21","@BOS Wed 6:45PM","0","0%","0%"
"*06uq0*","Iker Redona","CIN","SP","8273","FA","18","@LAD Wed 10:10PM","0","2%","0%"
"*06hvy*","Carlson Reed","PIT","SP","8274","FA","23","@CHW Wed 7:40PM","0","2%","0%"
"*03yk5*","Michael Reed","(N/A)","OF","8275","FA","31","","0","0%","0%"
"*072ei*","Ryan Reed","SD","SP","8276","FA","22","WSH 2<br/>@SD 5","0","0%","0%"
"*05rb6*","Tyree Reed","(N/A)","OF","8277","FA","23","","0","0%","0%"
"*072ej*","Canon Reeder","PIT","OF","8278","FA","23","@CHW Wed 7:40PM","0","0%","0%"
"*04y7y*","Jackson Rees","(N/A)","SP,RP","8279","FA","32","","0","0%","0%"
"*06r7c*","Ace Reese","SEA","OF","8280","FA","21","TEX 1<br/>@SEA 3","0","3%","0%"
"*03dan*","Jakson Reetz","SEA","C","8281","FA","30","TEX 1<br/>@SEA 3","0","0%","0%"
"*0664u*","Nicholas Regalado","(N/A)","RP","8282","FA","24","","0","0%","0%"
"*074ph*","Cristian Rego","PHI","SP","8283","FA","18","HOU Wed 6:40PM","0","0%","0%"
"*06rua*","Dominick Reid","CHC","SP","8284","FA","22","@MIL Wed 7:40PM","0","1%","0%"
"*06qry*","Rocco Reid","ARI","RP","8285","FA","23","@KC Wed 7:40PM","0","0%","0%"
"*03d7a*","Sean Reid-Foley","(N/A)","RP","8286","FA","31","","0","0%","0%"
"*05y0r*","Evan Reifert","TB","RP","8287","FA","27","@ATL Wed 7:15PM","0","2%","0%"
"*05jpm*","Patrick Reilly","BAL","SP","8288","FA","24","CLE Wed 6:35PM","0","1%","0%"
"*065iv*","Vince Reilly","CHC","RP","8289","FA","25","@MIL Wed 7:40PM","0","0%","0%"
"*06481*","Jacob Reimer","NYM","3B,INF","8290","NYX","22","@MIA Wed 6:40PM","0","24%","0%"
"*031b6*","Jack Reinheimer","(N/A)","SS,INF","8291","FA","34","","0","0%","0%"
"*076st*","Jake Reinisch","ATH","OF","8292","FA","24","TOR 0<br/>@ATH 2 F","0","0%","0%"
"*0665t*","Livan Reinoso","MIA","RP","8293","FA","28","NYM Wed 6:40PM","0","0%","0%"
"*0731m*","Svert Reinoso","CLE","SS,INF","8294","FA","17","@BAL Wed 6:35PM","0","1%","0%"
"*0731p*","Wilber Reinoso","CLE","SS,INF","8295","FA","17","@BAL Wed 6:35PM","0","0%","0%"
"*06gim*","Tom Reisinger","(N/A)","RP","8296","FA","25","","0","0%","0%"
"*06z7m*","Jason Reitz","MIN","SP","8297","FA","22","MIN 2<br/>@DET 7 F","0","1%","0%"
"*06uw6*","Chris Rembert","PIT","2B,INF","8298","FA","21","@CHW Wed 7:40PM","0","0%","0%"
"*041va*","Zach Remillard","(N/A)","3B,INF","8299","FA","32","","0","0%","0%"
"*06qqw*","Jacob Remily","CLE","SP","8300","FA","20","@BAL Wed 6:35PM","0","0%","0%"
"*01tt9*","Anthony Rendon","LAA","3B,INF","8301","FA","36","@BOS Wed 6:45PM","0","1%","0%"
"*03022*","Hunter Renfroe","KC","OF","8302","FA","34","ARI Wed 7:40PM","0","1%","0%"
"*077wv*","Brett Renfrow","MIN","SP","8303","FA","21","MIN 2<br/>@DET 7 F","0","0%","0%"
"*06zi6*","Chase Renner","MIA","RP","8304","FA","23","NYM Wed 6:40PM","0","0%","0%"
"*0724c*","Francisco Renteria","PHI","OF","8305","FA","17","HOU Wed 6:40PM","0","32%","0%"
"*06qp3*","Tyler Renz","MIL","SP","8306","FA","19","CHC Wed 7:40PM","0","1%","0%"
"*06pp3*","Carlos Renzullo","COL","OF","8307","FA","19","@NYY Wed 7:05PM","0","0%","0%"
"*06rhd*","Alexander Requena","MIA","C","8308","FA","20","NYM Wed 6:40PM","0","0%","0%"
"*06qgz*","Angel Requena","WSH","1B,INF","8309","FA","19","WSH 2<br/>@SD 5","0","0%","0%"
"*075xi*","Jose Requena","ARI","OF","8310","FA","17","@KC Wed 7:40PM","0","0%","0%"
"*06r4t*","Drew Rerick","(N/A)","SP","8311","FA","20","","0","0%","0%"
"*04ofm*","Bladimir Restituyo","(N/A)","OF","8312","FA","25","","0","0%","0%"
"*066lk*","Adam Retzbach","BAL","C,1B,INF","8313","FA","25","CLE Wed 6:35PM","0","0%","0%"
"*077qw*","Carson Revay","BOS","RP","8314","FA","22","LAA Wed 6:45PM","0","0%","0%"
"*06o0s*","Peson Revierre","(N/A)","OF","8315","FA","19","","0","0%","0%"
"*06z3s*","Dusty Revis","CIN","SP","8316","FA","23","@LAD Wed 10:10PM","0","0%","0%"
"*06hpw*","Carlos Rey","ARI","RP","8317","FA","24","@KC Wed 7:40PM","0","0%","0%"
"*0776p*","Adonanfer Reyes","LAA","OF","8318","FA","17","@BOS Wed 6:45PM","0","0%","0%"
"*06umu*","Alan Reyes","STL","RP","8319","FA","22","STL 6<br/>@SF 1","0","0%","0%"
"*075kz*","Anfernny Reyes","MIL","RP","8320","FA","22","CHC Wed 7:40PM","0","0%","0%"
"*06qyt*","Angel Reyes","(N/A)","SP","8321","FA","28","","0","0%","0%"
"*05j8x*","Carlo Reyes","(N/A)","SP","8322","FA","28","","0","0%","0%"
"*06kxy*","Christofer Reyes","NYY","2B,INF","8323","FA","19","COL Wed 7:05PM","0","0%","0%"
"*06k7y*","Dalvinson Reyes","BOS","SP","8324","FA","19","LAA Wed 6:45PM","0","1%","0%"
"*040fv*","Denyi Reyes","(N/A)","SP","8325","FA","29","","0","0%","0%"
"*0776z*","Elian Reyes","TOR","OF","8326","FA","18","TOR 0<br/>@ATH 2 F","0","0%","0%"
"*06mf9*","Elvis Reyes","(N/A)","RP","8327","FA","23","","0","0%","0%"
"*0663r*","Emmanuel Reyes","KC","SP","8328","FA","22","ARI Wed 7:40PM","0","1%","0%"
"*06qy4*","Endry Reyes","TOR","1B,INF","8329","FA","19","TOR 0<br/>@ATH 2 F","0","0%","0%"
"*02i3z*","Franmil Reyes","(N/A)","OF","8330","FA","31","","0","0%","0%"
"*06nr9*","Franyerson Reyes","DET","SP","8331","FA","19","MIN 2<br/>@DET 7 F","0","0%","0%"
"*060og*","Gabriel Reyes","DET","SP","8332","FA","23","MIN 2<br/>@DET 7 F","0","0%","0%"
"*03mm1*","Gerardo Reyes","(N/A)","RP","8333","FA","33","","0","0%","0%"
"*06y1k*","Howard Reyes","DET","C","8334","FA","18","MIN 2<br/>@DET 7 F","0","0%","0%"
"*06qkh*","Jan Luis Reyes","CHC","OF","8335","FA","20","@MIL Wed 7:40PM","0","0%","0%"
"*06tl7*","Jean Reyes","(N/A)","RP","8336","FA","24","","0","0%","0%"
"*06idh*","Jeremy Reyes","ATL","SP","8337","FA","20","TB Wed 7:15PM","0","0%","0%"
"*06rvw*","Jhomnardo Reyes","BAL","OF","8338","FA","18","CLE Wed 6:35PM","0","7%","0%"
"*06v2k*","Jhon Reyes","KC","RP","8339","FA","22","ARI Wed 7:40PM","0","0%","0%"
"*06uh6*","Jimmy Reyes","(N/A)","RP","8340","FA","20","","0","0%","0%"
"*06ra9*","Josmir Reyes","NYM","C","8341","FA","19","@MIA Wed 6:40PM","0","0%","0%"
"*076s5*","Juan Reyes","WSH","SP","8342","FA","21","WSH 2<br/>@SD 5","0","0%","0%"
"*03bv8*","Luis Reyes","(N/A)","RP","8343","FA","31","","0","0%","0%"
"*05rk7*","Luis Reyes","(N/A)","1B,INF","8344","FA","22","","0","0%","0%"
"*066m7*","Luis Reyes","CHW","SP","8345","FA","20","PIT Wed 7:40PM","0","0%","0%"
"*06qyh*","Maicol Reyes","TEX","RP","8346","FA","21","TEX 1<br/>@SEA 3","0","0%","0%"
"*03azu*","Pablo Reyes","LAA","OF,UT","8347","FA","33","@BOS Wed 6:45PM","0","0%","0%"
"*0737v*","Raibel Reyes","TB","SP","8348","FA","17","@ATL Wed 7:15PM","0","0%","0%"
"*06r99*","Raudy Reyes","ATL","SP","8349","FA","18","TB Wed 7:15PM","0","3%","0%"
"*06suf*","Ricardo Reyes","ATH","SP","8350","FA","18","TOR 0<br/>@ATH 2 F","0","0%","0%"
"*05af0*","Ripken Reyes","(N/A)","SS,INF","8351","FA","29","","0","0%","0%"
"*02zm9*","Victor Reyes","(N/A)","OF","8352","FA","31","","0","0%","0%"
"*06c1o*","Yeiker Reyes","COL","OF","8353","FA","20","@NYY Wed 7:05PM","0","0%","0%"
"*06umt*","Yokelvin Reyes","LAA","SP,RP","8354","FA","22","@BOS Wed 6:45PM","0","0%","0%"
"*06r54*","Emanuel Reyna","(N/A)","OF","8355","FA","19","","0","0%","0%"
"*06vy6*","Elias Reyno","ATL","OF","8356","FA","18","TB Wed 7:15PM","0","0%","0%"
"*06rsu*","Cole Reynolds","CHC","RP","8357","FA","24","@MIL Wed 7:40PM","0","0%","0%"
"*041rm*","Sean Reynolds","(N/A)","RP","8358","FA","28","","0","0%","0%"
"*076ck*","Ariel Reynoso","LAD","SS,INF","8359","FA","17","CIN Wed 10:10PM","0","0%","0%"
"*06uw7*","Dario Reynoso","SF","2B,3B,INF","8360","FA","21","STL 6<br/>@SF 1","0","0%","0%"
"*075la*","Erick Reynoso","ARI","RP","8361","FA","23","@KC Wed 7:40PM","0","0%","0%"
"*06r53*","Franniel Reynoso","WSH","SP","8362","FA","19","WSH 2<br/>@SD 5","0","0%","0%"
"*06cqc*","Juan Reynoso","MIA","RP","8363","FA","22","NYM Wed 6:40PM","0","0%","0%"
"*072zh*","Leonardo Reynoso","SEA","SS,INF","8364","FA","17","TEX 1<br/>@SEA 3","0","0%","0%"
"*064n7*","Eric Reyzelman","NYY","RP","8365","FA","25","COL Wed 7:05PM","0","1%","0%"
"*05rf7*","John Rhodes","(N/A)","1B,INF","8366","FA","26","","0","0%","0%"
"*078n1*","Bo Rhudy","PHI","RP","8367","FA","21","HOU Wed 6:40PM","0","0%","0%"
"*05y6p*","Sulivan Ribeiro","(N/A)","SP","8368","FA","22","","0","0%","0%"
"*06ibq*","Yandel Ricardo","KC","SS,INF","8369","FA","19","ARI Wed 7:40PM","0","3%","0%"
"*078k9*","AJ Rice","TB","SP","8370","FA","18","@ATL Wed 7:15PM","0","0%","0%"
"*05yhb*","Jake Rice","(N/A)","RP","8371","FA","29","","0","0%","0%"
"*072f0*","Jordan Rich","CHW","OF","8372","FA","19","PIT Wed 7:40PM","0","0%","0%"
"*06qy5*","Kendy Richard","ATL","SP","8373","FA","22","TB Wed 7:15PM","0","0%","0%"
"*05r5r*","Alonzo Richardson","(N/A)","RP","8374","FA","23","","0","0%","0%"
"*05m6b*","Grant Richardson","(N/A)","OF","8375","FA","27","","0","0%","0%"
"*06yvu*","Grant Richardson","ATH","SP","8376","FA","22","TOR 0<br/>@ATH 2 F","0","0%","0%"
"*06qgv*","Riangelo Richardson","CIN","2B,INF","8377","FA","19","@LAD Wed 10:10PM","0","0%","0%"
"*06hte*","Tre Richardson","STL","2B,INF","8378","FA","24","STL 6<br/>@SF 1","0","1%","0%"
"*06s33*","Nick Richmond","(N/A)","RP","8379","FA","28","","0","0%","0%"
"*065jf*","Caleb Ricketts","PHI","C","8380","FA","26","HOU Wed 6:40PM","0","0%","0%"
"*078mr*","Damarcus Rideout-Carter","PIT","RP","8381","FA","18","@CHW Wed 7:40PM","0","0%","0%"
"*06zh5*","Cal Riehl","SD","RP","8382","FA","23","WSH 2<br/>@SD 5","0","0%","0%"
"*06f0r*","Justin Riemer","ATH","2B,3B,INF","8383","FA","24","TOR 0<br/>@ATH 2 F","0","0%","0%"
"*0637i*","Dennys Riera","SF","3B,INF","8384","FA","21","STL 6<br/>@SF 1","0","0%","0%"
"*06s9y*","Jose Riera","CLE","2B,INF","8385","FA","18","@BAL Wed 6:35PM","0","0%","0%"
"*06kkh*","Rustan Rigdon","(N/A)","SS,INF","8386","FA","20","","0","0%","0%"
"*060fx*","Roc Riggio","COL","2B,INF","8387","FA","24","@NYY Wed 7:05PM","0","7%","0%"
"*074mm*","Cam Righi","(N/A)","OF","8388","FA","19","","0","0%","0%"
"*07262*","Juan Rijo","SEA","OF","8389","FA","18","TEX 1<br/>@SEA 3","0","6%","0%"
"*06z5d*","Leonard Rijo","MIL","SS,INF","8390","FA","18","CHC Wed 7:40PM","0","0%","0%"
"*04pr5*","Trey Riley","(N/A)","RP","8391","FA","28","","0","0%","0%"
"*06qkw*","Will Riley","SEA","RP","8392","FA","24","TEX 1<br/>@SEA 3","0","0%","0%"
"*06qxz*","Alexander Rincon","BAL","OF","8393","FA","19","CLE Wed 6:35PM","0","0%","0%"
"*066lf*","Bryan Rincon","PHI","SS,INF","8394","FA","22","HOU Wed 6:40PM","0","10%","0%"
"*072hr*","Hansel Rincon","NYY","RP","8395","FA","24","COL Wed 7:05PM","0","0%","0%"
"*06aki*","Heriberto Rincon","NYM","OF","8396","FA","20","@MIA Wed 6:40PM","0","0%","0%"
"*077n6*","Lubin Rincon","(N/A)","SS,INF","8397","FA","17","","0","0%","0%"
"*051c4*","Logan Rinehart","(N/A)","RP","8398","FA","28","","0","0%","0%"
"*073u8*","Ruger Riojas","PHI","RP","8399","FA","23","HOU Wed 6:40PM","0","0%","0%"
"*06cmc*","Alberto Rios","LAA","C","8400","FA","24","@BOS Wed 6:45PM","0","1%","0%"
"*06rjh*","Alejandro Rios","ARI","C","8401","FA","21","@KC Wed 7:40PM","0","0%","0%"
"*06rij*","Alvaro Rios","(N/A)","C","8402","FA","19","","0","0%","0%"
"*03qlr*","Edwin Rios","(N/A)","3B,INF","8403","FA","32","","0","0%","0%"
"*06bl0*","Jesus Rios","MIA","RP","8404","FA","24","NYM Wed 6:40PM","0","0%","0%"
"*06rhc*","Nestor Rios","MIA","C","8405","FA","21","NYM Wed 6:40PM","0","0%","0%"
"*06qop*","Brayden Risedorph","CHC","RP","8406","FA","23","@MIL Wed 7:40PM","0","0%","0%"
"*077ng*","Luc Rising","LAA","SP","8407","FA","22","@BOS Wed 6:45PM","0","0%","0%"
"*06z3t*","Braydon Risley","PIT","SP,RP","8408","FA","21","@CHW Wed 7:40PM","0","0%","0%"
"*06qog*","Erik Ritchie","(N/A)","RP","8409","FA","23","","0","0%","0%"
"*06r7a*","Kollin Ritchie","(N/A)","OF","8410","FA","21","","0","0%","0%"
"*0515g*","Luke Ritter","PHI","2B,3B,INF,OF","8411","FA","29","HOU Wed 6:40PM","0","0%","0%"
"*04pq6*","Alfonso Rivas","(N/A)","1B,INF,OF","8412","FA","29","","0","0%","0%"
"*06qhb*","Harold Rivas","BAL","OF","8413","FA","18","CLE Wed 6:35PM","0","3%","0%"
"*05ity*","Javier Rivas","PIT","3B,SS,INF","8414","FA","24","@CHW Wed 7:40PM","0","0%","0%"
"*05iyh*","Jeremy Rivas","(N/A)","2B,SS,INF","8415","FA","23","","0","0%","0%"
"*06ri5*","Kevin Rivas","CLE","1B,INF","8416","FA","23","@BAL Wed 6:35PM","0","0%","0%"
"*06pg1*","Xavier Rivas","NYY","SP","8417","FA","24","COL Wed 7:05PM","0","2%","0%"
"*06ic4*","Yensi Rivas","(N/A)","3B,INF","8418","FA","19","","0","0%","0%"
"*06aks*","Yosneiker Rivas","SF","2B,INF","8419","FA","20","STL 6<br/>@SF 1","0","0%","0%"
"*06r1m*","Alejandro Rivera","CIN","SP","8420","FA","19","@LAD Wed 10:10PM","0","1%","0%"
"*062l5*","Angel Rivera","(N/A)","C","8421","FA","23","","0","0%","0%"
"*06ibx*","Belfi Rivera","ARI","OF","8422","FA","19","@KC Wed 7:40PM","0","0%","0%"
"*066qy*","Bryan Rivera","MIL","RP","8423","FA","21","CHC Wed 7:40PM","0","0%","0%"
"*075gf*","Ediel Rivera","NYY","C","8424","FA","20","COL Wed 7:05PM","0","0%","0%"
"*03qvs*","Emmanuel Rivera","(N/A)","3B,INF","8425","FA","30","","0","0%","0%"
"*0513h*","Erik Rivera","BOS","RP","8426","FA","25","LAA Wed 6:45PM","0","0%","0%"
"*061yo*","Javier Rivera","CIN","SP","8427","FA","26","@LAD Wed 10:10PM","0","0%","0%"
"*051gu*","Josh Rivera","TOR","SS,INF","8428","FA","25","TOR 0<br/>@ATH 2 F","0","1%","0%"
"*04rhj*","Laz Rivera","(N/A)","SS,INF","8429","FA","31","","0","0%","0%"
"*06riw*","Miguel Rivera","(N/A)","C","8430","FA","19","","0","0%","0%"
"*06bse*","Raudy Rivera","(N/A)","RP","8431","FA","21","","0","0%","0%"
"*061oc*","Yaqui Rivera","BAL","RP","8432","FA","23","CLE Wed 6:35PM","0","1%","0%"
"*06tl1*","Angel Rivero","LAA","SP","8433","FA","19","@BOS Wed 6:45PM","0","0%","0%"
"*06imv*","Eliezer Rivero","LAA","1B,INF","8434","FA","21","@BOS Wed 6:45PM","0","0%","0%"
"*06ro4*","Eryks Rivero","MIL","OF","8435","FA","18","CHC Wed 7:40PM","0","0%","0%"
"*078j6*","Francisco Rivero","WSH","C","8436","FA","18","WSH 2<br/>@SD 5","0","0%","0%"
"*06rlz*","Gabriel Rivero","HOU","RP","8437","FA","21","@PHI Wed 6:40PM","0","0%","0%"
"*06aq8*","Jonathan Rivero","PIT","C","8438","FA","20","@CHW Wed 7:40PM","0","0%","0%"
"*06r4i*","Marwin Rivero","KC","UT","8439","FA","19","ARI Wed 7:40PM","0","0%","0%"
"*06z5i*","Roy Rivero","KC","2B,INF","8440","FA","18","ARI Wed 7:40PM","0","0%","0%"
"*060nm*","Yoander Rivero","(N/A)","2B,INF","8441","FA","24","","0","0%","0%"
"*06l46*","Luis Rives","HOU","OF","8442","FA","21","@PHI Wed 6:40PM","0","0%","0%"
"*0737q*","Mavrick Rizy","(N/A)","RP","8443","FA","21","","0","0%","0%"
"*078nb*","Angel Roa","BOS","SP","8444","FA","17","LAA Wed 6:45PM","0","0%","0%"
"*076vm*","Darwin Roa","PIT","SP,RP","8445","FA","19","@CHW Wed 7:40PM","0","0%","0%"
"*04q48*","Dalton Roach","(N/A)","RP","8446","FA","30","","0","0%","0%"
"*06rj3*","Jhonanderson Robain","(N/A)","C","8447","FA","20","","0","0%","0%"
"*05ui0*","Julio Robaina","ATL","SP","8448","FA","25","TB Wed 7:15PM","0","0%","0%"
"*05gea*","Sem Robberse","STL","SP","8449","FA","24","STL 6<br/>@SF 1","0","2%","0%"
"*0731w*","Aiden Robbins","NYM","OF","8450","FA","21","@MIA Wed 6:40PM","0","1%","0%"
"*04elv*","Josh Roberson","(N/A)","RP","8451","FA","30","","0","0%","0%"
"*078n5*","Wessley Roberson","MIA","OF","8452","FA","18","NYM Wed 6:40PM","0","0%","0%"
"*04et8*","Daniel Robert","PHI","RP","8453","FA","32","HOU Wed 6:40PM","0","0%","0%"
"*05gsk*","Robert Robertis","(N/A)","OF","8454","FA","23","","0","0%","0%"
"*06mv3*","Kevin Roberts Jr.","BAL","OF","8455","FA","18","CLE Wed 6:35PM","0","1%","0%"
"*0516c*","Austin Roberts","TEX","RP","8456","FA","28","TEX 1<br/>@SEA 3","0","0%","0%"
"*0657q*","Brett Roberts","(N/A)","SS,INF","8457","FA","25","","0","0%","0%"
"*05xov*","Caleb Roberts","MIN","OF","8458","FA","26","MIN 2<br/>@DET 7 F","0","0%","0%"
"*04pv9*","Cody Roberts","(N/A)","C","8459","FA","30","","0","0%","0%"
"*06gj8*","Cole Roberts","(N/A)","SS,INF","8460","FA","25","","0","0%","0%"
"*075lh*","Jacob Roberts","WSH","RP","8461","FA","24","WSH 2<br/>@SD 5","0","0%","0%"
"*06qi3*","Kai Roberts","SD","OF","8462","FA","25","WSH 2<br/>@SD 5","0","0%","0%"
"*04eik*","Max Roberts","(N/A)","RP","8463","FA","29","","0","0%","0%"
"*06696*","Blake Robertson","(N/A)","1B,INF","8464","FA","25","","0","0%","0%"
"*0515s*","Nick Robertson","LAD","SP,RP","8465","FA","28","CIN Wed 10:10PM","0","0%","0%"
"*06zie*","Sam Robertson","NYM","3B,INF,OF","8466","FA","22","@MIA Wed 6:40PM","0","0%","0%"
"*066lg*","Tyler Robertson","(N/A)","OF","8467","FA","26","","0","0%","0%"
"*04y9g*","Will Robertson","(N/A)","OF","8468","FA","28","","0","0%","0%"
"*04eue*","Cam Robinson","(N/A)","RP","8469","FA","27","","0","0%","0%"
"*041sm*","Errol Robinson","(N/A)","SS,INF","8470","FA","31","","0","0%","0%"
"*05u39*","Ethan Robinson","(N/A)","SP","8471","FA","22","","0","0%","0%"
"*06hws*","Hayden Robinson","MIL","SP","8472","FA","21","CHC Wed 7:40PM","0","0%","0%"
"*04g7l*","Kristian Robinson","ARI","OF","8473","FA","25","@KC Wed 7:40PM","0","7%","0%"
"*06qgq*","Kyle Robinson","LAA","SP","8474","FA","23","@BOS Wed 6:45PM","0","0%","0%"
"*07037*","Shai Robinson","MIN","2B,INF","8475","FA","22","MIN 2<br/>@DET 7 F","0","0%","0%"
"*06mv8*","Kevin Robledo","MIA","C","8476","FA","19","NYM Wed 6:40PM","0","0%","0%"
"*060o6*","Benony Robles","(N/A)","RP","8477","FA","25","","0","0%","0%"
"*03yri*","Domingo Robles","ATH","SP,RP","8478","FA","28","TOR 0<br/>@ATH 2 F","0","0%","0%"
"*06r6w*","Jean Robles","WSH","SP","8479","FA","19","WSH 2<br/>@SD 5","0","0%","0%"
"*06c3i*","Kay Robles","(N/A)","OF","8480","FA","21","","0","0%","0%"
"*078li*","Albert Roblez","SD","RP","8481","FA","23","WSH 2<br/>@SD 5","0","0%","0%"
"*04pw8*","Sean Roby","(N/A)","3B,INF","8482","FA","28","","0","0%","0%"
"*05jqh*","Tekoah Roby","STL","SP","8483","FA","24","STL 6<br/>@SF 1","0","12%","0%"
"*06af4*","Carson Roccaforte","KC","OF","8484","FA","24","ARI Wed 7:40PM","0","3%","0%"
"*06hgw*","Liam Rocha","(N/A)","SP","8485","FA","24","","0","0%","0%"
"*06uxy*","Sam Rochard","MIN","RP","8486","FA","26","MIN 2<br/>@DET 7 F","0","0%","0%"
"*06qjm*","Kyle Roche","LAA","RP","8487","FA","24","@BOS Wed 6:45PM","0","0%","0%"
"*065ux*","Dylan Rock","(N/A)","OF","8488","FA","28","","0","0%","0%"
"*03lua*","Brendan Rodgers","BOS","2B,INF","8489","FA","30","LAA Wed 6:45PM","0","2%","0%"
"*04emy*","Brody Rodning","(N/A)","RP","8490","FA","30","","0","0%","0%"
"*066ov*","Victor Rodrigues","LAD","C","8491","FA","21","CIN Wed 10:10PM","0","0%","0%"
"*064nu*","Adrian Rodriguez","ARI","SS,INF","8492","FA","22","@KC Wed 7:40PM","0","0%","0%"
"*06bbx*","Adrian Rodriguez","(N/A)","RP","8493","FA","25","","0","0%","0%"
"*06roz*","Adrian Rodriguez","(N/A)","3B,INF","8494","FA","20","","0","0%","0%"
"*04pht*","Alberto Rodriguez","KC","OF","8495","FA","25","ARI Wed 7:40PM","0","1%","0%"
"*0776y*","Alessandro Rodriguez","NYY","C","8496","FA","18","COL Wed 7:05PM","0","0%","0%"
"*06v23*","Alex Rodriguez","TEX","OF","8497","FA","0","TEX 1<br/>@SEA 3","0","0%","0%"
"*06sun*","Alfredo Rodriguez","TB","C","8498","FA","21","@ATL Wed 7:15PM","0","0%","0%"
"*074wp*","Anderson Rodriguez","LAA","OF","8499","FA","17","@BOS Wed 6:45PM","0","0%","0%"
"*0669t*","Andy Rodriguez","TB","RP","8500","FA","24","@ATL Wed 7:15PM","0","0%","0%"
"*06mwf*","Andy Rodriguez","(N/A)","RP","8501","FA","27","","0","0%","0%"
"*06man*","Aneuris Rodriguez","(N/A)","RP","8502","FA","22","","0","0%","0%"
"*066q8*","Angel Rodriguez","(N/A)","OF","8503","FA","21","","0","0%","0%"
"*06rke*","Angel Rodriguez","DET","C","8504","FA","19","MIN 2<br/>@DET 7 F","0","0%","0%"
"*074cj*","Brad Rodriguez","WSH","OF","8505","FA","17","WSH 2<br/>@SD 5","0","0%","0%"
"*0776i*","Brayan Rodriguez","TB","SS,INF","8506","FA","17","@ATL Wed 7:15PM","0","0%","0%"
"*04loe*","Carlos Rodriguez","SD","OF","8597","FA","25","WSH 2<br/>@SD 5","0","1%","0%"
"*05j97*","Carlos Rodriguez","SD","C","8508","FA","23","WSH 2<br/>@SD 5","0","0%","0%"
"*06nny*","Carlos Rodriguez","(N/A)","1B,INF","8509","FA","22","","0","0%","0%"
"*06rm1*","Carlos Rodriguez","DET","SP","8510","FA","20","MIN 2<br/>@DET 7 F","0","0%","0%"
"*041rr*","Chris Rodriguez","(N/A)","SP,RP","8511","FA","28","","0","0%","0%"
"*06ify*","Christian Rodriguez","(N/A)","SP","8512","FA","21","","0","0%","0%"
"*06qhr*","Christian Rodriguez","NYM","RP","8513","FA","21","@MIA Wed 6:40PM","0","0%","0%"
"*06qus*","Christian Rodriguez","BAL","SP","8514","FA","24","CLE Wed 6:35PM","0","0%","0%"
"*05yb6*","CJ Rodriguez","ATH","C","8507","FA","26","TOR 0<br/>@ATH 2 F","0","0%","0%"
"*06ps4*","Cris Rodriguez","DET","OF","8515","FA","18","MIN 2<br/>@DET 7 F","0","22%","0%"
"*055c9*","Cristhian Rodriguez","(N/A)","3B,INF","8516","FA","24","","0","0%","0%"
"*06uo6*","Daniel Rodriguez","TEX","SS,INF","8517","FA","18","TEX 1<br/>@SEA 3","0","1%","0%"
"*066r7*","Darwin Rodriguez","MIA","RP","8518","FA","21","NYM Wed 6:40PM","0","0%","0%"
"*06v2j*","Darwin Rodriguez","KC","SP","8519","FA","23","ARI Wed 7:40PM","0","0%","0%"
"*06hta*","David Rodriguez","ATL","RP","8520","FA","24","TB Wed 7:15PM","0","0%","0%"
"*05umz*","Dionys Rodriguez","(N/A)","RP","8521","FA","26","","0","0%","0%"
"*05un8*","Eddy Rodriguez","(N/A)","1B,INF,OF","8522","FA","22","","0","0%","0%"
"*05y7z*","Edryn Rodriguez","(N/A)","2B,INF","8523","FA","23","","0","0%","0%"
"*06rib*","Elorky Rodriguez","TEX","OF","8524","FA","18","TEX 1<br/>@SEA 3","0","3%","0%"
"*04avf*","Elvin Rodriguez","(N/A)","RP","8525","FA","28","","0","0%","0%"
"*054p6*","Emmanuel Rodriguez","MIN","OF","8526","FA","23","MIN 2<br/>@DET 7 F","0","45%","0%"
"*0776h*","Enny Rodriguez","DET","SS,INF","8527","FA","18","MIN 2<br/>@DET 7 F","0","0%","0%"
"*05yg4*","Erian Rodriguez","CHC","SP","8528","FA","24","@MIL Wed 7:40PM","0","0%","0%"
"*0763h*","Esterling Rodriguez","PHI","OF","8529","FA","21","HOU Wed 6:40PM","0","0%","0%"
"*06qyl*","Frank Rodriguez","LAD","C","8530","FA","24","CIN Wed 10:10PM","0","0%","0%"
"*070d0*","Freddy Rodriguez","CHC","RP","8531","FA","22","@MIL Wed 7:40PM","0","0%","0%"
"*07777*","Freilyn Rodriguez","CLE","OF","8532","FA","18","@BAL Wed 6:35PM","0","0%","0%"
"*04el4*","Gabriel Rodriguez","NYM","RP","8533","FA","27","@MIA Wed 6:40PM","0","0%","0%"
"*04qov*","Gabriel Rodriguez","(N/A)","SS,INF","8534","FA","24","","0","0%","0%"
"*060gk*","Gabriel Rodriguez","CHW","RP","8535","FA","23","PIT Wed 7:40PM","0","0%","0%"
"*06jgx*","Gabriel Rodriguez","CLE","SS,INF","8536","FA","19","@BAL Wed 6:35PM","0","2%","0%"
"*06rnv*","Gabriel Rodriguez","PIT","OF","8537","FA","18","@CHW Wed 7:40PM","0","0%","0%"
"*06fex*","Gerardo Rodriguez","BOS","C","8538","FA","20","LAA Wed 6:45PM","0","0%","0%"
"*06v2i*","Geury Rodriguez","TEX","RP","8539","FA","21","TEX 1<br/>@SEA 3","0","0%","0%"
"*078xo*","Gregory Rodriguez","TB","C,1B,INF","8540","FA","17","@ATL Wed 7:15PM","0","0%","0%"
"*066nd*","Gustavo Rodriguez","ATH","RP","8541","FA","25","TOR 0<br/>@ATH 2 F","0","0%","0%"
"*066o8*","Jeremy Rodriguez","NYM","2B,3B,SS,INF","8542","FA","20","@MIA Wed 6:40PM","0","3%","0%"
"*06msy*","Jesus Rodriguez","(N/A)","OF","8543","FA","19","","0","0%","0%"
"*03ani*","Joely Rodriguez","(N/A)","RP","8544","FA","34","","0","0%","0%"
"*06qe1*","Johan Rodriguez","CLE","SS,INF","8545","FA","19","@BAL Wed 6:35PM","0","0%","0%"
"*06qzb*","Jorge Rodriguez","BOS","C","8546","FA","20","LAA Wed 6:45PM","0","0%","0%"
"*05gcy*","Jose Rodriguez","(N/A)","2B,INF","8547","FA","25","","0","1%","0%"
"*06201*","Jose Rodriguez","(N/A)","OF","8548","FA","21","","0","0%","0%"
"*06kwn*","Jose Rodriguez","TOR","RP","8549","FA","25","TOR 0<br/>@ATH 2 F","0","1%","0%"
"*06rjc*","Jose Rodriguez","ARI","C","8550","FA","19","@KC Wed 7:40PM","0","0%","0%"
"*07302*","Jose Rodriguez","MIL","SS,INF","8598","FA","17","CHC Wed 7:40PM","0","1%","0%"
"*04awg*","Julio Rodriguez","(N/A)","C","8551","FA","29","","0","0%","0%"
"*06lfx*","Julio Rodriguez","HOU","RP","8552","FA","26","@PHI Wed 6:40PM","0","0%","0%"
"*062hl*","Justin Rodriguez","(N/A)","3B,INF","8553","FA","22","","0","0%","0%"
"*04mlm*","Keyber Rodriguez","TEX","3B,INF","8554","FA","25","TEX 1<br/>@SEA 3","0","0%","0%"
"*076jf*","Leandro Rodriguez","SF","SP","8555","FA","20","STL 6<br/>@SF 1","0","0%","0%"
"*06rly*","Leyvi Rodriguez","NYM","RP","8556","FA","20","@MIA Wed 6:40PM","0","0%","0%"
"*05wdm*","Lizandro Rodriguez","(N/A)","2B,INF","8557","FA","23","","0","0%","0%"
"*06l3k*","Louis Rodriguez","(N/A)","SP,RP","8558","FA","22","","0","0%","0%"
"*04vso*","Luis Rodriguez","(N/A)","SP","8559","FA","26","","0","0%","0%"
"*051wt*","Luis Rodriguez","(N/A)","OF","8560","FA","23","","0","1%","0%"
"*066na*","Luis Rodriguez","CLE","SS,INF","8561","FA","21","@BAL Wed 6:35PM","0","0%","0%"
"*06r27*","Luis Rodriguez","(N/A)","SP","8562","FA","23","","0","0%","0%"
"*074pg*","Luis Rodriguez","HOU","SP","8563","FA","22","@PHI Wed 6:40PM","0","0%","0%"
"*05zd5*","Luis R. Rodriguez","NYM","SP","8564","FA","23","@MIA Wed 6:40PM","0","0%","0%"
"*06r4a*","Maikel Rodriguez","MIA","RP","8565","FA","20","NYM Wed 6:40PM","0","0%","0%"
"*06rvx*","Maikol Rodriguez","SEA","OF","8566","FA","19","TEX 1<br/>@SEA 3","0","0%","0%"
"*06ayq*","Manuel Rodriguez","MIL","SP","8567","FA","21","CHC Wed 7:40PM","0","2%","0%"
"*06z5k*","Maximo Rodriguez","SEA","RP","8568","FA","20","TEX 1<br/>@SEA 3","0","0%","0%"
"*06pqq*","Melvin Rodriguez","MIN","SP","8569","FA","20","MIN 2<br/>@DET 7 F","0","0%","0%"
"*05txv*","Miguel Rodriguez","(N/A)","SP","8570","FA","27","","0","0%","0%"
"*06ftw*","Miguel Rodriguez","BAL","C","8571","FA","20","CLE Wed 6:35PM","0","1%","0%"
"*074cc*","Misael Rodriguez","MIN","OF","8572","FA","17","MIN 2<br/>@DET 7 F","0","0%","0%"
"*076sb*","Moises Rodriguez","DET","RP","8573","FA","24","MIN 2<br/>@DET 7 F","0","0%","0%"
"*06yy1*","Nick Rodriguez","LAA","2B,INF","8574","FA","23","@BOS Wed 6:45PM","0","0%","0%"
"*04mkm*","Osiel Rodriguez","(N/A)","SP","8575","FA","24","","0","0%","0%"
"*060g0*","Pedro Rodriguez","NYY","RP","8576","FA","24","COL Wed 7:05PM","0","0%","0%"
"*066qw*","Raimy Rodriguez","HOU","SP","8577","FA","21","@PHI Wed 6:40PM","0","0%","0%"
"*06mnp*","Rainiel Rodriguez","STL","C","8578","Ka-Chow","19","STL 6<br/>@SF 1","0","49%","0%"
"*048ye*","Ramon Rodriguez","MIL","C","8579","FA","27","CHC Wed 7:40PM","0","0%","0%"
"*05w9g*","Randy Rodriguez","SF","RP","8580","FA","27","STL 6<br/>@SF 1","0","17%","0%"
"*06hoc*","Raudi Rodriguez","LAA","OF","8581","FA","23","@BOS Wed 6:45PM","0","9%","0%"
"*03mnn*","Richard Rodriguez","(N/A)","RP","8582","FA","36","","0","0%","0%"
"*078rv*","Ryne Rodriguez","LAD","RP","8583","FA","22","CIN Wed 10:10PM","0","0%","0%"
"*06mpz*","Tyler Rodriguez","MIL","OF","8584","FA","20","CHC Wed 7:40PM","0","0%","0%"
"*0761b*","Victor Rodriguez","MIA","RP","8585","FA","19","NYM Wed 6:40PM","0","0%","0%"
"*076l4*","Victor Rodriguez","LAA","SS,INF","8586","FA","20","@BOS Wed 6:45PM","0","0%","0%"
"*01srp*","Wilking Rodriguez","(N/A)","RP","8587","FA","36","","0","0%","0%"
"*06hon*","Wilson Rodriguez","NYY","OF","8588","FA","21","COL Wed 7:05PM","0","1%","0%"
"*06cqp*","Wuilliams Rodriguez","BOS","RP","8589","FA","20","LAA Wed 6:45PM","0","0%","0%"
"*06r2v*","Wuilliams Rodriguez","SEA","RP","8590","FA","22","TEX 1<br/>@SEA 3","0","0%","0%"
"*06kr5*","Yerlin Rodriguez","MIL","RP","8591","FA","24","CHC Wed 7:40PM","0","0%","0%"
"*04qot*","Yerry Rodriguez","NYY","SP","8592","FA","28","COL Wed 7:05PM","0","0%","0%"
"*06rmw*","Yobal Rodriguez","CHW","SP","8593","FA","18","PIT Wed 7:40PM","0","0%","0%"
"*066mq*","Yophery Rodriguez","BOS","OF","8594","FA","20","LAA Wed 6:45PM","0","8%","0%"
"*06rt2*","Yordan Rodriguez","NYM","RP","8595","FA","18","@MIA Wed 6:40PM","0","0%","0%"
"*06hio*","Yovanny Rodriguez","NYM","C","8596","FA","19","@MIA Wed 6:40PM","0","3%","0%"
"*04pn0*","Cole Roederer","(N/A)","OF","8599","FA","26","","0","0%","0%"
"*0792g*","Bennett Roemer","WSH","SP","8600","FA","22","WSH 2<br/>@SD 5","0","0%","0%"
"*06zai*","Zach Rogacki","COL","C,OF","8601","FA","23","@NYY Wed 7:05PM","0","0%","0%"
"*078z2*","AJ Rogers","SD","RP","8602","FA","19","WSH 2<br/>@SD 5","0","0%","0%"
"*0630c*","Dalton Rogers","BOS","SP","8603","FA","25","LAA Wed 6:45PM","0","1%","0%"
"*075ir*","Daniel Rogers","SF","C","8604","FA","24","STL 6<br/>@SF 1","0","0%","0%"
"*06gjy*","Grant Rogers","TOR","SP","8605","FA","25","TOR 0<br/>@ATH 2 F","0","1%","0%"
"*05ybf*","Jack Rogers","(N/A)","OF","8606","FA","27","","0","0%","0%"
"*06hne*","Johnathan Rogers","DET","RP","8607","FA","22","MIN 2<br/>@DET 7 F","0","0%","0%"
"*06f13*","Si-Hwan Roh","(N/A)","3B,INF","8608","FA","25","","0","0%","0%"
"*062l3*","Anderdson Rojas","ARI","3B,INF","8609","FA","22","@KC Wed 7:40PM","0","0%","0%"
"*06tac*","Carlos Rojas","(N/A)","C","8610","FA","24","","0","0%","0%"
"*06uxx*","Cesar Rojas","WSH","RP","8611","FA","24","WSH 2<br/>@SD 5","0","0%","0%"
"*06ums*","Daniel Rojas","STL","OF","8612","FA","20","STL 6<br/>@SF 1","0","0%","0%"
"*0777g*","Darian Rojas","ATH","OF","8613","FA","20","TOR 0<br/>@ATH 2 F","0","0%","0%"
"*06qzs*","Eduardo Rojas","LAD","C","8614","FA","19","CIN Wed 10:10PM","0","0%","0%"
"*06dq4*","Eyeksson Rojas","WSH","2B,INF","8615","FA","21","WSH 2<br/>@SD 5","0","0%","0%"
"*06ic0*","Franklin Rojas","TOR","C","8616","FA","19","TOR 0<br/>@ATH 2 F","0","0%","0%"
"*06rhq*","Freider Rojas","MIL","C","8617","FA","20","CHC Wed 7:40PM","0","0%","0%"
"*06c2y*","Gilberto Rojas","(N/A)","C","8618","FA","21","","0","0%","0%"
"*06r4o*","Gio Rojas","TEX","SP","8619","FA","19","TEX 1<br/>@SEA 3","0","4%","0%"
"*061wh*","Jefferson Rojas","NYM","2B,SS,INF","8620","NYX","21","@MIA Wed 6:40PM","0","31%","0%"
"*04w4e*","Johan Rojas","PHI","OF","8621","FA","26","HOU Wed 6:40PM","0","2%","0%"
"*04lo8*","Jose Rojas","NYM","OF","8622","FA","33","@MIA Wed 6:40PM","0","0%","0%"
"*0633j*","Juan Rojas","BAL","SP,RP","8623","FA","22","CLE Wed 6:35PM","0","0%","0%"
"*06s3s*","Juan Rojas","HOU","3B,INF","8624","FA","18","@PHI Wed 6:40PM","0","0%","0%"
"*06uyb*","Santiago Rojas","MIN","RP","8625","FA","19","MIN 2<br/>@DET 7 F","0","0%","0%"
"*06k83*","Sebastian Rojas","ATH","OF","8626","FA","19","TOR 0<br/>@ATH 2 F","0","0%","0%"
"*074lw*","Sebastian Rojas","STL","C","8627","FA","18","STL 6<br/>@SF 1","0","1%","0%"
"*06mi9*","Shnaider Rojas","(N/A)","SP","8628","FA","19","","0","0%","0%"
"*06c80*","Stiveen Rojas","MIA","RP","8629","FA","20","NYM Wed 6:40PM","0","0%","0%"
"*05yin*","Yendry Rojas","(N/A)","SS,INF","8630","FA","21","","0","0%","0%"
"*06y00*","Yenrri Rojas","CHC","SP","8631","FA","22","@MIL Wed 7:40PM","0","0%","0%"
"*0680r*","Yondrei Rojas","TOR","RP","8632","FA","23","TOR 0<br/>@ATH 2 F","0","0%","0%"
"*075s9*","Cole Roland","TEX","RP","8633","FA","27","TEX 1<br/>@SEA 3","0","0%","0%"
"*06fww*","Chris Roller","(N/A)","OF","8634","FA","29","","0","0%","0%"
"*078tu*","Sebastian Rolon","CLE","SP","8635","FA","18","@BAL Wed 6:35PM","0","0%","0%"
"*06ru2*","Angel Roman","(N/A)","SP,RP","8636","FA","22","","0","0%","0%"
"*06rgm*","Javier Roman","(N/A)","1B,INF","8637","FA","23","","0","0%","0%"
"*0700y*","Ricardo Roman","LAD","SP","8638","FA","20","CIN Wed 10:10PM","0","0%","0%"
"*0780g*","Richie Roman","KC","RP","8639","FA","21","ARI Wed 7:40PM","0","0%","0%"
"*06qqz*","Jimmy Romano","CIN","RP","8640","FA","23","@LAD Wed 10:10PM","0","0%","0%"
"*02j2m*","Sal Romano","(N/A)","RP","8641","FA","32","","0","0%","0%"
"*051el*","Nate Rombach","WSH","C","8642","FA","25","WSH 2<br/>@SD 5","0","0%","0%"
"*06pgj*","Josiah Romeo","ATH","SP","8643","FA","20","TOR 0<br/>@ATH 2 F","0","0%","0%"
"*064o2*","Maxwell Romero Jr.","WSH","C","8644","FA","25","WSH 2<br/>@SD 5","0","0%","0%"
"*075ld*","Alfredo Romero","CHC","RP","8645","FA","23","@MIL Wed 7:40PM","0","0%","0%"
"*06rny*","Brayan Romero","(N/A)","SP","8646","FA","24","","0","0%","0%"
"*052hw*","Carlos Romero","(N/A)","RP","8647","FA","27","","0","0%","0%"
"*05r62*","Christian Romero","LAD","SP,RP","8648","FA","23","CIN Wed 10:10PM","0","0%","0%"
"*06r4g*","David Romero","(N/A)","2B,INF","8649","FA","19","","0","0%","0%"
"*06ql5*","Ivran Romero","MIN","RP","8650","FA","24","MIN 2<br/>@DET 7 F","0","0%","0%"
"*06imf*","Jose Romero","SEA","SP","8651","FA","22","TEX 1<br/>@SEA 3","0","0%","0%"
"*06um9*","Jose Romero","CHC","RP","8652","FA","25","@MIL Wed 7:40PM","0","0%","0%"
"*06ds9*","Kiko Romero","(N/A)","1B,INF","8653","FA","25","","0","0%","0%"
"*06ibl*","Leandro Romero","SEA","SS,INF","8654","FA","19","TEX 1<br/>@SEA 3","0","1%","0%"
"*064zj*","Luciano Romero","(N/A)","RP","8655","FA","21","","0","0%","0%"
"*06umr*","Luifer Romero","(N/A)","SP","8656","FA","21","","0","0%","0%"
"*05y7y*","Mikey Romero","BOS","2B,3B,SS,INF","8657","FA","22","LAA Wed 6:45PM","0","9%","0%"
"*0614a*","Noelberth Romero","(N/A)","OF","8658","FA","24","","0","0%","0%"
"*06y89*","Ricardo Romero","CLE","2B,INF","8659","FA","18","@BAL Wed 6:35PM","0","0%","0%"
"*06r18*","Rubens Romero","PIT","RP","8660","FA","19","@CHW Wed 7:40PM","0","0%","0%"
"*073k9*","Sebastian Romero","CHW","OF","8661","FA","18","PIT Wed 7:40PM","0","2%","0%"
"*06t24*","Shai Romero","LAD","SP,RP","8662","FA","19","CIN Wed 10:10PM","0","0%","0%"
"*04eoc*","Tommy Romero","(N/A)","SP","8663","FA","29","","0","0%","0%"
"*06bn1*","Yael Romero","CIN","1B,INF","8664","FA","20","@LAD Wed 10:10PM","0","0%","0%"
"*06zfe*","Cory Ronan","KC","RP","8665","FA","24","ARI Wed 7:40PM","0","0%","0%"
"*06mi3*","Carlos Rondon","NYY","C","8666","FA","20","COL Wed 7:05PM","0","0%","0%"
"*077bs*","Josue Rondon","WSH","RP","8667","FA","17","WSH 2<br/>@SD 5","0","0%","0%"
"*06rh3*","Leonardo Rondon","(N/A)","SP","8668","FA","19","","0","0%","0%"
"*078xp*","Maicoll Rondon","KC","2B,SS,INF","8669","FA","17","ARI Wed 7:40PM","0","0%","0%"
"*06rk7*","Newremberg Rondon","DET","1B,INF","8670","FA","23","MIN 2<br/>@DET 7 F","0","0%","0%"
"*04ppm*","John Rooney","TB","RP","8671","FA","29","@ATL Wed 7:15PM","0","0%","0%"
"*06hh0*","Bayden Root","(N/A)","RP","8672","FA","27","","0","0%","0%"
"*06kxc*","Zach Root","LAD","SP","8673","FA","22","CIN Wed 10:10PM","0","21%","0%"
"*072pb*","Ariel Roque","BAL","OF","8674","FA","17","CLE Wed 6:35PM","0","1%","0%"
"*06min*","Yoel Roque","MIN","SP","8675","FA","19","MIN 2<br/>@DET 7 F","0","0%","0%"
"*06c7o*","Fernando Roquez","(N/A)","OF","8676","FA","21","","0","0%","0%"
"*06qxi*","Yadiel Roquez","TEX","RP","8677","FA","19","TEX 1<br/>@SEA 3","0","0%","0%"
"*072eg*","Diego Rosa","ATH","C","8678","FA","19","TOR 0<br/>@ATH 2 F","0","0%","0%"
"*0766i*","Euri Rosa","LAD","C","8679","FA","19","CIN Wed 10:10PM","0","0%","0%"
"*067zp*","Jeffry Rosa","(N/A)","OF","8680","FA","21","","0","0%","0%"
"*04cts*","Joseph Rosa","(N/A)","2B,INF","8681","FA","29","","0","0%","0%"
"*064q9*","Pitterson Rosa","PIT","RP","8682","FA","21","@CHW Wed 7:40PM","0","0%","0%"
"*066ld*","Jamaliel Rosado Jr.","(N/A)","SS,INF","8683","FA","23","","0","0%","0%"
"*077y2*","Eddie Rosado","TOR","SP","8684","FA","19","TOR 0<br/>@ATH 2 F","0","0%","0%"
"*06qpk*","Gabriel Rosado","DET","C","8685","FA","20","MIN 2<br/>@DET 7 F","0","0%","0%"
"*06op9*","Jarold Rosado","CHW","RP","8686","FA","24","PIT Wed 7:40PM","0","0%","0%"
"*05jri*","Alejandro Rosario","WSH","SP","8687","FA","24","WSH 2<br/>@SD 5","0","18%","0%"
"*06f1h*","Alfonsin Rosario","CLE","OF","8688","FA","22","@BAL Wed 6:35PM","0","5%","0%"
"*051kx*","Dalvy Rosario","(N/A)","OF","8689","FA","26","","0","0%","0%"
"*0514y*","Dilan Rosario","(N/A)","SS,INF","8690","FA","25","","0","0%","0%"
"*025f7*","Eddie Rosario","(N/A)","UT","8691","FA","34","","0","0%","0%"
"*045on*","Eguy Rosario","(N/A)","SS,INF","8692","FA","27","","0","1%","0%"
"*07247*","Elian Rosario","TEX","3B,INF","8693","FA","17","TEX 1<br/>@SEA 3","0","7%","0%"
"*06o06*","Enyel Rosario","(N/A)","3B,INF","8694","FA","19","","0","0%","0%"
"*072hi*","Gabriel Rosario","BAL","1B,INF,OF","8695","FA","18","CLE Wed 6:35PM","0","1%","0%"
"*073vp*","Gerlin Rosario","ATH","RP","8696","FA","24","TOR 0<br/>@ATH 2 F","0","0%","0%"
"*06ilt*","Guillermo Rosario","PHI","1B,INF","8697","FA","21","HOU Wed 6:40PM","0","0%","0%"
"*06suo*","Helder Rosario","(N/A)","C","8698","FA","21","","0","0%","0%"
"*075is*","Hemmanuel Rosario","HOU","C","8699","FA","26","@PHI Wed 6:40PM","0","0%","0%"
"*045oe*","Jeisson Rosario","(N/A)","OF","8700","FA","26","","0","0%","0%"
"*04yds*","Jerming Rosario","LAD","RP","8701","FA","24","CIN Wed 10:10PM","0","0%","0%"
"*06mv9*","Jonathan Rosario","MIA","RP","8702","FA","19","NYM Wed 6:40PM","0","0%","0%"
"*05js9*","Kala'i Rosario","MIN","OF","8703","FA","24","MIN 2<br/>@DET 7 F","0","3%","0%"
"*06ro9*","Kelvin Rosario","ARI","RP","8704","FA","20","@KC Wed 7:40PM","0","0%","0%"
"*074ae*","Leomar Rosario","HOU","SP,RP","8705","FA","23","@PHI Wed 6:40PM","0","0%","0%"
"*06ytt*","Naimer Rosario","ARI","SP","8706","FA","20","@KC Wed 7:40PM","0","0%","0%"
"*06uhi*","Raymon Rosario","(N/A)","RP","8707","FA","21","","0","0%","0%"
"*070ev*","Rodny Rosario","CLE","3B,INF","8708","FA","18","@BAL Wed 6:35PM","0","0%","0%"
"*06c6s*","Ronald Rosario","BOS","C","8709","FA","23","LAA Wed 6:45PM","0","0%","0%"
"*06sur*","Juan Rosas","TOR","C","8710","FA","20","TOR 0<br/>@ATH 2 F","0","0%","0%"
"*06fqu*","Caden Rose","BOS","OF","8711","FA","24","LAA Wed 6:45PM","0","0%","0%"
"*07716*","Jackson Rose","(N/A)","RP","8712","FA","19","","0","0%","0%"
"*06suc*","Nathan Rose","(N/A)","3B,INF","8713","FA","25","","0","0%","0%"
"*06mpx*","Zion Rose","KC","OF","8714","FA","21","ARI Wed 7:40PM","0","3%","0%"
"*06qoa*","Nick Roselli","(N/A)","2B,INF,OF","8715","FA","23","","0","0%","0%"
"*0429i*","Kenny Rosenberg","(N/A)","RP","8716","FA","31","","0","0%","0%"
"*05uwz*","Corey Rosier","(N/A)","OF","8717","FA","27","","0","0%","0%"
"*06ria*","Emdys Rosillo","CIN","1B,INF","8718","FA","20","@LAD Wed 10:10PM","0","0%","0%"
"*06qu1*","Jackson Ross","WSH","1B,3B,INF","8719","FA","26","WSH 2<br/>@SD 5","0","0%","0%"
"*06qp5*","Michael Ross","MIN","SP","8720","FA","24","MIN 2<br/>@DET 7 F","0","0%","0%"
"*0779p*","Julio M Rossi","CLE","SP","8721","FA","18","@BAL Wed 6:35PM","0","0%","0%"
"*06qlk*","Tony Rossi","NYY","RP","8722","FA","27","COL Wed 7:05PM","0","0%","0%"
"*078u0*","David Rossow","ATH","SP","8723","FA","23","TOR 0<br/>@ATH 2 F","0","0%","0%"
"*057mz*","Houston Roth","SEA","RP","8724","FA","28","TEX 1<br/>@SEA 3","0","0%","0%"
"*06z0t*","Collin Rothermel","ARI","SP","8725","FA","24","@KC Wed 7:40PM","0","0%","0%"
"*072f1*","Luke Roupe","MIL","SP","8726","FA","20","CHC Wed 7:40PM","0","0%","0%"
"*075sg*","Scott Rouse","SEA","RP","8727","FA","24","TEX 1<br/>@SEA 3","0","0%","0%"
"*060q1*","Ethan Routzahn","SD","RP","8728","FA","28","WSH 2<br/>@SD 5","0","0%","0%"
"*06yy2*","Zach Royse","ATL","SP","8729","FA","22","TB Wed 7:15PM","0","0%","0%"
"*05ya7*","Aaron Rozek","MIN","RP","8730","FA","31","MIN 2<br/>@DET 7 F","0","0%","0%"
"*07492*","Carlos Rubecindo","BAL","OF","8731","FA","17","CLE Wed 6:35PM","0","0%","0%"
"*06mq4*","Reykelly Rubi","(N/A)","RP","8732","FA","20","","0","0%","0%"
"*06sar*","Kadil Rubio","TB","OF","8733","FA","18","@ATL Wed 7:15PM","0","0%","0%"
"*07807*","Chance Ruby","MIL","SS,INF","8734","FA","18","CHC Wed 7:40PM","0","0%","0%"
"*06ew0*","Carson Rucker","DET","3B,INF","8735","FA","22","MIN 2<br/>@DET 7 F","0","1%","0%"
"*05tca*","Jake Rucker","MIN","2B,INF","8736","FA","26","MIN 2<br/>@DET 7 F","0","0%","0%"
"*0769p*","Ryan Rudas","NYM","OF","8737","FA","17","@MIA Wed 6:40PM","0","0%","0%"
"*05y3c*","Jaden Rudd","(N/A)","OF","8738","FA","24","","0","0%","0%"
"*05yhf*","Matt Rudick","NYM","UT","8739","FA","28","@MIA Wed 6:40PM","0","0%","0%"
"*072fz*","Brad Rudis","MIN","RP","8740","FA","23","MIN 2<br/>@DET 7 F","0","0%","0%"
"*0664z*","Will Rudy","MIL","SP","8741","FA","25","CHC Wed 7:40PM","0","0%","0%"
"*0665u*","Christian Ruebeck","LAD","RP","8742","FA","26","CIN Wed 10:10PM","0","0%","0%"
"*06hva*","Noah Ruen","LAD","RP","8743","FA","23","CIN Wed 10:10PM","0","0%","0%"
"*051dt*","Jason Ruffcorn","SEA","RP","8744","FA","28","TEX 1<br/>@SEA 3","0","0%","0%"
"*04c0v*","Agustin Ruiz","(N/A)","OF","8745","FA","26","","0","0%","0%"
"*072ik*","Aiden Ruiz","PIT","SS,INF","8746","FA","19","@CHW Wed 7:40PM","0","0%","0%"
"*077om*","Damian Ruiz","CIN","OF","8747","FA","22","@LAD Wed 10:10PM","0","0%","0%"
"*06imj*","Harrison Ruiz","CLE","SP","8748","FA","22","@BAL Wed 6:35PM","0","0%","0%"
"*05ydv*","Jorge Ruiz","LAA","OF","8749","FA","22","@BOS Wed 6:45PM","0","1%","0%"
"*02i45*","Jose Ruiz","(N/A)","RP","8750","FA","31","","0","0%","0%"
"*06hgv*","Poncho Ruiz","MIN","C","8751","FA","24","MIN 2<br/>@DET 7 F","0","0%","0%"
"*066mi*","Tony Ruiz","(N/A)","1B,INF","8752","FA","20","","0","0%","0%"
"*064rt*","Xavier Ruiz","(N/A)","RP","8753","FA","23","","0","0%","0%"
"*060gc*","Yarison Ruiz","(N/A)","RP","8754","FA","26","","0","0%","0%"
"*06umq*","Yermain Ruiz","BOS","SP","8755","FA","20","LAA Wed 6:45PM","0","0%","0%"
"*06idu*","Yirber Ruiz","(N/A)","OF","8756","FA","21","","0","0%","0%"
"*06if7*","Yoiber Ruiz","(N/A)","C","8757","FA","20","","0","0%","0%"
"*06rug*","Juan Rujano","STL","UT","8758","FA","18","STL 6<br/>@SF 1","0","0%","0%"
"*06576*","Luis Rujano","CHC","RP","8759","FA","23","@MIL Wed 7:40PM","0","0%","0%"
"*06um8*","Aaron Rund","(N/A)","RP","8760","FA","27","","0","0%","0%"
"*077yc*","Cade Rusch","DET","RP","8761","FA","22","MIN 2<br/>@DET 7 F","0","0%","0%"
"*066et*","Milo Rushford","(N/A)","OF","8762","FA","22","","0","0%","0%"
"*074va*","Jesse Rusinek","(N/A)","RP","8763","FA","19","","0","0%","0%"
"*078jy*","Aidan Russell","MIN","RP","8765","FA","22","MIN 2<br/>@DET 7 F","0","0%","0%"
"*06cmi*","AJ Russell","TEX","SP","8764","FA","22","TEX 1<br/>@SEA 3","0","14%","0%"
"*06do6*","Jonathan Russell","TB","RP","8766","FA","21","@ATL Wed 7:15PM","0","0%","0%"
"*06pgu*","Mason Russell","(N/A)","SP","8767","FA","20","","0","0%","0%"
"*06hor*","Stone Russell","KC","1B,3B,INF","8768","FA","22","ARI Wed 7:40PM","0","0%","0%"
"*06git*","Zane Russell","ARI","RP","8769","FA","24","@KC Wed 7:40PM","0","0%","0%"
"*06hq4*","Luke Russo","PHI","RP","8770","FA","25","HOU Wed 6:40PM","0","0%","0%"
"*0791r*","Carter Rust","SF","OF","8771","FA","24","STL 6<br/>@SF 1","0","0%","0%"
"*051i3*","Carter Rustad","CLE","RP","8772","FA","25","@BAL Wed 6:35PM","0","0%","0%"
"*06tlt*","Sam Ruta","KC","1B,3B,INF","8773","FA","24","ARI Wed 7:40PM","0","0%","0%"
"*072bf*","Joe Ruzicka","DET","SP","8774","FA","22","MIN 2<br/>@DET 7 F","0","0%","0%"
"*05ynx*","River Ryan","DET","SP","8775","NYX","28","MIN 2<br/>@DET 7 F","0","48%","0%"
"*04aja*","Ryder Ryan","LAD","SP","8776","FA","31","CIN Wed 10:10PM","0","1%","0%"
"*05199*","Sam Ryan","(N/A)","RP","8777","FA","27","","0","0%","0%"
"*06o0f*","Eddie Rynders","PIT","3B,INF","8778","FA","20","@CHW Wed 7:40PM","0","2%","0%"
"*0514i*","Andrew Saalfrank","ARI","RP","8779","FA","29","@KC Wed 7:40PM","0","3%","0%"
"*072h2*","Carsten Sabathia","MIL","1B,INF","8780","FA","22","CHC Wed 7:40PM","0","0%","0%"
"*06s49*","Filippo Sabatini","PHI","RP","8781","FA","19","HOU Wed 6:40PM","0","0%","0%"
"*05ge2*","Aaron Sabato","MIN","1B,INF","8782","FA","27","MIN 2<br/>@DET 7 F","0","2%","0%"
"*05158*","Blake Sabol","TB","C","8783","FA","28","@ATL Wed 7:15PM","0","1%","0%"
"*066l7*","Tommy Sacco Jr.","HOU","2B,SS,INF,OF","8784","FA","27","@PHI Wed 6:40PM","0","0%","0%"
"*05t5i*","Lexer Saduy","(N/A)","OF","8785","FA","23","","0","0%","0%"
"*02byy*","Connor Sadzeck","(N/A)","RP","8786","FA","34","","0","0%","0%"
"*05y5q*","Dustin Saenz","TEX","RP","8787","FA","27","TEX 1<br/>@SEA 3","0","0%","0%"
"*0731d*","Sebastian Saenz","PHI","C","8788","FA","17","HOU Wed 6:40PM","0","0%","0%"
"*06kuj*","Christian Saez","STL","1B,INF","8789","FA","19","STL 6<br/>@SF 1","0","0%","0%"
"*06r38*","Jhoanjel Saez","(N/A)","2B,INF","8790","FA","19","","0","0%","0%"
"*078tp*","Tanner Sagouspe","COL","SP","8791","FA","23","@NYY Wed 7:05PM","0","0%","0%"
"*06ktm*","Hiroto Saiki","(N/A)","SP","8792","FA","27","","0","2%","0%"
"*06yy3*","Nolan Sailors","KC","OF","8793","FA","23","ARI Wed 7:40PM","0","0%","0%"
"*06r0h*","Yuhi Sako","(N/A)","RP","8794","FA","27","","0","0%","0%"
"*06lu6*","Darlin Saladin","STL","SP,RP","8795","FA","23","STL 6<br/>@SF 1","0","1%","0%"
"*06psm*","Andrew Salas","MIA","OF","8796","FA","18","NYM Wed 6:40PM","0","12%","0%"
"*06ava*","Anibal Salas","DET","OF","8797","FA","20","MIN 2<br/>@DET 7 F","0","0%","0%"
"*075l6*","Braulio Salas","MIA","RP","8798","FA","21","NYM Wed 6:40PM","0","0%","0%"
"*066rq*","Gerardo Salas","STL","SP","8799","FA","23","STL 6<br/>@SF 1","0","0%","0%"
"*06r46*","Hector Salas","HOU","2B,3B,INF","8800","FA","22","@PHI Wed 6:40PM","0","0%","0%"
"*056j0*","Jose Salas","MIN","1B,2B,INF","8801","FA","23","MIN 2<br/>@DET 7 F","0","3%","0%"
"*06zaj*","Roberto Salas","COL","SP","8802","FA","18","@NYY Wed 7:05PM","0","0%","0%"
"*0760a*","Jubrayker Salaya","CHC","RP","8803","FA","19","@MIL Wed 7:40PM","0","0%","0%"
"*064vx*","Braian Salazar","SD","RP","8804","FA","21","WSH 2<br/>@SD 5","0","0%","0%"
"*05rlb*","Eduardo Salazar","MIN","RP","8805","FA","28","MIN 2<br/>@DET 7 F","0","0%","0%"
"*06sjt*","Grabiel Salazar","BAL","RP","8806","FA","25","CLE Wed 6:35PM","0","0%","0%"
"*05unx*","Johnfrank Salazar","STL","1B,INF","8807","FA","23","STL 6<br/>@SF 1","0","0%","0%"
"*06jbk*","Kleyver Salazar","BOS","C","8808","FA","20","LAA Wed 6:45PM","0","0%","0%"
"*0737u*","Moises Salazar","MIL","C","8809","FA","17","CHC Wed 7:40PM","0","0%","0%"
"*05w8m*","Andruw Salcedo","(N/A)","C,1B,INF","8810","FA","23","","0","0%","0%"
"*06m8k*","Kelvis Salcedo","DET","SP,RP","8811","FA","20","MIN 2<br/>@DET 7 F","0","5%","0%"
"*0761c*","Yeraldo Salcedo","PIT","RP","8812","FA","19","@CHW Wed 7:40PM","0","0%","0%"
"*072yj*","Connor Salerno","(N/A)","1B,INF,OF","8813","FA","17","","0","0%","0%"
"*06qv1*","R.J. Sales","WSH","SP","8814","FA","23","WSH 2<br/>@SD 5","0","0%","0%"
"*06zh4*","AJ Salgado","NYM","1B,INF","8815","FA","24","@MIA Wed 6:40PM","0","0%","0%"
"*06uy7*","Edinson Salgado","KC","RP","8816","FA","21","ARI Wed 7:40PM","0","0%","0%"
"*06z9f*","Michael Salina","SD","SP","8817","FA","22","WSH 2<br/>@SD 5","0","1%","0%"
"*06qpw*","Iziah Salinas","BAL","SP","8818","FA","21","CLE Wed 6:35PM","0","0%","0%"
"*05wy3*","Royber Salinas","(N/A)","RP","8819","FA","25","","0","1%","0%"
"*05j6z*","Ruben Salinas","(N/A)","RP","8820","FA","23","","0","0%","0%"
"*06rrv*","Angel Salio","CIN","3B,INF","8821","FA","18","@LAD Wed 10:10PM","0","1%","0%"
"*06rwb*","Carlos Salmeron","ATH","OF","8822","FA","18","TOR 0<br/>@ATH 2 F","0","0%","0%"
"*077zw*","Jack Salmon","LAA","OF","8823","FA","22","@BOS Wed 6:45PM","0","0%","0%"
"*06r30*","Javier Salomon","(N/A)","SP","8824","FA","19","","0","0%","0%"
"*06j7p*","Mariano Salomon","NYY","SP,RP","8825","FA","24","COL Wed 7:05PM","0","0%","0%"
"*06rjy*","Dionmy Salon","(N/A)","C","8826","FA","24","","0","0%","0%"
"*06ekm*","Devin Saltiban","PHI","2B,INF,OF","8827","FA","21","HOU Wed 6:40PM","0","2%","0%"
"*078s4*","Jacob Sammis","LAA","SP","8828","FA","18","@BOS Wed 6:45PM","0","0%","0%"
"*04ej0*","Bryan Sammons","(N/A)","RP","8829","FA","31","","0","0%","0%"
"*06asv*","Noah Samol","(N/A)","RP","8830","FA","22","","0","0%","0%"
"*02c2m*","Adrian Sampson","(N/A)","SP","8831","FA","34","","0","0%","0%"
"*078fh*","Colton Sampson","BAL","SP","8832","FA","20","CLE Wed 6:35PM","0","0%","0%"
"*076kb*","Denis Samudio","TOR","RP","8833","FA","21","TOR 0<br/>@ATH 2 F","0","0%","0%"
"*0737g*","Yilmar Samudio","PHI","SP","8834","FA","17","HOU Wed 6:40PM","0","0%","0%"
"*06qi4*","Logan Samuels","ATL","RP","8835","FA","24","TB Wed 7:15PM","0","0%","0%"
"*060x4*","Jose Sanabria","(N/A)","3B,SS,INF","8836","FA","23","","0","0%","0%"
"*066ez*","Romeo Sanabria","SD","1B,INF","8837","FA","24","WSH 2<br/>@SD 5","0","1%","0%"
"*0241y*","Aaron Sanchez","(N/A)","SP","8838","FA","34","","0","0%","0%"
"*05yiz*","Adan Sanchez","(N/A)","C","8839","FA","21","","0","0%","0%"
"*06hyt*","Adolfo Sanchez","CIN","OF","8840","FA","19","@LAD Wed 10:10PM","0","6%","0%"
"*06sue*","Angel Sanchez","(N/A)","RP","8841","FA","20","","0","0%","0%"
"*05jx9*","Axel Sanchez","SEA","SS,INF","8842","FA","23","TEX 1<br/>@SEA 3","0","1%","0%"
"*06k7p*","Brett Sanchez","(N/A)","SP","8843","FA","26","","0","0%","0%"
"*06iad*","Brian Sanchez","MIA","OF","8844","FA","22","NYM Wed 6:40PM","0","1%","0%"
"*05rh1*","Bryan Sanchez","(N/A)","SP","8845","FA","24","","0","0%","0%"
"*062ys*","Carlos Sanchez","CIN","3B,SS,INF","8846","FA","21","@LAD Wed 10:10PM","0","2%","0%"
"*06rha*","Carlos Sanchez","MIA","C","8847","FA","21","NYM Wed 6:40PM","0","0%","0%"
"*077ef*","Carlos Sanchez","BAL","SS,INF","8848","FA","22","CLE Wed 6:35PM","0","0%","0%"
"*0689q*","Denison Sanchez","(N/A)","RP","8849","FA","21","","0","0%","0%"
"*06rgs*","Dikember Sanchez","(N/A)","RP","8850","FA","22","","0","0%","0%"
"*061a7*","Edgar Sanchez","ATH","RP","8851","FA","26","TOR 0<br/>@ATH 2 F","0","0%","0%"
"*06p5x*","Edwin Sanchez","HOU","1B,INF,OF","8852","FA","22","@PHI Wed 6:40PM","0","0%","0%"
"*06ic3*","Emilio Sanchez","BAL","SS,INF","8853","FA","19","CLE Wed 6:35PM","0","1%","0%"
"*066r3*","Enger Sanchez","(N/A)","SP","8854","FA","23","","0","0%","0%"
"*06ky5*","Enixon Sanchez","NYY","SP","8855","FA","19","COL Wed 7:05PM","0","0%","0%"
"*06sbo*","Eybert Sanchez","ARI","SS,INF","8856","FA","18","@KC Wed 7:40PM","0","0%","0%"
"*06r0m*","Fernando Sanchez","SD","RP","8857","FA","25","WSH 2<br/>@SD 5","0","0%","0%"
"*066pj*","Franklin Sanchez","MIA","RP","8858","FA","25","NYM Wed 6:40PM","0","0%","0%"
"*06o0p*","Gregory Sanchez","COL","SP","8859","FA","19","@NYY Wed 7:05PM","0","0%","0%"
"*062zg*","Heison Sanchez","(N/A)","2B,INF","8860","FA","22","","0","0%","0%"
"*05t7t*","Hugo Sanchez","(N/A)","SS,INF","8861","FA","23","","0","0%","0%"
"*06htq*","J.J. Sanchez","(N/A)","RP","8862","FA","27","","0","0%","0%"
"*0519a*","Jadiel Sanchez","(N/A)","OF","8863","FA","25","","0","0%","0%"
"*03hfi*","Jake Sanchez","(N/A)","RP","8864","FA","37","","0","0%","0%"
"*06ph4*","Javier Sanchez","TEX","1B,INF","8865","FA","19","TEX 1<br/>@SEA 3","0","0%","0%"
"*076aa*","Johnderis Sanchez","NYM","SS,INF","8866","FA","17","@MIA Wed 6:40PM","0","0%","0%"
"*07766*","Jonnhan Sanchez","NYM","1B,INF","8867","FA","19","@MIA Wed 6:40PM","0","0%","0%"
"*06ie9*","Jordan Sanchez","BAL","OF","8868","FA","20","CLE Wed 6:35PM","0","2%","0%"
"*06r2t*","Jose Sanchez","WSH","RP","8869","FA","20","WSH 2<br/>@SD 5","0","0%","0%"
"*04z9n*","Juan Sanchez","(N/A)","RP","8870","FA","25","","0","0%","0%"
"*06am7*","Juan Sanchez","(N/A)","RP","8871","FA","23","","0","0%","0%"
"*06rgw*","Juan Sanchez","TOR","3B,SS,INF","8872","FA","18","TOR 0<br/>@ATH 2 F","0","20%","0%"
"*06zbg*","Julius Sanchez","TEX","SP","8873","FA","22","TEX 1<br/>@SEA 3","0","0%","0%"
"*05294*","Junior Sanchez","(N/A)","3B,INF","8874","FA","23","","0","1%","0%"
"*06r2u*","Junior Sanchez","ARI","SP","8875","FA","20","@KC Wed 7:40PM","0","5%","0%"
"*066ds*","Justin Sanchez","(N/A)","RP","8876","FA","22","","0","0%","0%"
"*06rrn*","Lisandro Sanchez","BAL","OF","8877","FA","19","CLE Wed 6:35PM","0","0%","0%"
"*066ny*","Luis Sanchez","ATL","2B,3B,INF","8878","FA","22","TB Wed 7:15PM","0","0%","0%"
"*06awm*","Rafael Sanchez","(N/A)","SP","8879","FA","27","","0","0%","0%"
"*05j8f*","Rodolfo Sanchez","(N/A)","SP","8880","FA","26","","0","0%","0%"
"*06bku*","Samuel Sanchez","LAD","SP","8881","FA","20","CIN Wed 10:10PM","0","0%","0%"
"*06v32*","Samuell Sanchez","DET","OF","8882","FA","21","MIN 2<br/>@DET 7 F","0","0%","0%"
"*0440n*","Sixto Sanchez","(N/A)","SP","8883","FA","28","","0","1%","0%"
"*06tn5*","Steven Sanchez","(N/A)","RP","8884","FA","23","","0","0%","0%"
"*06r8c*","Wilmy Sanchez","NYY","SP,RP","8885","FA","22","COL Wed 7:05PM","0","0%","0%"
"*060w4*","Yanquiel Sanchez","(N/A)","RP","8886","FA","25","","0","0%","0%"
"*066n4*","Yehizon Sanchez","MIN","RP","8887","FA","25","MIN 2<br/>@DET 7 F","0","0%","0%"
"*06z57*","Yobanny Sanchez","NYM","SP","8888","FA","18","@MIA Wed 6:40PM","0","0%","0%"
"*06ic9*","Yohendry Sanchez","SF","C","8889","FA","19","STL 6<br/>@SF 1","0","0%","0%"
"*04yrn*","Yolbert Sanchez","(N/A)","2B,3B,INF","8890","FA","29","","0","0%","0%"
"*02i35*","Yolmer Sanchez","LAA","2B,SS,INF","8891","FA","34","@BOS Wed 6:45PM","0","0%","0%"
"*06kxp*","Yosber Sanchez","DET","RP","8892","FA","25","MIN 2<br/>@DET 7 F","0","0%","0%"
"*078nd*","Russell Sandefer","LAD","SP","8893","FA","21","CIN Wed 10:10PM","0","0%","0%"
"*05u9k*","Jackson Sanders","(N/A)","SP","8894","FA","20","","0","0%","0%"
"*06qj5*","Josh Sanders","TEX","RP","8895","FA","24","TEX 1<br/>@SEA 3","0","0%","0%"
"*05jsf*","Will Sanders","CHC","SP","8896","FA","24","@MIL Wed 7:40PM","0","1%","0%"
"*068ny*","Schuyler Sandford","(N/A)","SP","8897","FA","20","","0","0%","0%"
"*05xue*","Michael Sandle","(N/A)","OF","8898","FA","27","","0","0%","0%"
"*06h02*","Nick Sando","CIN","SP,RP","8899","FA","25","@LAD Wed 10:10PM","0","0%","0%"
"*0776d*","Carlos Sandoval","HOU","OF","8900","FA","17","@PHI Wed 6:40PM","0","0%","0%"
"*064n1*","Eliam Sandoval","(N/A)","OF","8901","FA","22","","0","0%","0%"
"*06r29*","Joshuan Sandoval","(N/A)","1B,INF","8902","FA","28","","0","0%","0%"
"*04yl9*","Jayvien Sandridge","BAL","RP","8903","FA","27","CLE Wed 6:35PM","0","0%","0%"
"*03qnj*","Donny Sands","(N/A)","C","8904","FA","30","","0","0%","0%"
"*06f8v*","Will Sandy","(N/A)","SP","8905","FA","26","","0","0%","0%"
"*073u9*","Will Sanford","(N/A)","SP","8906","FA","21","","0","0%","0%"
"*06mnl*","Wyatt Sanford","PIT","2B,SS,INF","8907","FA","20","@CHW Wed 7:40PM","0","12%","0%"
"*01s9d*","Miguel Sano","(N/A)","1B,3B,INF","8908","FA","33","","0","0%","0%"
"*074z3*","Mike Sansone","BOS","SP","8909","FA","26","LAA Wed 6:45PM","0","0%","0%"
"*072in*","Anthony Santa Cruz de Oviedo","LAA","1B,INF,OF","8910","FA","19","@BOS Wed 6:45PM","0","0%","0%"
"*06oon*","Tony Santa Maria","TB","2B,INF,OF","8911","FA","24","@ATL Wed 7:15PM","0","0%","0%"
"*06bfv*","Adrian Santana","MIA","SS,INF","8912","FA","21","NYM Wed 6:40PM","0","3%","0%"
"*04aji*","Cristian Santana","(N/A)","3B,INF","8913","FA","29","","0","0%","0%"
"*05m4a*","Cristian Santana","DET","1B,INF","8914","FA","22","MIN 2<br/>@DET 7 F","0","1%","0%"
"*0776b*","Dariel Santana","NYY","SS,INF","8915","FA","18","COL Wed 7:05PM","0","0%","0%"
"*061zm*","Jancel Santana","(N/A)","2B,SS,INF","8916","FA","21","","0","0%","0%"
"*06l0r*","Jean Santana","(N/A)","2B,INF","8917","FA","19","","0","0%","0%"
"*06v25*","Jose Santana","LAA","SS,INF","8918","FA","18","@BOS Wed 6:45PM","0","0%","0%"
"*06r55*","Kevin Santana","HOU","SP","8919","FA","19","@PHI Wed 6:40PM","0","0%","0%"
"*04j4f*","Luis Santana","(N/A)","3B,INF","8920","FA","27","","0","0%","0%"
"*05y52*","Natanael Santana","(N/A)","OF","8921","FA","25","","0","0%","0%"
"*06ho7*","Paulino Santana","TEX","OF","8922","FA","19","TEX 1<br/>@SEA 3","0","11%","0%"
"*072oz*","Randy Santana","DET","OF","8923","FA","17","MIN 2<br/>@DET 7 F","0","1%","0%"
"*061tr*","Ruben Santana","STL","1B,3B,INF","8924","FA","21","STL 6<br/>@SF 1","0","1%","0%"
"*072nz*","Sandro Santana","STL","RP","8925","FA","21","STL 6<br/>@SF 1","0","1%","0%"
"*06qyr*","Tyler Santana","CHC","RP","8926","FA","28","@MIL Wed 7:40PM","0","0%","0%"
"*06sbl*","Victor Santana","ARI","3B,INF","8927","FA","18","@KC Wed 7:40PM","0","0%","0%"
"*06xwc*","Yoander Santana","PIT","3B,INF","8928","FA","18","@CHW Wed 7:40PM","0","0%","0%"
"*06c2z*","Yohanfer Santana","MIA","SP","8929","FA","20","NYM Wed 6:40PM","0","1%","0%"
"*02w16*","Anthony Santander","TOR","OF,UT","8930","FA","31","TOR 0<br/>@ATH 2 F","0","31%","0%"
"*05l1n*","Juan Santander","(N/A)","1B,INF","8931","FA","23","","0","0%","0%"
"*077ns*","Dominic Santarelli","(N/A)","1B,INF","8932","FA","18","","0","0%","0%"
"*05uhb*","Carlos Santiago","(N/A)","SS,INF","8933","FA","25","","0","0%","0%"
"*0517k*","Glenn Santiago","(N/A)","2B,INF","8934","FA","25","","0","0%","0%"
"*05r6b*","Pedro Santillan","(N/A)","RP","8935","FA","25","","0","0%","0%"
"*05gwv*","Alex Santos","HOU","SP","8936","FA","24","@PHI Wed 6:40PM","0","1%","0%"
"*046td*","Antonio Santos","(N/A)","SP","8937","FA","29","","0","0%","0%"
"*05j92*","Dahian Santos","(N/A)","RP","8938","FA","23","","0","1%","0%"
"*06bj2*","Enmanuel Santos","KC","OF","8939","FA","20","ARI Wed 7:40PM","0","0%","0%"
"*073u5*","Jhoendris Santos","PIT","SS,INF","8940","FA","17","@CHW Wed 7:40PM","0","0%","0%"
"*04yb5*","Junior Santos","(N/A)","RP","8941","FA","25","","0","0%","0%"
"*06fqv*","Nolan Santos","MIN","RP","8942","FA","25","MIN 2<br/>@DET 7 F","0","0%","0%"
"*078xq*","Onardi Santos","MIA","SP,RP","8943","FA","17","NYM Wed 6:40PM","0","0%","0%"
"*0517n*","Oscar Santos","(N/A)","C","8944","FA","25","","0","0%","0%"
"*06kvn*","Pedro Santos","(N/A)","RP","8945","FA","26","","0","0%","0%"
"*06r6z*","Robert Santos","(N/A)","OF","8946","FA","20","","0","0%","0%"
"*06suj*","Steven Santos","(N/A)","1B,INF","8947","FA","19","","0","0%","0%"
"*04uwo*","Victor Santos","STL","RP","8948","FA","26","STL 6<br/>@SF 1","0","0%","0%"
"*06o0v*","Victor Santos","BAL","SP","8949","FA","19","CLE Wed 6:35PM","0","0%","0%"
"*06l7a*","Yeriel Santos","HOU","SP,RP","8950","FA","22","@PHI Wed 6:40PM","0","0%","0%"
"*060ue*","Jonathan Santucci","NYM","SP","8951","FA","23","@MIA Wed 6:40PM","0","22%","0%"
"*06avy*","Marino Santy","CHC","RP","8952","FA","24","@MIL Wed 7:40PM","0","0%","0%"
"*06o05*","Boris Sarduy","SF","OF","8953","FA","19","STL 6<br/>@SF 1","0","0%","0%"
"*075gm*","Chris Sargent","SD","C","8954","FA","26","WSH 2<br/>@SD 5","0","0%","0%"
"*0620y*","Dangelo Sarmiento","(N/A)","2B,INF","8955","FA","21","","0","0%","0%"
"*0778u*","Raymond Sarmiento","MIL","SP","8956","FA","18","CHC Wed 7:40PM","0","0%","0%"
"*06z0s*","Joel Sarver","ARI","RP","8957","FA","24","@KC Wed 7:40PM","0","0%","0%"
"*06mea*","Rintaro Sasaki","MIA","1B,INF","8958","FA","21","NYM Wed 6:40PM","0","3%","0%"
"*0512w*","Shane Sasaki","CIN","OF","8959","FA","26","@LAD Wed 10:10PM","0","1%","0%"
"*06uxg*","Sammy Sass","(N/A)","C","8960","FA","25","","0","0%","0%"
"*072hv*","Genei Sato","(N/A)","SP","8961","FA","21","","0","1%","0%"
"*06hj6*","Teruaki Sato","(N/A)","3B,INF","8962","FA","27","","0","4%","0%"
"*078fl*","Logan Satter","SD","SP","8963","FA","18","WSH 2<br/>@SD 5","0","0%","0%"
"*060q3*","Casey Saucke","CHW","OF","8964","FA","23","PIT Wed 7:40PM","0","1%","0%"
"*06htf*","Kelena Sauer","TOR","SP","8965","FA","23","TOR 0<br/>@ATH 2 F","0","0%","0%"
"*04ef0*","Matt Sauer","ATH","RP","8966","FA","27","TOR 0<br/>@ATH 2 F","0","0%","0%"
"*064nk*","Eli Saul","(N/A)","RP","8967","FA","25","","0","0%","0%"
"*06zfi*","Charlie Saum","TOR","C","8968","FA","22","TOR 0<br/>@ATH 2 F","0","0%","0%"
"*072es*","Grayson Saunier","HOU","SP","8969","FA","22","@PHI Wed 6:40PM","0","0%","0%"
"*06zlm*","Logan Sauve","ATH","C","8970","FA","23","TOR 0<br/>@ATH 2 F","0","0%","0%"
"*05ygw*","Jason Savacool","(N/A)","SP","8971","FA","24","","0","0%","0%"
"*06hts*","Luke Savage","TEX","RP","8972","FA","25","TEX 1<br/>@SEA 3","0","0%","0%"
"*070ei*","Aaron Savary","CLE","SP","8973","FA","22","@BAL Wed 6:35PM","0","0%","0%"
"*05j76*","Nate Savino","ARI","RP","8974","FA","24","@KC Wed 7:40PM","0","1%","0%"
"*074du*","Samuel Savinon","LAD","SP","8975","FA","19","CIN Wed 10:10PM","0","0%","0%"
"*06uvz*","Nate Savoie","(N/A)","OF","8976","FA","21","","0","0%","0%"
"*066j8*","Alec Sayre","(N/A)","OF","8977","FA","25","","0","0%","0%"
"*03pp9*","Josh Sborz","TEX","RP","8978","FA","32","TEX 1<br/>@SEA 3","0","1%","0%"
"*06l5o*","Frankie Scalzo Jr.","CHC","RP","8979","FA","26","@MIL Wed 7:40PM","0","0%","0%"
"*076ge*","Jack Scanlon","PIT","C","8980","FA","25","@CHW Wed 7:40PM","0","0%","0%"
"*070cu*","Matt Scannell","ATL","OF","8981","FA","25","TB Wed 7:15PM","0","0%","0%"
"*06f1j*","Caden Scarborough","TEX","SP","8982","FA","21","TEX 1<br/>@SEA 3","0","33%","0%"
"*06zid*","Joe Scarborough","NYM","RP","8983","FA","22","@MIA Wed 6:40PM","0","0%","0%"
"*078kj*","Derek Schaefer","STL","RP","8984","FA","21","STL 6<br/>@SF 1","0","0%","0%"
"*075v9*","Luke Schafer","LAA","SP","8985","FA","25","@BOS Wed 6:45PM","0","0%","0%"
"*06v64*","Jake Schaffner","BOS","SS,INF","8986","FA","21","LAA Wed 6:45PM","0","1%","0%"
"*06gj0*","Shay Schanaman","ATL","RP","8987","FA","27","TB Wed 7:15PM","0","0%","0%"
"*07670*","Bryce Schaum","MIL","SP","8988","FA","23","CHC Wed 7:40PM","0","0%","0%"
"*06akt*","Dominic Scheffler","CIN","RP","8989","FA","22","@LAD Wed 10:10PM","0","0%","0%"
"*05uom*","Matt Scheffler","(N/A)","C","8990","FA","28","","0","0%","0%"
"*04eh7*","Alex Scherff","(N/A)","SP","8991","FA","28","","0","0%","0%"
"*06hep*","Luke Scherrer","PIT","1B,INF","8992","FA","21","@CHW Wed 7:40PM","0","0%","0%"
"*06qnu*","Jason Schiavone","HOU","C","8993","FA","23","@PHI Wed 6:40PM","0","4%","0%"
"*06kkc*","Ethan Schiefelbein","DET","RP","8994","FA","20","MIN 2<br/>@DET 7 F","0","1%","0%"
"*06qss*","Ryan Schiefer","CHW","SP","8995","FA","23","PIT Wed 7:40PM","0","0%","0%"
"*05174*","Tyler Schlaffer","CHC","SP","8996","FA","25","@MIL Wed 7:40PM","0","0%","0%"
"*06oo6*","Rafe Schlesinger","CLE","SP","8997","FA","23","@BAL Wed 6:35PM","0","1%","0%"
"*04ee7*","Clarke Schmidt","NYY","SP","8998","FA","30","COL Wed 7:05PM","0","32%","0%"
"*069xx*","Logan Schmidt","CLE","1B,INF,SP","8999","FA","18","@BAL Wed 6:35PM","0","1%","0%"
"*06hew*","William Schmidt","(N/A)","SP","9000","FA","20","","0","1%","0%"
"*072eh*","Tyler Schmitt","SD","SP","9001","FA","22","WSH 2<br/>@SD 5","0","0%","0%"
"*04pm9*","Nick Schnell","(N/A)","OF","9002","FA","26","","0","0%","0%"
"*0622s*","Tanner Schobel","MIN","3B,SS,INF","9003","FA","25","MIN 2<br/>@DET 7 F","0","1%","0%"
"*078u4*","Paul Schoenfeld","ARI","OF","9004","FA","23","@KC Wed 7:40PM","0","0%","0%"
"*063vy*","Garrett Schoenle","CHW","RP","9005","FA","28","PIT Wed 7:40PM","0","0%","0%"
"*067xk*","Cole Schoenwetter","CIN","SP,RP","9006","FA","21","@LAD Wed 10:10PM","0","2%","0%"
"*06cq6*","Tyler Schoff","ATL","RP","9007","FA","27","TB Wed 7:15PM","0","0%","0%"
"*0519j*","T.J. Schofield-Sam","(N/A)","1B,INF","9008","FA","25","","0","0%","0%"
"*078p3*","Charlie Scholvin","MIN","SS,INF","9009","FA","21","MIN 2<br/>@DET 7 F","0","0%","0%"
"*06hu3*","Will Schomberg","MIA","SP,RP","9010","FA","25","NYM Wed 6:40PM","0","0%","0%"
"*064wj*","Kruz Schoolcraft","SD","SP","9011","FA","19","WSH 2<br/>@SD 5","0","36%","0%"
"*0603l*","RJ Schreck","TOR","OF","9012","FA","26","TOR 0<br/>@ATH 2 F","0","4%","0%"
"*066jz*","Troy Schreffler","(N/A)","OF","9013","FA","25","","0","0%","0%"
"*05uam*","Cody Schrier","MIA","1B,INF","9014","FA","23","NYM Wed 6:40PM","0","0%","0%"
"*06amt*","Kyle Schroedle","(N/A)","OF","9015","FA","26","","0","0%","0%"
"*05re4*","Nolan Schubart","CLE","1B,INF","9016","FA","22","@BAL Wed 6:35PM","0","4%","0%"
"*06qja*","Jay Schueler","TOR","RP","9017","FA","25","TOR 0<br/>@ATH 2 F","0","0%","0%"
"*06ooi*","Cam Schuelke","CLE","RP","9018","FA","24","@BAL Wed 6:35PM","0","0%","0%"
"*04q1l*","Austin Schulfer","(N/A)","RP","9019","FA","30","","0","0%","0%"
"*077y6*","Kooper Schulte","NYM","SS,INF","9020","FA","22","@MIA Wed 6:40PM","0","0%","0%"
"*0514n*","Andrew Schultz","STL","RP","9021","FA","29","STL 6<br/>@SF 1","0","0%","0%"
"*06s3k*","Connor Schultz","CHC","SP,RP","9022","FA","27","@MIL Wed 7:40PM","0","0%","0%"
"*06fzd*","Thomas Schultz","WSH","RP","9023","FA","27","WSH 2<br/>@SD 5","0","0%","0%"
"*0511w*","Aaron Schunk","(N/A)","SS,INF","9024","FA","29","","0","1%","0%"
"*05taz*","JT Schwartz","NYM","1B,INF","9025","FA","26","@MIA Wed 6:40PM","0","0%","0%"
"*06hj1*","Nick Schwartz","(N/A)","C","9026","FA","25","","0","0%","0%"
"*05tq1*","Spencer Schwellenbach","ATL","SP","9027","FA","26","TB Wed 7:15PM","0","66%","-1%"
"*077my*","Paxton Scoggin","(N/A)","SS,INF","9028","FA","15","","0","0%","0%"
"*073pr*","Cal Scolari","CHW","SP","9029","FA","22","PIT Wed 7:40PM","0","0%","0%"
"*0662s*","Jonah Scolaro","(N/A)","SP","9030","FA","28","","0","0%","0%"
"*04pqn*","Adam Scott","(N/A)","SP,RP","9031","FA","30","","0","0%","0%"
"*05ymi*","Braden Scott","ATL","SP","9032","FA","28","TB Wed 7:15PM","0","0%","0%"
"*04oh1*","Connor Scott","KC","OF","9033","FA","26","ARI Wed 7:40PM","0","1%","0%"
"*0779b*","Cullen Scott","(N/A)","SP","9034","FA","16","","0","0%","0%"
"*078sx*","Jack Scott","COL","SP,RP","9035","FA","22","@NYY Wed 7:05PM","0","0%","0%"
"*06htb*","Kyle Scott","CLE","RP","9036","FA","24","@BAL Wed 6:35PM","0","0%","0%"
"*06c1i*","Matt Scott","CLE","SP","9037","FA","22","@BAL Wed 6:35PM","0","0%","0%"
"*06fz8*","Quincy Scott","TEX","1B,INF","9038","FA","23","TEX 1<br/>@SEA 3","0","0%","0%"
"*057w1*","Stephen Scott","(N/A)","C","9039","FA","29","","0","0%","0%"
"*02btg*","Tayler Scott","(N/A)","RP","9040","FA","34","","0","0%","0%"
"*066cg*","Wesley Scott","(N/A)","SP","9041","FA","25","","0","0%","0%"
"*075sf*","Win Scott","DET","RP","9042","FA","23","MIN 2<br/>@DET 7 F","0","0%","0%"
"*041u2*","Andre Scrubb","(N/A)","RP","9043","FA","31","","0","0%","0%"
"*06c2s*","Anthony Scull","LAA","OF","9044","FA","22","@BOS Wed 6:45PM","0","0%","0%"
"*06mpt*","Shane Sdao","NYM","RP","9045","FA","22","@MIA Wed 6:40PM","0","0%","0%"
"*06hef*","Chandler Seagle","(N/A)","C","9046","FA","30","","0","0%","0%"
"*06ysh*","Jacob Seamon","(N/A)","OF","9047","FA","17","","0","0%","0%"
"*066by*","Ben Sears","KC","RP","9048","FA","26","ARI Wed 7:40PM","0","0%","0%"
"*06qi1*","Brett Sears","ATL","SP","9049","FA","26","TB Wed 7:15PM","0","1%","0%"
"*06qlm*","Parker Seay","NYY","RP","9050","FA","25","COL Wed 7:05PM","0","0%","0%"
"*06ql4*","Zander Sechrist","(N/A)","RP","9051","FA","24","","0","0%","0%"
"*07927*","Gavin Seebold","TOR","SP,RP","9052","FA","24","TOR 0<br/>@ATH 2 F","0","0%","0%"
"*06z3o*","Trey Seeley","SF","SP","9053","FA","24","STL 6<br/>@SF 1","0","0%","0%"
"*06422*","Enrique Segura","TEX","SP","9054","FA","21","TEX 1<br/>@SEA 3","0","0%","0%"
"*077o0*","Eric Segura","CHW","SP","9055","FA","21","PIT Wed 7:40PM","0","0%","0%"
"*066nr*","Anson Seibert","WSH","3B,INF","9056","FA","21","WSH 2<br/>@SD 5","0","0%","0%"
"*06l45*","Hayden Seig","LAA","RP","9057","FA","27","@BOS Wed 6:45PM","0","0%","0%"
"*06rhr*","Kegnnalex Seijas","MIL","1B,INF","9058","FA","20","CHC Wed 7:40PM","0","0%","0%"
"*04q7i*","Colin Selby","BAL","RP","9059","FA","28","CLE Wed 6:35PM","0","1%","0%"
"*06ky3*","Brock Sell","(N/A)","OF","9060","FA","19","","0","0%","0%"
"*06hf2*","Trent Sellers","NYY","SP","9061","FA","26","COL Wed 7:05PM","0","0%","0%"
"*06hwz*","Jack Sellinger","MIA","RP","9062","FA","26","NYM Wed 6:40PM","0","0%","0%"
"*05u9l*","Brock Selvidge","NYY","SP","9063","FA","24","COL Wed 7:05PM","0","3%","0%"
"*078rq*","Cole Selvig","MIA","SP","9064","FA","21","NYM Wed 6:40PM","0","0%","0%"
"*06cp8*","Moises Semerite","ATL","SS,INF","9065","FA","20","TB Wed 7:15PM","0","0%","0%"
"*05jr6*","Adam Seminaris","PHI","SP","9066","FA","27","HOU Wed 6:40PM","0","0%","0%"
"*060gm*","Montana Semmel","(N/A)","RP","9067","FA","24","","0","0%","0%"
"*04elc*","Shawn Semple","(N/A)","SP","9068","FA","30","","0","0%","0%"
"*06v3x*","Yorber Semprun","NYM","2B,INF","9069","FA","18","@MIA Wed 6:40PM","0","0%","0%"
"*0778i*","Alfredo Sena","(N/A)","SS,INF","9070","FA","16","","0","0%","0%"
"*06mno*","Reidis Sena","BOS","RP","9071","FA","25","LAA Wed 6:45PM","0","0%","0%"
"*072bj*","Andrew Sentlinger","CHW","RP","9072","FA","22","PIT Wed 7:40PM","0","0%","0%"
"*03zc9*","Nick Senzel","(N/A)","3B,INF,OF","9073","FA","31","","0","1%","0%"
"*075lg*","Jack Seppings","MIL","RP","9074","FA","24","CHC Wed 7:40PM","0","0%","0%"
"*076gb*","Eddison Septimo","BOS","RP","9075","FA","19","LAA Wed 6:45PM","0","0%","0%"
"*060w0*","Gabriel Sequeira","(N/A)","RP","9076","FA","29","","0","0%","0%"
"*06rls*","Joseph Sequera","(N/A)","C","9077","FA","20","","0","0%","0%"
"*0637k*","Leonel Sequera","STL","SP","9078","FA","21","STL 6<br/>@SF 1","0","1%","0%"
"*072qt*","Diego Serna","SD","SP","9079","FA","17","WSH 2<br/>@SD 5","0","1%","0%"
"*05uve*","Luis Serna","NYY","SP","9080","FA","22","COL Wed 7:05PM","0","2%","0%"
"*06cqk*","Omar Serna","(N/A)","C","9081","FA","19","","0","0%","0%"
"*06ajk*","Eli Serrano","NYM","OF","9082","FA","23","@MIA Wed 6:40PM","0","2%","0%"
"*04nur*","Florencio Serrano","(N/A)","RP","9083","FA","26","","0","0%","0%"
"*05rjc*","Jhoniel Serrano","(N/A)","SP","9084","FA","22","","0","0%","0%"
"*05rzk*","Jose Serrano","(N/A)","1B,INF","9085","FA","22","","0","0%","0%"
"*06umy*","Jose Serrano","HOU","RP","9086","FA","22","@PHI Wed 6:40PM","0","0%","0%"
"*072jh*","Samil Serrano","WSH","OF","9087","FA","17","WSH 2<br/>@SD 5","0","9%","0%"
"*06r7g*","Teilon Serrano","MIN","OF","9088","FA","18","MIN 2<br/>@DET 7 F","0","2%","0%"
"*0737s*","Yanfri Serrano","CHC","OF","9089","FA","17","@MIL Wed 7:40PM","0","0%","0%"
"*0657b*","Danny Serretti","ARI","3B,INF","9090","FA","26","@KC Wed 7:40PM","0","2%","0%"
"*0792j*","Jose Serva","CHC","SP","9091","FA","17","@MIL Wed 7:40PM","0","0%","0%"
"*05jpc*","Anthony Servideo","(N/A)","3B,INF","9092","FA","27","","0","0%","0%"
"*06r9f*","Kenny Serwa","DET","SP","9093","FA","29","MIN 2<br/>@DET 7 F","0","1%","0%"
"*066az*","Adam Serwinowski","LAD","SP","9094","FA","22","CIN Wed 10:10PM","0","6%","0%"
"*05r0t*","Anderson Severino","(N/A)","RP","9095","FA","31","","0","0%","0%"
"*0731s*","Aneudi Severino","TOR","OF","9096","FA","17","TOR 0<br/>@ATH 2 F","0","0%","0%"
"*06rw9*","Carlos Severino","PHI","SS,INF","9097","FA","18","HOU Wed 6:40PM","0","0%","0%"
"*06rsr*","Frailyn Severino","(N/A)","3B,INF","9098","FA","19","","0","0%","0%"
"*05yim*","Jhonny Severino","PIT","2B,3B,INF","9099","FA","21","@CHW Wed 7:40PM","0","3%","0%"
"*06c8s*","Juan Severino","(N/A)","RP","9100","FA","22","","0","0%","0%"
"*06rss*","Lluveres Severino","TOR","RP","9101","FA","23","TOR 0<br/>@ATH 2 F","0","0%","0%"
"*04ahd*","Yunior Severino","(N/A)","OF","9102","FA","26","","0","1%","0%"
"*072vv*","Leonardo Sevilla","ARI","SS,INF","9103","FA","18","@KC Wed 7:40PM","0","0%","0%"
"*06yuz*","Dylan Seward","(N/A)","SS,INF","9104","FA","18","","0","2%","0%"
"*05jrw*","Bob Seymour","(N/A)","1B,INF","9105","FA","27","","0","0%","0%"
"*06c29*","Tzu-Chen Sha","ATH","SP","9106","FA","22","TOR 0<br/>@ATH 2 F","0","1%","0%"
"*06fz7*","Colby Shade","MIA","OF","9107","FA","25","NYM Wed 6:40PM","0","0%","0%"
"*06qpy*","Jacob Shafer","ATL","SP","9108","FA","24","TB Wed 7:15PM","0","0%","0%"
"*06uy8*","Bryce Shaffer","TB","RP","9109","FA","25","@ATL Wed 7:15PM","0","0%","0%"
"*072bh*","Andrew Shaffner","CIN","RP","9110","FA","23","@LAD Wed 10:10PM","0","0%","0%"
"*06fqs*","Teddy Sharkey","BAL","RP","9111","FA","25","CLE Wed 6:35PM","0","0%","0%"
"*077o3*","Michael Sharman","CHW","SP","9112","FA","24","PIT Wed 7:40PM","0","0%","0%"
"*06hoj*","Jacob Sharp","TOR","C","9113","FA","24","TOR 0<br/>@ATH 2 F","0","0%","0%"
"*066fl*","Reese Sharp","(N/A)","SP","9114","FA","26","","0","0%","0%"
"*0424b*","Sterling Sharp","(N/A)","SP","9115","FA","31","","0","0%","0%"
"*05u9f*","Davis Sharpe","CLE","RP","9116","FA","26","@BAL Wed 6:35PM","0","0%","0%"
"*06hoo*","A.J. Shaver","(N/A)","OF","9117","FA","24","","0","0%","0%"
"*01uay*","Bryan Shaw","(N/A)","RP","9118","FA","38","","0","0%","0%"
"*06z3p*","Colton Shaw","SEA","SP","9119","FA","23","TEX 1<br/>@SEA 3","0","1%","0%"
"*06qr7*","Evan Shaw","LAD","RP","9120","FA","25","CIN Wed 10:10PM","0","0%","0%"
"*06gid*","Sam Shaw","TOR","2B,INF","9121","FA","21","TOR 0<br/>@ATH 2 F","0","2%","0%"
"*05tzk*","Evan Shawver","COL","RP","9122","FA","26","@NYY Wed 7:05PM","0","1%","0%"
"*06dvt*","Tanner Shears","(N/A)","SP","9123","FA","27","","0","0%","0%"
"*06umi*","Tommy Sheehan","CHW","SP","9124","FA","27","PIT Wed 7:40PM","0","0%","0%"
"*0788f*","Deven Sheerin","PHI","RP","9125","FA","21","HOU Wed 6:40PM","0","0%","0%"
"*03c9c*","Justus Sheffield","(N/A)","SP,RP","9126","FA","30","","0","0%","0%"
"*06yt7*","Noah Sheffield","(N/A)","3B,INF","9127","FA","20","","0","0%","0%"
"*06zbf*","Jake Shelagowski","STL","RP","9128","FA","22","STL 6<br/>@SF 1","0","0%","0%"
"*0779c*","Martin Shelar","BOS","OF","9129","FA","19","LAA Wed 6:45PM","0","0%","0%"
"*06al9*","Colby Shelton","CHW","SS,INF","9130","FA","23","PIT Wed 7:40PM","0","3%","0%"
"*06fus*","Easton Shelton","LAD","1B,INF","9131","FA","20","CIN Wed 10:10PM","0","9%","0%"
"*06pvl*","Chia-Shi Shen","SEA","SP","9132","FA","22","TEX 1<br/>@SEA 3","0","1%","0%"
"*04y98*","Austin Shenton","(N/A)","1B,3B,INF","9133","FA","28","","0","1%","0%"
"*05yar*","Rouselle Shepard","(N/A)","SS,INF","9134","FA","18","","0","0%","0%"
"*06qoc*","Blake Shepardson","CHW","RP","9135","FA","23","PIT Wed 7:40PM","0","0%","0%"
"*06p60*","Grant Shepardson","MIA","SP","9136","FA","20","NYM Wed 6:40PM","0","1%","0%"
"*06hhh*","Anthony Sherwin","(N/A)","3B,INF","9137","FA","24","","0","0%","0%"
"*072yv*","Reo Shibata","(N/A)","SP","9138","FA","20","","0","0%","0%"
"*06hf1*","Ben Shields","COL","SP","9139","FA","27","@NYY Wed 7:05PM","0","1%","0%"
"*06kke*","David Shields","KC","SP","9140","FA","20","ARI Wed 7:40PM","0","19%","0%"
"*0662p*","Jun-Seok Shim","NYM","RP","9141","FA","22","@MIA Wed 6:40PM","0","2%","0%"
"*06hs0*","Wooyeoul Shin","(N/A)","1B,INF","9142","FA","24","","0","0%","0%"
"*076n0*","Nathan Shinn","STL","SP","9143","FA","23","STL 6<br/>@SF 1","0","0%","0%"
"*06qou*","Jake Shirk","PIT","RP","9144","FA","24","@CHW Wed 7:40PM","0","0%","0%"
"*07770*","David Shirley","MIA","SS,INF","9145","FA","18","NYM Wed 6:40PM","0","0%","0%"
"*06ahv*","Luke Shliger","DET","C","9146","FA","24","MIN 2<br/>@DET 7 F","0","0%","0%"
"*06qxo*","Dylan Shockley","(N/A)","C","9147","FA","29","","0","0%","0%"
"*075o6*","Jason Shockley","BAL","RP","9148","FA","23","CLE Wed 6:35PM","0","0%","0%"
"*05y4r*","Adam Shoemaker","ATL","SP","9149","FA","24","TB Wed 7:15PM","0","0%","0%"
"*06qvj*","Kodey Shojinaga","PHI","C,1B,INF","9150","FA","23","HOU Wed 6:40PM","0","0%","0%"
"*05ydu*","Chase Shores","LAA","SP,RP","9151","FA","22","@BOS Wed 6:45PM","0","7%","0%"
"*0519b*","Avery Short","ARI","SP","9152","FA","25","@KC Wed 7:40PM","0","0%","0%"
"*04pqc*","Aaron Shortridge","WSH","SP","9153","FA","29","WSH 2<br/>@SD 5","0","0%","0%"
"*06r4q*","Carter Shouse","(N/A)","OF","9154","FA","16","","0","0%","0%"
"*064ni*","Zack Showalter","(N/A)","RP","9155","FA","22","","0","1%","0%"
"*075lk*","Caleb Shpur","(N/A)","OF","9156","FA","25","","0","0%","0%"
"*02hkk*","Chasen Shreve","(N/A)","RP","9157","FA","36","","0","0%","0%"
"*051cf*","Ryan Shreve","(N/A)","RP","9158","FA","28","","0","0%","0%"
"*06kjw*","Garrett Shull","(N/A)","OF","9159","FA","21","","0","0%","0%"
"*0514g*","Seth Shuman","SEA","SP,RP","9160","FA","28","TEX 1<br/>@SEA 3","0","0%","0%"
"*03qmv*","Nicholas Shumpert","(N/A)","SS,INF","9161","FA","29","","0","0%","0%"
"*06zic*","RJ Shunck","MIA","RP","9162","FA","22","NYM Wed 6:40PM","0","0%","0%"
"*0790j*","Thomas Shurtleff","LAA","RP","9163","FA","22","@BOS Wed 6:45PM","0","0%","0%"
"*04yik*","Sammy Siani","SEA","OF","9164","FA","25","TEX 1<br/>@SEA 3","0","1%","0%"
"*06zrb*","Evan Siary","TEX","SP","9165","FA","22","TEX 1<br/>@SEA 3","0","0%","0%"
"*03zxi*","Jose Sibrian","(N/A)","C","9166","FA","27","","0","0%","0%"
"*072ft*","Cooper Sides","(N/A)","SP","9167","FA","18","","0","0%","0%"
"*06cp6*","Juan Sierra","HOU","OF","9168","FA","20","@PHI Wed 6:40PM","0","0%","0%"
"*03h8n*","Magneuris Sierra","(N/A)","OF","9169","FA","30","","0","0%","0%"
"*073xw*","Kason Siguenza","LAA","SS,INF","9170","FA","18","@BOS Wed 6:45PM","0","0%","0%"
"*05y6u*","Phillip Sikes","(N/A)","OF","9171","FA","27","","0","0%","0%"
"*0511f*","TJ Sikkema","(N/A)","SP,RP","9172","FA","28","","0","1%","0%"
"*066dg*","Easton Sikorski","(N/A)","RP","9173","FA","26","","0","0%","0%"
"*0730w*","Roman Silgado","DET","C","9174","FA","17","MIN 2<br/>@DET 7 F","0","0%","0%"
"*06rii*","Renny Sillet","(N/A)","C","9175","FA","19","","0","0%","0%"
"*06c5l*","Anthony Silva","CLE","2B,INF","9176","FA","23","@BAL Wed 6:35PM","0","0%","0%"
"*06rl4*","Brahian Silva","(N/A)","C","9177","FA","23","","0","0%","0%"
"*066mh*","Carlos Silva","(N/A)","C","9178","FA","20","","0","0%","0%"
"*066os*","Daniel Silva","(N/A)","1B,INF","9179","FA","21","","0","0%","0%"
"*05vy4*","Eric Silva","DET","SP","9180","FA","23","MIN 2<br/>@DET 7 F","0","0%","0%"
"*06rjz*","Gabriel Silva","KC","C","9181","FA","22","ARI Wed 7:40PM","0","0%","0%"
"*06ak9*","Heribert Silva","CLE","OF","9182","FA","20","@BAL Wed 6:35PM","0","0%","0%"
"*076kx*","Jose Silva","CHC","SS,INF","9183","FA","19","@MIL Wed 7:40PM","0","1%","0%"
"*06rh9*","Manuel Silva","(N/A)","UT","9184","FA","19","","0","0%","0%"
"*0731e*","Patrick Silva","PHI","3B,INF","9185","FA","17","HOU Wed 6:40PM","0","0%","0%"
"*066jx*","William Silva","(N/A)","SP","9186","FA","25","","0","0%","0%"
"*06uy9*","Yeferson Silva","(N/A)","RP","9187","FA","21","","0","0%","0%"
"*05yei*","Yoelvin Silven","(N/A)","SP","9188","FA","27","","0","0%","0%"
"*060of*","Andres Silvera","PIT","RP","9189","FA","22","@CHW Wed 7:40PM","0","0%","0%"
"*06kgn*","Franchely Silverio","HOU","SS,INF","9190","FA","19","@PHI Wed 6:40PM","0","0%","0%"
"*072yf*","Garielvin Silverio","BOS","OF","9191","FA","17","LAA Wed 6:45PM","0","1%","0%"
"*060qq*","Jesus Silverio","(N/A)","SP","9192","FA","24","","0","0%","0%"
"*06rjm*","Engel Silvestre","(N/A)","RP","9193","FA","20","","0","0%","0%"
"*076vl*","Jose Silvestre","TEX","SP","9194","FA","20","TEX 1<br/>@SEA 3","0","0%","0%"
"*06ekk*","Kevin Sim","(N/A)","1B,INF","9195","FA","24","","0","0%","0%"
"*06uy6*","Yoryi Simarra","(N/A)","RP","9196","FA","21","","0","0%","0%"
"*051jn*","Karson Simas","CHC","2B,INF","9197","FA","25","@MIL Wed 7:40PM","0","0%","0%"
"*06ybd*","Miguel Sime","WSH","SP","9198","FA","19","WSH 2<br/>@SD 5","0","22%","0%"
"*06tlj*","Victor Simeon","TEX","RP","9199","FA","25","TEX 1<br/>@SEA 3","0","0%","0%"
"*06hwi*","Dylan Simmons","CIN","RP","9200","FA","25","@LAD Wed 10:10PM","0","0%","0%"
"*04prp*","Kendall Simmons","(N/A)","3B,INF","9201","FA","26","","0","0%","0%"
"*06qh7*","Kenyon Simmons","(N/A)","3B,INF","9202","FA","19","","0","0%","0%"
"*06301*","Toby Simmons","(N/A)","OF","9203","FA","21","","0","0%","0%"
"*06hud*","Ben Simon","NYM","RP","9204","FA","24","@MIA Wed 6:40PM","0","0%","0%"
"*06rml*","Jhon Simon","TEX","3B,INF","9205","FA","18","TEX 1<br/>@SEA 3","0","0%","0%"
"*067x1*","Johan Simon","DET","RP","9206","FA","25","MIN 2<br/>@DET 7 F","0","0%","0%"
"*0648h*","Liam Simon","SF","RP","9207","FA","25","STL 6<br/>@SF 1","0","0%","0%"
"*06qxh*","William Simoneit","TOR","C","9208","FA","29","TOR 0<br/>@ATH 2 F","0","0%","0%"
"*06af8*","Anthony Simonelli","KC","RP","9209","FA","27","ARI Wed 7:40PM","0","0%","0%"
"*051e0*","Will Simpson","TB","1B,INF","9210","FA","25","@ATL Wed 7:15PM","0","2%","0%"
"*074mo*","Aiden Sims","(N/A)","SP","9211","FA","20","","0","0%","0%"
"*06u7e*","Hale Sims","(N/A)","RP","9212","FA","27","","0","0%","0%"
"*05rgm*","Landon Sims","ARI","RP","9213","FA","25","@KC Wed 7:40PM","0","2%","0%"
"*06r74*","Savion Sims","CLE","SP","9214","FA","19","@BAL Wed 6:35PM","0","0%","0%"
"*05xq3*","Nick Sinacola","(N/A)","RP","9215","FA","26","","0","0%","0%"
"*01srk*","Jon Singleton","(N/A)","UT","9216","FA","34","","0","0%","0%"
"*06qsj*","Justin Sinibaldi","CHW","SP","9217","FA","24","PIT Wed 7:40PM","0","0%","0%"
"*06c8x*","Luke Sinnard","ATL","SP","9218","FA","23","TB Wed 7:15PM","0","6%","0%"
"*06ylq*","Kyle Sinzza","ARI","2B,INF","9219","FA","19","@KC Wed 7:40PM","0","0%","0%"
"*066qb*","Jean Carlos Sio","SF","2B,SS,INF","9220","FA","22","STL 6<br/>@SF 1","0","0%","0%"
"*06byh*","Saul Siri","(N/A)","RP","9221","FA","21","","0","0%","0%"
"*066ip*","Mike Sirota","LAD","OF","9222","XBLADZ","23","CIN Wed 10:10PM","0","47%","0%"
"*076qk*","Oliver Sirotti","ATH","RP","9223","FA","19","TOR 0<br/>@ATH 2 F","0","0%","0%"
"*06qh4*","Givian Sirvania","BOS","3B,INF","9224","FA","19","LAA Wed 6:45PM","0","0%","0%"
"*03117*","Chance Sisco","(N/A)","C","9225","FA","31","","0","0%","0%"
"*06nk6*","Cameron Sisneros","HOU","1B,INF","9226","FA","25","@PHI Wed 6:40PM","0","0%","0%"
"*078vr*","Caden Sivrich","ATH","SP","9227","FA","18","TOR 0<br/>@ATH 2 F","0","0%","0%"
"*05ogv*","Noah Skirrow","(N/A)","SP","9228","FA","28","","0","0%","0%"
"*078f5*","Josh Skowronski","SD","OF","9229","FA","21","WSH 2<br/>@SD 5","0","0%","0%"
"*06qox*","Ryan Slater","SF","RP","9230","FA","24","STL 6<br/>@SF 1","0","0%","0%"
"*06y9s*","Johnny Slawinski","LAA","SP","9231","FA","19","@BOS Wed 6:45PM","0","10%","0%"
"*077zq*","Jackson Sleeper","MIN","RP","9232","FA","22","MIN 2<br/>@DET 7 F","0","0%","0%"
"*077ej*","Jack Slightom","KC","SP","9233","FA","18","ARI Wed 7:40PM","0","0%","0%"
"*070cz*","Braeden Sloan","BAL","RP","9234","FA","23","CLE Wed 6:35PM","0","0%","0%"
"*06qgr*","Ethan Sloan","DET","RP","9235","FA","24","MIN 2<br/>@DET 7 F","0","0%","0%"
"*06ier*","Ryan Sloan","SEA","SP","9236","2xChamp","20","TEX 1<br/>@SEA 3","0","55%","0%"
"*0511g*","Ethan Small","(N/A)","RP","9237","FA","29","","0","1%","0%"
"*060y0*","Colby Smelley","(N/A)","C","9238","FA","26","","0","0%","0%"
"*064o0*","Jackson Smeltz","SD","RP","9239","FA","27","WSH 2<br/>@SD 5","0","0%","0%"
"*041ry*","Devin Smeltzer","(N/A)","RP","9240","FA","31","","0","0%","0%"
"*05ygm*","Adam Smith","SEA","RP","9241","FA","26","TEX 1<br/>@SEA 3","0","0%","0%"
"*06dq9*","Aidan Smith","NYM","OF","9242","FA","22","@MIA Wed 6:40PM","0","15%","0%"
"*06yxo*","Angelo Smith","LAA","RP","9243","FA","22","@BOS Wed 6:45PM","0","0%","0%"
"*070ef*","Aubrey Smith","HOU","RP","9244","FA","22","@PHI Wed 6:40PM","0","0%","0%"
"*067xp*","Austin Smith","COL","RP","9245","FA","27","@NYY Wed 7:05PM","0","0%","0%"
"*06yxn*","Austin Smith","TOR","OF","9246","FA","23","TOR 0<br/>@ATH 2 F","0","0%","0%"
"*06yxm*","Boston Smith","SEA","C","9247","FA","23","TEX 1<br/>@SEA 3","0","9%","0%"
"*078vf*","Braden Smith","BAL","SP","9248","FA","21","CLE Wed 6:35PM","0","0%","0%"
"*06ftt*","Brady Smith","DET","SP","9249","FA","21","MIN 2<br/>@DET 7 F","0","6%","0%"
"*078ql*","Brady Smith","MIL","SP","9250","FA","18","CHC Wed 7:40PM","0","0%","0%"
"*070cx*","Brayden Smith","STL","2B,INF","9251","FA","22","STL 6<br/>@SF 1","0","0%","0%"
"*06f15*","Cade Smith","NYY","SP","9252","FA","24","COL Wed 7:05PM","0","2%","0%"
"*03753*","Caleb Smith","(N/A)","SP","9253","FA","35","","0","0%","0%"
"*05jq1*","D'Andre Smith","NYM","OF","9254","FA","25","@MIA Wed 6:40PM","0","0%","0%"
"*06umx*","Darien Smith","SF","RP","9255","FA","26","STL 6<br/>@SF 1","0","0%","0%"
"*06hx2*","David Smith","(N/A)","OF","9256","FA","25","","0","0%","0%"
"*06zah*","Derrick Smith","COL","RP","9257","FA","22","@NYY Wed 7:05PM","0","0%","0%"
"*03qkc*","Drew Smith","(N/A)","RP","9258","FA","32","","0","0%","0%"
"*078l3*","Drew Smith","SF","OF","9259","FA","23","STL 6<br/>@SF 1","0","0%","0%"
"*06qpu*","Gavin Smith","TOR","SS,INF","9260","FA","20","TOR 0<br/>@ATH 2 F","0","0%","0%"
"*06nkn*","Grant Smith","(N/A)","SS,INF","9261","FA","25","","0","0%","0%"
"*077yd*","John Smith","NYM","OF","9263","FA","22","@MIA Wed 6:40PM","0","0%","0%"
"*04q72*","Josh Smith","(N/A)","SP,RP","9264","FA","29","","0","0%","0%"
"*072co*","JP Smith","MIN","1B,INF","9262","FA","21","MIN 2<br/>@DET 7 F","0","0%","0%"
"*06qwu*","Kolten Smith","MIN","SP,RP","9265","FA","22","MIN 2<br/>@DET 7 F","0","0%","0%"
"*0512y*","Marcus Smith","CIN","OF","9266","FA","25","@LAD Wed 10:10PM","0","0%","0%"
"*078ls*","Michael Smith","SD","OF","9267","FA","21","WSH 2<br/>@SD 5","0","0%","0%"
"*0792h*","Miles Smith","WSH","SP,RP","9268","FA","23","WSH 2<br/>@SD 5","0","0%","0%"
"*06qwa*","Myles Smith","(N/A)","OF","9269","FA","24","","0","0%","0%"
"*05tze*","Noah Smith","(N/A)","SS,INF","9270","FA","23","","0","0%","0%"
"*06oo2*","Parker Smith","HOU","SP","9271","FA","23","@PHI Wed 6:40PM","0","1%","0%"
"*05tp9*","Peyton Smith","(N/A)","SP","9272","FA","23","","0","0%","0%"
"*06rqc*","Robinson Smith","PIT","SP","9273","FA","18","@CHW Wed 7:40PM","0","0%","0%"
"*05uhc*","Russell Smith","MIL","RP","9274","FA","27","CHC Wed 7:40PM","0","0%","0%"
"*06qud*","Ryan Smith","(N/A)","RP","9275","FA","23","","0","0%","0%"
"*06r2z*","Shurland Smith","(N/A)","SP","9276","FA","19","","0","0%","0%"
"*06qrp*","Tanner Smith","BAL","RP","9277","FA","24","CLE Wed 6:35PM","0","0%","0%"
"*074vw*","Tanner Smith","ATL","C","9278","FA","23","TB Wed 7:15PM","0","0%","0%"
"*06kkd*","Travis Smith","MIL","SP","9279","FA","23","CHC Wed 7:40PM","0","0%","0%"
"*05u9g*","Tristan Smith","CIN","RP","9280","FA","23","@LAD Wed 10:10PM","0","1%","0%"
"*06v1x*","Tyler Smith","(N/A)","2B,INF","9281","FA","20","","0","0%","0%"
"*01skh*","Will Smith","(N/A)","RP","9282","FA","37","","0","0%","0%"
"*04egd*","Canaan Smith-Njigba","(N/A)","OF","9283","FA","27","","0","1%","0%"
"*077z7*","Nate Smithburg","TB","RP","9284","FA","22","@ATL Wed 7:15PM","0","0%","0%"
"*05ydn*","Campbell Smithwick","(N/A)","C","9285","FA","21","","0","0%","0%"
"*025ej*","Drew Smyly","(N/A)","SP,RP","9286","FA","37","","0","0%","0%"
"*041vf*","Kirby Snead","PHI","RP","9287","FA","31","HOU Wed 6:40PM","0","0%","0%"
"*06ywn*","Nate Snead","LAA","RP","9288","FA","22","@BOS Wed 6:45PM","0","3%","0%"
"*06zag*","Kade Snell","CHC","OF","9289","FA","24","@MIL Wed 7:40PM","0","2%","0%"
"*06hpq*","Hayden Snelsire","TB","SP,RP","9290","FA","25","@ATL Wed 7:15PM","0","0%","0%"
"*03176*","D.J. Snelten","(N/A)","RP","9291","FA","34","","0","0%","0%"
"*05y18*","Collin Snider","CHC","RP","9292","FA","30","@MIL Wed 7:40PM","0","1%","0%"
"*051f5*","Jake Snider","(N/A)","OF","9293","FA","28","","0","0%","0%"
"*06zbe*","Eric Snow","TOR","SS,INF","9294","FA","22","TOR 0<br/>@ATH 2 F","0","0%","0%"
"*06tl8*","Jack Snyder","(N/A)","RP","9295","FA","28","","0","0%","0%"
"*06quv*","Michael Snyder","(N/A)","1B,3B,INF,OF","9296","FA","25","","0","0%","0%"
"*066j1*","Trey Snyder","NYM","2B,3B,INF","9297","FA","20","@MIA Wed 6:40PM","0","1%","0%"
"*072bt*","Andrew Sojka","DET","OF","9298","FA","25","MIN 2<br/>@DET 7 F","0","0%","0%"
"*06r5w*","Justim Sojo","(N/A)","SS,INF","9299","FA","19","","0","0%","0%"
"*06qlq*","Jack Sokol","NYY","RP","9300","FA","24","COL Wed 7:05PM","0","0%","0%"
"*01te5*","Donovan Solano","(N/A)","1B,INF","9301","FA","38","","0","0%","0%"
"*066m3*","Edwin Solano","(N/A)","SS,INF","9302","FA","20","","0","0%","0%"
"*06uqh*","Mendry Solano","DET","RP","9303","FA","22","MIN 2<br/>@DET 7 F","0","0%","0%"
"*06r37*","Rocky Solano","(N/A)","OF","9304","FA","19","","0","0%","0%"
"*06qhc*","Warel Solano","TB","3B,INF","9305","FA","18","@ATL Wed 7:15PM","0","1%","0%"
"*05yj6*","Yoffry Solano","MIA","2B,INF","9306","FA","21","NYM Wed 6:40PM","0","0%","0%"
"*072ds*","Santiago Solarte","MIA","SS,INF","9307","FA","17","NYM Wed 6:40PM","0","11%","0%"
"*072cq*","AJ Soldra","LAD","OF","9308","FA","22","CIN Wed 10:10PM","0","0%","0%"
"*06ciz*","Yassel Soler","ARI","3B,INF","9309","FA","20","@KC Wed 7:40PM","0","2%","0%"
"*051g5*","Chase Solesky","CIN","SP","9310","FA","28","@LAD Wed 10:10PM","0","0%","0%"
"*078l4*","Alex Solis","SF","RP","9311","FA","21","STL 6<br/>@SF 1","0","0%","0%"
"*05t7a*","Anthony Solometo","PIT","SP","9312","FA","23","@CHW Wed 7:40PM","0","7%","0%"
"*04el5*","Jared Solomon","(N/A)","RP","9313","FA","29","","0","0%","0%"
"*03dt9*","Peter Solomon","(N/A)","SP,RP","9314","FA","30","","0","0%","0%"
"*05yc0*","Tommy Sommer","(N/A)","SP","9315","FA","27","","0","0%","0%"
"*05134*","Noah Song","BOS","RP","9316","FA","29","LAA Wed 6:45PM","0","1%","0%"
"*06umh*","Kaleb Sophy","(N/A)","SP","9317","FA","25","","0","0%","0%"
"*06r1a*","Angel Soriano","PIT","SP","9318","FA","19","@CHW Wed 7:40PM","0","0%","0%"
"*06akn*","Yeycol Soriano","(N/A)","OF","9319","FA","21","","0","0%","0%"
"*06r76*","Caden Sorrell","CHC","OF","9320","FA","21","@MIL Wed 7:40PM","0","1%","0%"
"*07400*","Abel Sosa","MIN","OF","9321","FA","17","MIN 2<br/>@DET 7 F","0","0%","0%"
"*06l5a*","Alex Sosa","ATH","C","9322","FA","21","TOR 0<br/>@ATH 2 F","0","0%","0%"
"*06rjo*","Andres Sosa","(N/A)","C","9323","FA","28","","0","0%","0%"
"*06cwv*","Andrews Sosa","(N/A)","C","9324","FA","21","","0","0%","0%"
"*06mv4*","Anthony Sosa","(N/A)","1B,INF","9325","FA","19","","0","0%","0%"
"*06rlx*","Gabriel Sosa","SEA","RP","9326","FA","25","TEX 1<br/>@SEA 3","0","0%","0%"
"*06rlw*","Guillermo Sosa","(N/A)","2B,INF","9327","FA","19","","0","0%","0%"
"*051eq*","Gustavo Sosa","(N/A)","C","9328","FA","25","","0","0%","0%"
"*06rlv*","Ivan Sosa","KC","OF","9329","FA","22","ARI Wed 7:40PM","0","0%","0%"
"*05iyi*","Listher Sosa","(N/A)","SP","9330","FA","25","","0","0%","0%"
"*066qs*","Miguel Sosa","(N/A)","OF","9331","FA","22","","0","0%","0%"
"*06rlu*","Raymond Sosa","BAL","RP","9332","FA","20","CLE Wed 6:35PM","0","0%","0%"
"*061zu*","Thomas Sosa","BAL","OF","9333","FA","21","CLE Wed 6:35PM","0","1%","0%"
"*06rlt*","Yenfri Sosa","MIA","RP","9334","FA","22","NYM Wed 6:40PM","0","0%","0%"
"*0790u*","Payton Soske","NYY","RP","9335","FA","21","COL Wed 7:05PM","0","0%","0%"
"*06r8l*","Ryuhei Sotani","(N/A)","SP","9336","FA","25","","0","0%","0%"
"*05zq5*","Charlee Soto","MIN","SP","9337","FA","21","MIN 2<br/>@DET 7 F","0","17%","0%"
"*06qhh*","Dorian Soto","BOS","SS,INF","9338","FA","18","LAA Wed 6:45PM","0","13%","0%"
"*068vu*","Elian Soto","WSH","1B,INF","9339","FA","20","WSH 2<br/>@SD 5","0","1%","0%"
"*02hna*","Elliot Soto","(N/A)","2B,SS,INF","9340","FA","37","","0","0%","0%"
"*06j8p*","Juarlin Soto","TOR","3B,INF","9341","FA","19","TOR 0<br/>@ATH 2 F","0","0%","0%"
"*04am3*","Livan Soto","(N/A)","2B,SS,INF","9342","FA","26","","0","0%","0%"
"*078sl*","Petey Soto","HOU","SS,INF","9343","FA","21","@PHI Wed 6:40PM","0","0%","0%"
"*06r52*","Randy Soto","TOR","C,1B,INF","9344","FA","19","TOR 0<br/>@ATH 2 F","0","0%","0%"
"*06fv1*","Ubaldo Soto","LAA","SP,RP","9345","FA","20","@BOS Wed 6:45PM","0","1%","0%"
"*05yl0*","Wally Soto","(N/A)","C,1B,INF","9346","FA","23","","0","0%","0%"
"*06xzu*","Yordani Soto","CHW","SS,INF","9347","FA","18","PIT Wed 7:40PM","0","0%","0%"
"*076sg*","Jake Souders","(N/A)","OF","9348","FA","20","","0","0%","0%"
"*05gt5*","Alerick Soularie","(N/A)","SS,INF","9349","FA","27","","0","0%","0%"
"*051fh*","Jared Southard","LAA","RP","9350","FA","25","@BOS Wed 6:45PM","0","0%","0%"
"*06rry*","Tate Southisene","ATL","SS,INF","9351","FA","19","TB Wed 7:15PM","0","26%","0%"
"*062d1*","Ty Southisene","TOR","2B,INF","9352","FA","21","TOR 0<br/>@ATH 2 F","0","2%","0%"
"*06l58*","Nolan Souza","(N/A)","2B,INF","9353","FA","21","","0","0%","0%"
"*05xpy*","Dylan Spain","(N/A)","RP","9354","FA","28","","0","0%","0%"
"*05yd7*","Garrett Spain","MIN","OF","9355","FA","25","MIN 2<br/>@DET 7 F","0","0%","0%"
"*06igw*","Tyler Spangler","PHI","SS,INF","9356","FA","18","HOU Wed 6:40PM","0","1%","0%"
"*078w1*","Jack Spanier","ARI","SS,INF","9357","FA","22","@KC Wed 7:40PM","0","0%","0%"
"*04eh5*","Lamar Sparks","(N/A)","OF","9358","FA","27","","0","0%","0%"
"*06qtc*","Nolan Sparks","STL","SP","9359","FA","24","STL 6<br/>@SF 1","0","0%","0%"
"*06sba*","Brayden Spears","CHC","RP","9360","FA","25","@MIL Wed 7:40PM","0","0%","0%"
"*041q9*","Alex Speas","(N/A)","SP","9361","FA","28","","0","0%","0%"
"*05ycm*","Tommy Specht","(N/A)","OF","9362","FA","22","","0","0%","0%"
"*06rkz*","Declan Speirs","(N/A)","C","9363","FA","21","","0","0%","0%"
"*070ca*","Connor Spencer","CHC","RP","9364","FA","25","@MIL Wed 7:40PM","0","0%","0%"
"*06ydp*","Jared Spencer","TOR","SP","9365","FA","23","TOR 0<br/>@ATH 2 F","0","1%","0%"
"*05r3k*","Carson Spiers","CIN","SP","9366","FA","28","@LAD Wed 10:10PM","0","1%","0%"
"*06dly*","John Spikerman","NYM","OF","9367","FA","23","@MIA Wed 6:40PM","0","1%","0%"
"*05uy0*","Ryan Spikes","TB","3B,INF,OF","9368","FA","23","@ATL Wed 7:15PM","0","1%","0%"
"*06ro6*","Carter Spivey","CLE","RP","9369","FA","26","@BAL Wed 6:35PM","0","0%","0%"
"*0665y*","Harrison Spohn","(N/A)","SS,INF","9370","FA","27","","0","0%","0%"
"*06qtj*","Shea Sprague","BOS","SP,RP","9371","FA","23","LAA Wed 6:45PM","0","0%","0%"
"*06qty*","Jared Sprague-Lott","ATH","2B,3B,INF","9372","FA","24","TOR 0<br/>@ATH 2 F","0","0%","0%"
"*075s3*","Jason Spray, Jr.","(N/A)","OF","9373","FA","15","","0","0%","0%"
"*06qn6*","Josh Springer","TEX","C","9374","FA","20","TEX 1<br/>@SEA 3","0","0%","0%"
"*05xu7*","Jordan Sprinkle","CHW","2B,3B,INF,OF","9375","FA","25","PIT Wed 7:40PM","0","1%","0%"
"*06zrh*","Ryan Sprock","TOR","3B,INF","9376","FA","21","TOR 0<br/>@ATH 2 F","0","1%","0%"
"*074cl*","Ashwar Sprok","MIN","SS,INF","9377","FA","17","MIN 2<br/>@DET 7 F","0","0%","0%"
"*0664t*","Brett Squires","KC","1B,INF","9378","FA","26","ARI Wed 7:40PM","0","0%","0%"
"*06qsr*","Austin St. Laurent","SEA","2B,3B,SS,INF","9379","FA","24","TEX 1<br/>@SEA 3","0","0%","0%"
"*077z8*","Ethan Stade","ATL","SP","9380","FA","23","TB Wed 7:15PM","0","0%","0%"
"*06pgd*","Ryan Stafford","BAL","C","9381","FA","23","CLE Wed 6:35PM","0","0%","0%"
"*06c1m*","Sammy Stafura","NYM","SS,INF","9382","FA","21","@MIA Wed 6:40PM","0","13%","0%"
"*0603m*","Connor Staine","COL","SP","9383","FA","25","@NYY Wed 7:05PM","0","0%","0%"
"*077s5*","Reed Stallman","NYM","1B,INF","9384","FA","23","@MIA Wed 6:40PM","0","0%","0%"
"*065j6*","Dale Stanavich","MIA","RP","9385","FA","27","NYM Wed 6:40PM","0","0%","0%"
"*06ph0*","Chris Stanfield","(N/A)","OF","9386","FA","23","","0","0%","0%"
"*05u9n*","Riley Stanford","TB","SP","9387","FA","23","@ATL Wed 7:15PM","0","0%","0%"
"*066fg*","Gage Stanifer","TOR","SP,RP","9388","FA","22","TOR 0<br/>@ATH 2 F","0","15%","0%"
"*060oc*","John Stankiewicz","(N/A)","RP","9389","FA","28","","0","0%","0%"
"*02mx5*","Teddy Stankiewicz","(N/A)","SP,RP","9390","FA","32","","0","0%","0%"
"*05yll*","Hunter Stanley","CLE","RP","9391","FA","28","@BAL Wed 6:35PM","0","0%","0%"
"*06suh*","Cal Stark","TEX","C","9392","FA","24","TEX 1<br/>@SEA 3","0","0%","0%"
"*06h01*","Gabe Starks","CIN","RP","9393","FA","24","@LAD Wed 10:10PM","0","0%","0%"
"*06umw*","Gant Starling","(N/A)","RP","9394","FA","25","","0","0%","0%"
"*03qr4*","Cody Stashak","(N/A)","RP","9395","FA","32","","0","0%","0%"
"*072pt*","Cole Stasio","TEX","SP","9396","FA","24","TEX 1<br/>@SEA 3","0","0%","0%"
"*06ql9*","Tyler Stasiowski","(N/A)","RP","9397","FA","25","","0","0%","0%"
"*04eri*","Adam Stauffer","(N/A)","RP","9398","FA","27","","0","0%","0%"
"*03pp2*","Josh Staumont","(N/A)","RP","9399","FA","32","","0","0%","0%"
"*06hs5*","Isaac Stebens","BOS","RP","9400","FA","24","LAA Wed 6:45PM","0","0%","0%"
"*075f0*","Anthony Steele","(N/A)","RP","9401","FA","23","","0","0%","0%"
"*03deg*","Justin Steele","CHC","SP","9402","Ka-Chow","31","@MIL Wed 7:40PM","0","60%","0%"
"*078vv*","Mason Steele","ARI","SP","9403","FA","21","@KC Wed 7:40PM","0","0%","0%"
"*06qp8*","Jake Steels","(N/A)","OF","9404","FA","24","","0","0%","0%"
"*06z3m*","Jackson Steensma","SEA","SP","9405","FA","22","TEX 1<br/>@SEA 3","0","5%","0%"
"*06uhh*","Conor Steinbaugh","HOU","RP","9406","FA","27","@PHI Wed 6:40PM","0","0%","0%"
"*05xos*","Jacob Steinmetz","ARI","SP","9407","FA","23","@KC Wed 7:40PM","0","1%","0%"
"*06qtl*","Anthony Stephan","CIN","OF","9408","FA","23","@LAD Wed 10:10PM","0","0%","0%"
"*05y5g*","Josh Stephan","TOR","SP","9409","FA","24","TOR 0<br/>@ATH 2 F","0","2%","0%"
"*0421j*","Trevor Stephan","CLE","RP","9410","FA","30","@BAL Wed 6:35PM","0","1%","0%"
"*06nub*","Khal Stephen","CLE","SP","9411","FA","23","@BAL Wed 6:35PM","0","19%","0%"
"*02n8k*","Jackson Stephens","(N/A)","RP","9412","FA","32","","0","0%","0%"
"*02bq7*","Robert Stephenson","LAA","RP","9413","FA","33","@BOS Wed 6:45PM","0","7%","0%"
"*064n2*","Seth Stephenson","DET","OF","9414","FA","25","MIN 2<br/>@DET 7 F","0","0%","0%"
"*06hf3*","Levi Sterling","PIT","SP","9415","FA","20","@CHW Wed 7:40PM","0","10%","0%"
"*05rcm*","Felix Stevens","(N/A)","OF","9416","FA","27","","0","0%","0%"
"*072cp*","Jonathan Stevens","MIN","RP","9417","FA","22","MIN 2<br/>@DET 7 F","0","0%","0%"
"*066as*","Kevin Stevens","NYY","SP,RP","9418","FA","28","COL Wed 7:05PM","0","0%","0%"
"*0665z*","Tristan Stevens","MIA","RP","9419","FA","28","NYM Wed 6:40PM","0","0%","0%"
"*06htg*","Will Stevens","(N/A)","RP","9420","FA","25","","0","0%","0%"
"*03pox*","Andrew Stevenson","(N/A)","OF","9421","FA","32","","0","0%","0%"
"*04pug*","Cal Stevenson","DET","OF","9422","FA","29","MIN 2<br/>@DET 7 F","0","0%","0%"
"*0517i*","Jake Stevenson","(N/A)","RP","9423","FA","29","","0","0%","0%"
"*06ieq*","Luke Stevenson","SEA","C","9424","FA","22","TEX 1<br/>@SEA 3","0","8%","0%"
"*06hn3*","Owen Stevenson","(N/A)","SP","9425","FA","24","","0","0%","0%"
"*06hnb*","Casey Steward","PHI","SP","9426","FA","25","HOU Wed 6:40PM","0","0%","0%"
"*03pj8*","DJ Stewart","(N/A)","OF","9427","FA","32","","0","0%","0%"
"*06r86*","Ethan Stewart","(N/A)","OF","9428","FA","16","","0","0%","0%"
"*05tqp*","Joshua Stewart","(N/A)","SP","9429","FA","23","","0","0%","0%"
"*03qw8*","Will Stewart","(N/A)","SP,RP","9430","FA","29","","0","0%","0%"
"*06ra4*","Zack Stewart","(N/A)","OF","9431","FA","23","","0","0%","0%"
"*06gun*","Travis Sthele","WSH","SP","9432","FA","24","WSH 2<br/>@SD 5","0","0%","0%"
"*077wt*","Griffin Stieg","PIT","SP","9433","FA","22","@CHW Wed 7:40PM","0","0%","0%"
"*051g4*","Matt Stil","(N/A)","RP","9434","FA","26","","0","0%","0%"
"*0765d*","Stephen Still","BAL","SP","9435","FA","24","CLE Wed 6:35PM","0","0%","0%"
"*072i3*","Aiden Stillman","(N/A)","SP","9436","FA","19","","0","0%","0%"
"*072fc*","Dillon Stiltner","NYM","SP","9437","FA","19","@MIA Wed 6:40PM","0","0%","0%"
"*066jb*","Tristan Stivors","(N/A)","SP","9438","FA","27","","0","0%","0%"
"*06hix*","Luke Stofel","DET","SP,RP","9439","FA","24","MIN 2<br/>@DET 7 F","0","0%","0%"
"*06ig6*","Cole Stokes","TB","SP","9440","FA","21","@ATL Wed 7:15PM","0","0%","0%"
"*05xu9*","Adam Stone","CHC","RP","9441","FA","25","@MIL Wed 7:40PM","0","0%","0%"
"*06qjf*","Alex Stone","(N/A)","C","9442","FA","24","","0","0%","0%"
"*077ya*","Dakota Stone","PIT","SP","9443","FA","22","@CHW Wed 7:40PM","0","0%","0%"
"*077ep*","Duke Stone","(N/A)","SP","9444","FA","20","","0","0%","0%"
"*05mrx*","Gavin Stone","LAD","SP","9445","FA","27","CIN Wed 10:10PM","0","22%","0%"
"*070dy*","Ethan Storm","TB","SP","9446","FA","22","@ATL Wed 7:15PM","0","0%","0%"
"*06dsc*","Justin Storm","MIA","RP","9447","FA","24","NYM Wed 6:40PM","0","0%","0%"
"*0512k*","Levi Stoudt","PHI","RP","9448","FA","28","HOU Wed 6:40PM","0","1%","0%"
"*04q3m*","Hunter Stovall","(N/A)","3B,SS,INF","9449","FA","30","","0","0%","0%"
"*05rl2*","Peyton Stovall","CIN","1B,2B,INF","9450","FA","23","@LAD Wed 10:10PM","0","1%","0%"
"*04pmi*","Josh Stowers","(N/A)","OF","9451","FA","29","","0","0%","0%"
"*05147*","Kellen Strahm","(N/A)","OF","9452","FA","29","","0","0%","0%"
"*077zt*","Brian Strange","MIN","SP","9453","FA","23","MIN 2<br/>@DET 7 F","0","0%","0%"
"*06zaf*","Justin Stransky","CHC","C","9454","FA","23","@MIL Wed 7:40PM","0","0%","0%"
"*02mw1*","Chris Stratton","(N/A)","RP","9455","FA","36","","0","0%","0%"
"*06zih*","Garrett Stratton","NYM","RP","9456","FA","23","@MIA Wed 6:40PM","0","0%","0%"
"*074vc*","Cash Strayer","(N/A)","OF","9457","FA","20","","0","0%","0%"
"*06pue*","Jacob Stretch","TEX","RP","9458","FA","23","TEX 1<br/>@SEA 3","0","0%","0%"
"*06fqg*","Austin Strickland","SF","RP","9459","FA","24","STL 6<br/>@SF 1","0","0%","0%"
"*01ses*","Hunter Strickland","(N/A)","RP","9460","FA","37","","0","0%","0%"
"*05ynm*","Samuel Strickland","ATL","RP","9461","FA","27","TB Wed 7:15PM","0","0%","0%"
"*06if8*","Landon Stripling","(N/A)","1B,INF","9462","FA","22","","0","0%","0%"
"*064wk*","Jayden Stroman","(N/A)","SS,INF,SP","9463","FA","19","","0","0%","0%"
"*02hg4*","Marcus Stroman","(N/A)","SP","9464","FA","35","","0","1%","0%"
"*06qi5*","Jackson Strong","DET","OF","9465","FA","23","MIN 2<br/>@DET 7 F","0","0%","0%"
"*06r91*","Royelny Strop","STL","OF","9466","FA","18","STL 6<br/>@SF 1","0","1%","0%"
"*06pkg*","Sawyer Strosnider","MIL","OF","9467","FA","21","CHC Wed 7:40PM","0","2%","0%"
"*04eg8*","Drew Strotman","(N/A)","RP","9468","FA","30","","0","0%","0%"
"*04yif*","Chase Strumpf","(N/A)","2B,3B,INF","9469","FA","28","","0","0%","0%"
"*05ybl*","Michael Stryffeler","(N/A)","SP","9470","FA","30","","0","0%","0%"
"*066ar*","Baron Stuart","WSH","RP","9471","FA","27","WSH 2<br/>@SD 5","0","0%","0%"
"*0790k*","Brady Stuart","LAA","SP,RP","9472","FA","22","@BOS Wed 6:45PM","0","0%","0%"
"*076qs*","Daunte Stuart","PHI","2B,INF","9473","FA","25","HOU Wed 6:40PM","0","0%","0%"
"*0648p*","Tyler Stuart","WSH","SP","9474","FA","26","WSH 2<br/>@SD 5","0","1%","0%"
"*078lw*","Benjamin Stubbs","SD","SP","9475","FA","22","WSH 2<br/>@SD 5","0","0%","0%"
"*05180*","C.J. Stubbs","TOR","C","9476","FA","29","TOR 0<br/>@ATH 2 F","0","0%","0%"
"*0741f*","John Stuetzer","(N/A)","SS,INF","9477","FA","19","","0","0%","0%"
"*06o0a*","Sam Stuhr","ATH","SP,RP","9478","FA","24","TOR 0<br/>@ATH 2 F","0","0%","0%"
"*051ak*","Ted Stuka","(N/A)","SP,RP","9479","FA","29","","0","0%","0%"
"*06uh3*","Eston Stull","MIN","RP","9480","FA","27","MIN 2<br/>@DET 7 F","0","0%","0%"
"*06hnd*","Peyton Stumbo","PIT","SP","9481","FA","24","@CHW Wed 7:40PM","0","0%","0%"
"*06zig*","Brennan Stuprich","NYY","SP","9482","FA","24","COL Wed 7:05PM","0","0%","0%"
"*072ca*","Lan-Hong Su","SD","SP","9483","FA","19","WSH 2<br/>@SD 5","0","1%","0%"
"*05rh8*","Alexander Suarez","(N/A)","OF","9484","FA","24","","0","0%","0%"
"*0776t*","Angel Suarez","ARI","SS,INF","9485","FA","18","@KC Wed 7:40PM","0","0%","0%"
"*06l0l*","Christian Suarez","LAD","RP","9486","FA","25","CIN Wed 10:10PM","0","0%","0%"
"*072zw*","Isaias Suarez","WSH","OF","9487","FA","17","WSH 2<br/>@SD 5","0","1%","0%"
"*072fl*","Jaider Suarez","KC","SS,INF","9488","FA","17","ARI Wed 7:40PM","0","4%","0%"
"*06mt1*","Jhoangel Suarez","(N/A)","3B,INF","9489","FA","19","","0","0%","0%"
"*055hw*","Joander Suarez","NYM","SP","9490","FA","26","@MIA Wed 6:40PM","0","1%","0%"
"*06umv*","Josdanner Suarez","ARI","SP,RP","9491","FA","21","@KC Wed 7:40PM","0","0%","0%"
"*068nc*","Jose Suarez","STL","OF","9492","FA","22","STL 6<br/>@SF 1","0","0%","0%"
"*0792n*","Jose Suarez","CHW","C,1B,INF","9493","FA","17","PIT Wed 7:40PM","0","0%","0%"
"*06mq5*","Orlando Suarez","CHW","SP","9494","FA","19","PIT Wed 7:40PM","0","0%","0%"
"*06um7*","Ramon Suarez","TOR","RP","9495","FA","22","TOR 0<br/>@ATH 2 F","0","0%","0%"
"*06ro8*","Ronny Suarez","ARI","OF","9496","FA","18","@KC Wed 7:40PM","0","0%","0%"
"*0620x*","Santiago Suarez","TB","SP","9497","FA","21","@ATL Wed 7:15PM","0","15%","0%"
"*0737r*","Edward Suazo","ATH","SS,INF","9498","FA","17","TOR 0<br/>@ATH 2 F","0","0%","0%"
"*05y3z*","Ryan Sublette","(N/A)","RP","9499","FA","27","","0","0%","0%"
"*076sh*","Cayden Suchy","(N/A)","SP","9500","FA","20","","0","0%","0%"
"*06lfg*","Chris Suero","NYM","C,OF","9501","FA","22","@MIA Wed 6:40PM","0","5%","0%"
"*06rks*","Larry Suero","COL","3B,INF","9502","FA","18","@NYY Wed 7:05PM","0","0%","0%"
"*03mp9*","Wander Suero","ATH","RP","9503","FA","34","TOR 0<br/>@ATH 2 F","0","0%","0%"
"*05j8l*","Adrian Sugastey","SF","C","9504","FA","24","STL 6<br/>@SF 1","0","0%","0%"
"*0669h*","Matt Suggs","WSH","C","9505","FA","26","WSH 2<br/>@SD 5","0","0%","0%"
"*05aku*","Luis Suisbel","SEA","3B,INF","9506","FA","23","TEX 1<br/>@SEA 3","0","1%","0%"
"*06rtv*","Juan Sulbaran","TEX","C","9507","FA","20","TEX 1<br/>@SEA 3","0","0%","0%"
"*05nmx*","Billy Sullivan","(N/A)","RP","9508","FA","27","","0","0%","0%"
"*06pqm*","Cameron Sullivan","CLE","SP","9509","FA","20","@BAL Wed 6:35PM","0","1%","0%"
"*06qgp*","Joseph Sullivan","HOU","OF","9510","FA","24","@PHI Wed 6:40PM","0","4%","0%"
"*068a4*","Liam Sullivan","WSH","SP","9511","FA","24","WSH 2<br/>@SD 5","0","0%","0%"
"*05y41*","Sean Sullivan","PIT","SP,RP","9512","FA","25","@CHW Wed 7:40PM","0","1%","0%"
"*06hue*","William Sullivan","(N/A)","1B,INF","9513","FA","25","","0","0%","0%"
"*073vk*","Chihiro Sumida","(N/A)","SP","9514","FA","27","","0","0%","0%"
"*06mpr*","Brendan Summerhill","TB","OF","9515","FA","22","@ATL Wed 7:15PM","0","12%","0%"
"*06qjr*","Colin Summerhill","(N/A)","1B,INF","9516","FA","25","","0","0%","0%"
"*078vh*","Garrison Sumner","BAL","SP","9517","FA","22","CLE Wed 6:35PM","0","0%","0%"
"*06gjf*","Jared Sundstrom","SEA","OF","9518","FA","25","TEX 1<br/>@SEA 3","0","1%","0%"
"*06f1s*","Joe Suozzi","(N/A)","OF","9519","FA","28","","0","0%","0%"
"*03d7n*","Trey Supak","TEX","SP","9520","FA","30","TEX 1<br/>@SEA 3","0","1%","0%"
"*06uqi*","Jesus Superlano","ATH","3B,INF","9521","FA","20","TOR 0<br/>@ATH 2 F","0","0%","0%"
"*06mwc*","Anderson Suriel","(N/A)","OF","9522","FA","23","","0","0%","0%"
"*076cj*","Jeremy Suriel","ARI","OF","9523","FA","17","@KC Wed 7:40PM","0","0%","0%"
"*06c7z*","Jose Suriel","(N/A)","SP","9524","FA","21","","0","0%","0%"
"*06tzu*","Junior Suriel","LAA","OF","9525","FA","18","@BOS Wed 6:45PM","0","0%","0%"
"*06yt6*","Ethan Surowiec","(N/A)","1B,INF","9526","FA","21","","0","0%","0%"
"*06hsx*","Jeicol Surumay","(N/A)","SP","9527","FA","20","","0","0%","0%"
"*05ucj*","Ezequiel Surun","(N/A)","SS,INF","9528","FA","22","","0","0%","0%"
"*06pla*","Anthony Susac","TEX","RP","9529","FA","24","TEX 1<br/>@SEA 3","0","0%","0%"
"*05y7n*","Jarlin Susana","WSH","SP","9530","FA","22","WSH 2<br/>@SD 5","0","44%","0%"
"*078kq*","Charlie Sutherland","SEA","1B,INF","9531","FA","21","TEX 1<br/>@SEA 3","0","0%","0%"
"*078rt*","Ethan Sutton","LAD","RP","9532","FA","21","CIN Wed 10:10PM","0","0%","0%"
"*041z2*","Jack Suwinski","TB","OF","9533","FA","28","@ATL Wed 7:15PM","0","2%","0%"
"*07798*","Theo Swafford","(N/A)","SS,INF","9534","FA","17","","0","0%","0%"
"*04mn3*","Travis Swaggerty","(N/A)","OF","9535","FA","29","","0","1%","0%"
"*06f0t*","Eriq Swan","WSH","SP","9536","FA","24","WSH 2<br/>@SD 5","0","1%","0%"
"*04egc*","John Swanda","(N/A)","SP","9537","FA","27","","0","0%","0%"
"*06ghi*","Nic Swanson","HOU","SP","9538","FA","27","@PHI Wed 6:40PM","0","0%","0%"
"*06kk1*","Zach Swanson","DET","SP","9539","FA","20","MIN 2<br/>@DET 7 F","0","1%","0%"
"*078tn*","Gavin Swartz","COL","SP","9540","FA","18","@NYY Wed 7:05PM","0","0%","0%"
"*078fr*","Brendan Sweeney","PHI","RP","9541","FA","22","HOU Wed 6:40PM","0","0%","0%"
"*05tuw*","Trey Sweeney","DET","SS,INF","9542","FA","26","MIN 2<br/>@DET 7 F","0","6%","0%"
"*059ed*","Devin Sweet","BOS","RP","9543","FA","30","LAA Wed 6:45PM","0","0%","0%"
"*05xq5*","Drew Swift","ATH","SS,INF","9544","FA","27","TOR 0<br/>@ATH 2 F","0","0%","0%"
"*06qih*","Carson Swilling","SD","RP","9545","FA","24","WSH 2<br/>@SD 5","0","0%","0%"
"*05jpy*","Nick Swiney","(N/A)","RP","9546","FA","27","","0","0%","0%"
"*078ti*","Josh Swink","COL","RP","9547","FA","22","@NYY Wed 7:05PM","0","0%","0%"
"*06qqy*","Tyler Switalski","SF","RP","9548","FA","23","STL 6<br/>@SF 1","0","0%","0%"
"*05ycl*","Travis Sykora","WSH","SP","9549","FA","22","WSH 2<br/>@SD 5","0","44%","0%"
"*025ew*","Noah Syndergaard","(N/A)","SP","9550","FA","34","","0","0%","0%"
"*03qlb*","Thomas Szapucki","(N/A)","RP","9551","FA","30","","0","0%","0%"
"*06fv4*","Charlie Szykowny","SF","1B,3B,INF","9552","FA","26","STL 6<br/>@SF 1","0","0%","0%"
"*06qji*","Logan Tabeling","LAD","SP,RP","9553","FA","25","CIN Wed 10:10PM","0","0%","0%"
"*06sju*","Luke Taggart","DET","RP","9554","FA","28","MIN 2<br/>@DET 7 F","0","0%","0%"
"*06bj8*","Joseph Tailor","(N/A)","2B,INF","9555","FA","20","","0","0%","0%"
"*06ag9*","Kaima Taira","(N/A)","SP","9556","FA","26","","0","1%","0%"
"*06bsb*","Eduardo Tait","MIN","C","9557","FA","20","MIN 2<br/>@DET 7 F","0","28%","0%"
"*06heq*","Noah Takacs","PIT","RP","9558","FA","24","@CHW Wed 7:40PM","0","0%","0%"
"*075lu*","Haruto Takahashi","(N/A)","SP","9559","FA","30","","0","0%","0%"
"*06ahh*","Hiroto Takahashi","(N/A)","SP","9560","FA","24","","0","2%","0%"
"*06rie*","Keiji Takahashi","(N/A)","SP","9561","FA","29","","0","0%","0%"
"*06ax2*","Kona Takahashi","(N/A)","SP","9562","FA","29","","0","1%","0%"
"*06qlt*","Tommy Takayoshi","ATH","C","9563","FA","25","TOR 0<br/>@ATH 2 F","0","0%","0%"
"*071xb*","Itsuki Takemoto","ATH","SP","9564","FA","22","TOR 0<br/>@ATH 2 F","0","0%","0%"
"*06fu5*","Enmanuel Talavera","(N/A)","SP","9565","FA","20","","0","0%","0%"
"*06ajz*","Roiber Talavera","(N/A)","RP","9566","FA","22","","0","0%","0%"
"*06cmh*","James Tallon","PHI","RP","9567","FA","22","HOU Wed 6:40PM","0","0%","0%"
"*0790v*","Easton Talt","NYY","OF","9568","FA","22","COL Wed 7:05PM","0","0%","0%"
"*06rki*","Martin Tamara","DET","C,1B,INF","9569","FA","22","MIN 2<br/>@DET 7 F","0","0%","0%"
"*061wg*","Miguel Tamares","(N/A)","SS,INF","9570","FA","22","","0","0%","0%"
"*05rkf*","Misael Tamarez","SD","RP","9571","FA","26","WSH 2<br/>@SD 5","0","0%","0%"
"*06r1u*","Kevin Tamburini","(N/A)","1B,INF","9572","FA","20","","0","0%","0%"
"*06qs1*","Haruya Tanaka","(N/A)","SP","9573","FA","22","","0","0%","0%"
"*06bja*","Anthony Tandron","SF","1B,INF","9574","FA","20","STL 6<br/>@SF 1","0","0%","0%"
"*06gwj*","Atsuki Taneichi","(N/A)","SP","9575","FA","28","","0","0%","0%"
"*06upv*","Alistair Tanner","DET","SP","9576","FA","20","MIN 2<br/>@DET 7 F","0","0%","0%"
"*076n2*","Gabe Tanner","CHW","SP,RP","9577","FA","24","PIT Wed 7:40PM","0","0%","0%"
"*05wxx*","Logan Tanner","CIN","C","9578","FA","25","@LAD Wed 10:10PM","0","1%","0%"
"*062et*","German Tapia","(N/A)","OF","9579","FA","22","","0","0%","0%"
"*06r17*","Jesus Tapia","(N/A)","RP","9580","FA","19","","0","0%","0%"
"*032pz*","Raimel Tapia","(N/A)","OF","9581","FA","32","","0","0%","0%"
"*06qyq*","Sergio Tapia","DET","C","9582","FA","24","MIN 2<br/>@DET 7 F","0","0%","0%"
"*06hn5*","Graysen Tarlow","STL","C","9583","FA","25","STL 6<br/>@SF 1","0","0%","0%"
"*04efr*","Freddy Tarnok","(N/A)","RP","9584","FA","27","","0","1%","0%"
"*076cp*","Giacomo Taschin","TOR","RP","9585","FA","20","TOR 0<br/>@ATH 2 F","0","0%","0%"
"*06pff*","Bryce Tassin","(N/A)","RP","9586","FA","29","","0","0%","0%"
"*03p9d*","Dillon Tate","LAA","RP","9587","FA","32","@BOS Wed 6:45PM","0","1%","0%"
"*070bj*","Dylan Tate","LAD","RP","9588","FA","22","CIN Wed 10:10PM","0","0%","0%"
"*06zrc*","Josh Tate","PIT","OF","9589","FA","23","@CHW Wed 7:40PM","0","0%","0%"
"*072yn*","Taegen Tate","(N/A)","SP","9590","FA","16","","0","0%","0%"
"*072et*","Ivan Tatis","LAA","SS,INF","9591","FA","20","@BOS Wed 6:45PM","0","0%","0%"
"*073nc*","Kota Tatsu","(N/A)","SP","9592","FA","22","","0","0%","0%"
"*067xo*","Dillon Tatum","(N/A)","C","9593","FA","26","","0","0%","0%"
"*05yhh*","Terrell Tatum","(N/A)","OF","9594","FA","27","","0","0%","0%"
"*0312v*","Mike Tauchman","NYM","OF","9595","FA","35","@MIA Wed 6:40PM","0","2%","0%"
"*06z3n*","Aiden Taurek","SEA","OF","9596","FA","22","TEX 1<br/>@SEA 3","0","0%","0%"
"*06zfh*","James Taussig","CHW","OF","9597","FA","23","PIT Wed 7:40PM","0","0%","0%"
"*06mms*","Carlos Tavares","WSH","1B,INF","9598","FA","20","WSH 2<br/>@SD 5","0","0%","0%"
"*05r8d*","Ambioris Tavarez","ATL","2B,SS,INF","9599","FA","22","TB Wed 7:15PM","0","1%","0%"
"*06qgw*","Feldi Tavarez","WSH","C","9600","FA","19","WSH 2<br/>@SD 5","0","0%","0%"
"*061zh*","Sammy Tavarez","(N/A)","RP","9601","FA","27","","0","0%","0%"
"*05ygp*","Braylin Tavera","BAL","OF","9602","FA","21","CLE Wed 6:35PM","0","1%","0%"
"*05y73*","Carlos Tavera","BAL","RP","9603","FA","27","CLE Wed 6:35PM","0","0%","0%"
"*06ky2*","Junior Tavera","NYY","SP","9604","FA","19","COL Wed 7:05PM","0","0%","0%"
"*06c7k*","Bracewell Taveras","STL","2B,3B,INF","9605","FA","20","STL 6<br/>@SF 1","0","0%","0%"
"*06rkw*","Carlos Taveras","MIN","OF","9606","FA","18","MIN 2<br/>@DET 7 F","0","1%","0%"
"*06c50*","Emilio Taveras","(N/A)","1B,INF","9607","FA","23","","0","0%","0%"
"*05yl7*","Felix Taveras","(N/A)","OF","9608","FA","23","","0","0%","0%"
"*064w6*","Jhonly Taveras","(N/A)","RP","9609","FA","21","","0","0%","0%"
"*06ag8*","Jonathan Taveras","(N/A)","2B,INF","9610","FA","21","","0","0%","0%"
"*0766e*","Jose Taveras","LAD","RP","9611","FA","20","CIN Wed 10:10PM","0","0%","0%"
"*05j96*","Leonardo Taveras","(N/A)","RP","9612","FA","28","","0","0%","0%"
"*06r1j*","Romer Taveras","CLE","OF","9613","FA","19","@BAL Wed 6:35PM","0","0%","0%"
"*05ubo*","Andrew Taylor","HOU","SP","9614","FA","24","@PHI Wed 6:40PM","0","1%","0%"
"*03116*","Blake Taylor","(N/A)","RP","9615","FA","31","","0","0%","0%"
"*05wy1*","Brayden Taylor","MIA","2B,3B,INF","9616","FA","24","NYM Wed 6:40PM","0","19%","0%"
"*05luq*","Carson Taylor","SEA","1B,INF","9617","FA","27","TEX 1<br/>@SEA 3","0","0%","0%"
"*041ro*","Curtis Taylor","(N/A)","SP","9618","FA","31","","0","0%","0%"
"*06c0z*","Devin Taylor","ATH","OF","9619","FA","22","TOR 0<br/>@ATH 2 F","0","20%","0%"
"*066cp*","Evan Taylor","CHC","RP","9620","FA","26","@MIL Wed 7:40PM","0","0%","0%"
"*078fw*","Ian Taylor","TOR","OF","9621","FA","19","TOR 0<br/>@ATH 2 F","0","0%","0%"
"*06y07*","John Taylor","TEX","2B,SS,INF","9622","FA","25","TEX 1<br/>@SEA 3","0","0%","0%"
"*078l0*","Nathan Taylor","SEA","SP","9623","FA","21","TEX 1<br/>@SEA 3","0","0%","0%"
"*06gjt*","Nelly Taylor","BOS","OF","9624","FA","23","LAA Wed 6:45PM","0","1%","0%"
"*065ns*","Troy Taylor","SEA","RP","9625","FA","25","TEX 1<br/>@SEA 3","0","2%","0%"
"*05t79*","Will Taylor","PIT","OF","9626","FA","23","@CHW Wed 7:40PM","0","1%","0%"
"*06yw0*","Zane Taylor","ATH","SP","9627","FA","24","TOR 0<br/>@ATH 2 F","0","3%","0%"
"*078ox*","Ryan Tayman","NYM","C","9628","FA","21","@MIA Wed 6:40PM","0","0%","0%"
"*06mx1*","Kavares Tears","SD","OF","9629","FA","24","WSH 2<br/>@SD 5","0","2%","0%"
"*064n5*","Dylan Tebrake","WSH","RP","9630","FA","27","WSH 2<br/>@SD 5","0","0%","0%"
"*078p7*","Aidan Teel","MIN","OF","9631","FA","22","MIN 2<br/>@DET 7 F","0","0%","0%"
"*06ahr*","Abrahan Tejada","(N/A)","SP","9632","FA","21","","0","0%","0%"
"*05ykw*","Angel Tejada","(N/A)","2B,INF","9633","FA","22","","0","0%","0%"
"*06uhm*","Clevari Tejada","PIT","SP","9634","FA","21","@CHW Wed 7:40PM","0","0%","0%"
"*06rqv*","D'Angelo Tejada","(N/A)","SS,INF","9635","FA","20","","0","0%","0%"
"*067zj*","Henry Tejada","BAL","RP","9636","FA","21","CLE Wed 6:35PM","0","0%","0%"
"*05ui1*","Joaquin Tejada","(N/A)","RP","9637","FA","23","","0","0%","0%"
"*06me9*","Oliver Tejada","SF","OF","9638","FA","19","STL 6<br/>@SF 1","0","1%","0%"
"*06sjp*","Ronald Tejada","NYY","RP","9639","FA","19","COL Wed 7:05PM","0","0%","0%"
"*06c2d*","Dashyll Tejeda","WSH","OF","9640","FA","20","WSH 2<br/>@SD 5","0","0%","0%"
"*0763l*","Eduarlin Tejeda","SD","2B,INF","9641","FA","21","WSH 2<br/>@SD 5","0","0%","0%"
"*0638j*","Enmanuel Tejeda","NYY","2B,INF","9642","FA","21","COL Wed 7:05PM","0","2%","0%"
"*067yl*","Yoel Tejeda","WSH","SP","9643","FA","23","WSH 2<br/>@SD 5","0","1%","0%"
"*076ab*","Carlos Tejera","PIT","OF","9644","FA","18","@CHW Wed 7:40PM","0","3%","0%"
"*06gj7*","Shane Telfer","(N/A)","SP","9645","FA","25","","0","0%","0%"
"*06sjv*","Nico Tellache","SEA","SP,RP","9646","FA","28","TEX 1<br/>@SEA 3","0","0%","0%"
"*06pps*","Raider Tello","PHI","1B,3B,INF","9647","FA","25","HOU Wed 6:40PM","0","0%","0%"
"*05ri0*","Felix Tena","(N/A)","OF","9648","FA","22","","0","0%","0%"
"*076nc*","Renso Tenas","KC","SS,INF","9649","FA","17","ARI Wed 7:40PM","0","0%","0%"
"*048yd*","Robbie Tenerowicz","(N/A)","2B,INF","9650","FA","31","","0","0%","0%"
"*06hwk*","Mikey Tepper","WSH","SP","9651","FA","24","WSH 2<br/>@SD 5","0","0%","0%"
"*06qs3*","Ryusei Terachi","(N/A)","C","9652","FA","21","","0","0%","0%"
"*06nlm*","Efren Teran","CHW","SS,INF","9653","FA","19","PIT Wed 7:40PM","0","0%","0%"
"*077a4*","Elvis Teran","NYM","OF","9654","FA","17","@MIA Wed 6:40PM","0","0%","0%"
"*0794q*","Gabriel Teran","SD","C","9655","FA","18","WSH 2<br/>@SD 5","0","0%","0%"
"*06und*","Saul Teran","PHI","RP","9656","FA","24","HOU Wed 6:40PM","0","0%","0%"
"*06pgb*","D'Marion Terrell","(N/A)","OF","9657","FA","20","","0","0%","0%"
"*05rk1*","Enmanuel Terrero","(N/A)","OF","9658","FA","23","","0","0%","0%"
"*06c88*","Gabriel Terrero","(N/A)","2B,INF","9659","FA","20","","0","0%","0%"
"*06rfz*","Marcos Terrero","(N/A)","C","9660","FA","20","","0","0%","0%"
"*06tm7*","Robert Terrero","ARI","SP","9661","FA","19","@KC Wed 7:40PM","0","0%","0%"
"*06rwe*","Ronald Terrero","BAL","2B,INF","9662","FA","19","CLE Wed 6:35PM","0","0%","0%"
"*06qnc*","Andrew Tess","BAL","C,1B,INF","9663","FA","20","CLE Wed 6:35PM","0","0%","0%"
"*076vh*","Austin Testerman","CLE","SP","9664","FA","24","@BAL Wed 6:35PM","0","0%","0%"
"*05jr3*","Jacob Teter","(N/A)","1B,INF","9665","FA","27","","0","0%","0%"
"*04eip*","Jackson Tetreault","(N/A)","SP","9666","FA","30","","0","0%","0%"
"*06hzh*","Yereny Teus","TB","SP","9667","FA","23","@ATL Wed 7:15PM","0","0%","0%"
"*06c4x*","Francis Texido","LAA","SP,RP","9668","FA","21","@BOS Wed 6:45PM","0","0%","0%"
"*06k4x*","Tanner Thach","COL","1B,INF","9669","FA","22","@NYY Wed 7:05PM","0","2%","0%"
"*04053*","Matt Thaiss","HOU","C","9670","FA","31","@PHI Wed 6:40PM","0","0%","0%"
"*04hy7*","Juan Then","(N/A)","RP","9671","FA","26","","0","0%","0%"
"*0616m*","Rodney Theophile","(N/A)","SP","9672","FA","26","","0","0%","0%"
"*06z65*","Jhosman Theran","LAD","OF","9673","FA","18","CIN Wed 10:10PM","0","0%","0%"
"*072ek*","Cardell Thibodeaux","ATL","OF","9674","FA","22","TB Wed 7:15PM","0","0%","0%"
"*06yzs*","Frank Thomas III","(N/A)","1B,INF","9675","FA","17","","0","0%","0%"
"*05xol*","Andy Thomas","SD","C,1B,INF","9676","FA","28","WSH 2<br/>@SD 5","0","0%","0%"
"*078so*","Brady Thomas","HOU","1B,INF","9677","FA","22","@PHI Wed 6:40PM","0","0%","0%"
"*041xd*","Cody Thomas","(N/A)","OF","9678","FA","31","","0","0%","0%"
"*06qkb*","Gray Thomas","(N/A)","RP","9679","FA","23","","0","0%","0%"
"*06ht6*","Jared Thomas","(N/A)","C","9680","FA","25","","0","0%","0%"
"*06mpb*","Jared Thomas","COL","OF","9681","FA","23","@NYY Wed 7:05PM","0","11%","0%"
"*06mfi*","Jhoan Thomas","WSH","RP","9682","FA","19","WSH 2<br/>@SD 5","0","0%","0%"
"*066f7*","Johnathon Thomas","WSH","OF","9683","FA","26","WSH 2<br/>@SD 5","0","0%","0%"
"*070bv*","Justin Thomas","HOU","OF","9684","FA","22","@PHI Wed 6:40PM","0","0%","0%"
"*07768*","Luis Thomas","CHC","SS,INF","9685","FA","17","@MIL Wed 7:40PM","0","0%","0%"
"*078kd*","Matthew Thomas","STL","OF","9686","FA","20","STL 6<br/>@SF 1","0","0%","0%"
"*06653*","Rhylan Thomas","TOR","OF","9687","FA","26","TOR 0<br/>@ATH 2 F","0","1%","0%"
"*04tlx*","Tahnaj Thomas","(N/A)","SP","9688","FA","27","","0","0%","0%"
"*04ei4*","Tyler Thomas","(N/A)","RP","9689","FA","30","","0","0%","0%"
"*06qpv*","Jay Thomason","MIN","3B,INF","9690","FA","24","MIN 2<br/>@DET 7 F","0","0%","0%"
"*072h0*","Landon Thome","CHW","2B,INF","9691","FA","18","PIT Wed 7:40PM","0","1%","0%"
"*06qth*","Bennett Thompson","CLE","C","9692","FA","23","@BAL Wed 6:35PM","0","1%","0%"
"*06hh5*","Benny Thompson","LAA","RP","9693","FA","24","@BOS Wed 6:45PM","0","0%","0%"
"*06qhu*","Brandt Thompson","STL","SP","9694","FA","24","STL 6<br/>@SF 1","0","0%","0%"
"*06ywj*","Danny Thompson","TOR","RP","9695","FA","24","TOR 0<br/>@ATH 2 F","0","1%","0%"
"*06cgf*","Darrell Thompson","(N/A)","RP","9696","FA","32","","0","0%","0%"
"*06r88*","Evan Thompson","(N/A)","OF","9697","FA","16","","0","0%","0%"
"*06r4c*","J.D. Thompson","MIL","SP","9698","FA","22","CHC Wed 7:40PM","0","5%","0%"
"*06660*","Jake Thompson","LAA","3B,INF","9699","FA","28","@BOS Wed 6:45PM","0","0%","0%"
"*06ht9*","Jordan Thompson","(N/A)","SS,INF","9700","FA","24","","0","0%","0%"
"*078ry*","Kyeler Thompson","LAD","OF","9701","FA","21","CIN Wed 10:10PM","0","0%","0%"
"*041qz*","Mason Thompson","TEX","RP","9702","FA","28","TEX 1<br/>@SEA 3","0","0%","0%"
"*04rzq*","Matthew Thompson","(N/A)","SP","9703","FA","26","","0","0%","0%"
"*06tl9*","Paxton Thompson","(N/A)","RP","9704","FA","26","","0","0%","0%"
"*04evj*","Riley Thompson","(N/A)","SP,RP","9705","FA","30","","0","0%","0%"
"*01sb1*","Trayce Thompson","(N/A)","OF","9706","FA","35","","0","0%","0%"
"*04aqh*","Tyree Thompson","(N/A)","RP","9707","FA","29","","0","0%","0%"
"*03de5*","Zach Thompson","(N/A)","RP","9708","FA","32","","0","0%","0%"
"*04n0p*","Zack Thompson","STL","RP","9709","FA","28","STL 6<br/>@SF 1","0","1%","0%"
"*05t0n*","Sam Thoresen","(N/A)","RP","9710","FA","27","","0","0%","0%"
"*077xz*","Isaac Thornton","SEA","SP","9711","FA","22","TEX 1<br/>@SEA 3","0","0%","0%"
"*061ym*","Tyler Thornton","(N/A)","RP","9712","FA","26","","0","0%","0%"
"*05yb1*","Drew Thorpe","CHW","SP","9713","FA","25","PIT Wed 7:40PM","0","24%","0%"
"*0310l*","Andrew Thurman","SD","SP","9714","FA","34","WSH 2<br/>@SD 5","0","0%","0%"
"*06tm8*","Grayson Thurman","(N/A)","RP","9715","FA","27","","0","0%","0%"
"*06qvm*","Brock Tibbitts","(N/A)","C","9716","FA","23","","0","0%","0%"
"*066ir*","James Tibbs III","LAD","OF","9717","iKnoBall","23","CIN Wed 10:10PM","0","45%","0%"
"*06qxs*","Humberto Tiberi","LAA","C","9718","FA","19","@BOS Wed 6:45PM","0","0%","0%"
"*06qp1*","Matt Tiberia","SEA","SP","9719","FA","24","TEX 1<br/>@SEA 3","0","0%","0%"
"*06rt7*","Brian Tiburcio","COL","RP","9720","FA","18","@NYY Wed 7:05PM","0","0%","0%"
"*06hw5*","Josh Tiedemann","NYY","RP","9721","FA","22","COL Wed 7:05PM","0","0%","0%"
"*06fqy*","Izack Tiger","TEX","SP","9722","FA","25","TEX 1<br/>@SEA 3","0","1%","0%"
"*05j6x*","Junior Tilien","ATL","OF","9723","FA","24","TB Wed 7:15PM","0","0%","0%"
"*06c7a*","Jesus Tillero","LAD","SP","9724","FA","20","CIN Wed 10:10PM","0","1%","0%"
"*06zif*","Cam Tilly","NYM","SP,RP","9725","FA","22","@MIA Wed 6:40PM","0","1%","0%"
"*0792o*","Jefferson Timaure","CHW","RP","9726","FA","17","PIT Wed 7:40PM","0","0%","0%"
"*06qk5*","Shay Timmer","DET","RP","9727","FA","24","MIN 2<br/>@DET 7 F","0","0%","0%"
"*06hs1*","Josh Timmerman","MIL","RP","9728","FA","24","CHC Wed 7:40PM","0","0%","0%"
"*060w8*","Vin Timpanelli","(N/A)","RP","9729","FA","27","","0","0%","0%"
"*06gui*","Johnny Tincher","(N/A)","C","9730","FA","25","","0","0%","0%"
"*05ymv*","Dameivi Tineo","MIA","SP","9731","FA","23","NYM Wed 6:40PM","0","0%","0%"
"*0733t*","Oscar Tineo","DET","SS,INF","9732","FA","17","MIN 2<br/>@DET 7 F","0","0%","0%"
"*06tn6*","Riskiel Tineo","(N/A)","RP","9733","FA","23","","0","0%","0%"
"*06v4x*","Carson Tinney","MIN","C","9734","FA","21","MIN 2<br/>@DET 7 F","0","0%","0%"
"*03moe*","Jesus Tinoco","MIA","RP","9735","FA","31","NYM Wed 6:40PM","0","1%","0%"
"*06ywk*","Matthew Tippie","NYY","RP","9736","FA","23","COL Wed 7:05PM","0","0%","0%"
"*066c0*","Carlos Tirado","(N/A)","1B,INF","9737","FA","21","","0","0%","0%"
"*06v63*","Joe Tiroly","SD","2B,INF","9738","FA","21","WSH 2<br/>@SD 5","0","0%","0%"
"*05xpn*","Riley Tirotta","PHI","1B,3B,INF,OF","9739","FA","28","HOU Wed 6:40PM","0","0%","0%"
"*078mx*","Drew Titsworth","PHI","RP","9740","FA","21","HOU Wed 6:40PM","0","0%","0%"
"*06qua*","Griffin Tobias","MIL","RP","9741","FA","21","CHC Wed 7:40PM","0","0%","0%"
"*06qi0*","Jonathan Todd","TOR","RP","9742","FA","25","TOR 0<br/>@ATH 2 F","0","0%","0%"
"*06c1h*","Shosei Togo","(N/A)","SP","9743","FA","26","","0","0%","0%"
"*077r2*","Dean Toigo","NYY","OF","9744","FA","24","COL Wed 7:05PM","0","0%","0%"
"*04o0z*","Heitor Tokar","(N/A)","RP","9745","FA","25","","0","0%","0%"
"*074vb*","Teddy Tokheim","(N/A)","3B,INF","9746","FA","20","","0","0%","0%"
"*06qow*","Cole Tolbert","BOS","SP","9747","FA","23","LAA Wed 6:45PM","0","0%","0%"
"*078ro*","Nic Tolbert","MIA","3B,INF","9748","FA","19","NYM Wed 6:40PM","0","0%","0%"
"*066po*","Francisco Toledo","NYM","C","9749","FA","21","@MIA Wed 6:40PM","0","0%","0%"
"*06ms3*","Jeral Toledo","(N/A)","2B,INF","9750","FA","23","","0","0%","0%"
"*06mvb*","Almen Tolentino","MIA","C","9751","FA","19","NYM Wed 6:40PM","0","0%","0%"
"*05h2t*","Milan Tolentino","CLE","2B,3B,SS,INF","9752","FA","24","@BAL Wed 6:35PM","0","1%","0%"
"*051hr*","Anders Tolhurst","(N/A)","RP","9753","FA","26","","0","0%","0%"
"*05yfd*","Tyler Tolve","ATL","C","9754","FA","26","TB Wed 7:15PM","0","0%","0%"
"*078qp*","Kellan Tom","MIL","1B,INF","9755","FA","18","CHC Wed 7:40PM","0","0%","0%"
"*05uc8*","Tucker Toman","TOR","3B,INF","9756","FA","22","TOR 0<br/>@ATH 2 F","0","2%","0%"
"*06rfp*","Juan Tomas","CHC","SS,INF","9757","FA","18","@MIL Wed 7:40PM","0","2%","0%"
"*0730t*","Luis Tomas","CHC","SS,INF","9758","FA","17","@MIL Wed 7:40PM","0","0%","0%"
"*051bp*","Anthony Tomczak","(N/A)","RP","9759","FA","25","","0","0%","0%"
"*05ilr*","Shohei Tomioka","ATH","RP","9760","FA","30","TOR 0<br/>@ATH 2 F","0","0%","0%"
"*06gin*","Landon Tomkins","PIT","RP","9761","FA","26","@CHW Wed 7:40PM","0","0%","0%"
"*06ywl*","Julian Tonghini","WSH","RP","9762","FA","24","WSH 2<br/>@SD 5","0","0%","0%"
"*05unh*","Gavin Tonkel","(N/A)","OF","9763","FA","23","","0","0%","0%"
"*02oyz*","Michael Tonkin","(N/A)","RP","9764","FA","36","","0","0%","0%"
"*06z07*","Sam Tookoian","LAA","RP","9765","FA","23","@BOS Wed 6:45PM","0","0%","0%"
"*06qrq*","Marshall Toole","TB","OF","9766","FA","23","@ATL Wed 7:15PM","0","0%","0%"
"*077s7*","Jack Toomey","NYM","OF","9767","FA","23","@MIA Wed 6:40PM","0","0%","0%"
"*076sq*","Alberto Toribio","KC","SP","9768","FA","20","ARI Wed 7:40PM","0","0%","0%"
"*04qg4*","Luis Toribio","(N/A)","3B,INF","9769","FA","25","","0","0%","0%"
"*05g46*","Noe Toribio","(N/A)","SP","9770","FA","27","","0","0%","0%"
"*063dm*","Cristofer Torin","ARI","2B,SS,INF","9771","FA","21","@KC Wed 7:40PM","0","4%","0%"
"*06qhe*","Diego Tornes","ATL","OF","9772","FA","18","TB Wed 7:15PM","0","9%","0%"
"*041se*","Abraham Toro","KC","1B,3B,INF","9773","FA","29","ARI Wed 7:40PM","0","2%","0%"
"*074ad*","Edgardo Toro","SEA","OF","9774","FA","18","TEX 1<br/>@SEA 3","0","0%","0%"
"*0769q*","Sebastian Toro","NYM","SS,INF","9775","FA","17","@MIA Wed 6:40PM","0","0%","0%"
"*045ks*","Eduardo Torrealba","(N/A)","SS,INF","9776","FA","27","","0","0%","0%"
"*06mv7*","Jonfreider Torrealba","(N/A)","RP","9777","FA","19","","0","0%","0%"
"*06r1i*","Osmar Torrealba","CLE","OF","9778","FA","19","@BAL Wed 6:35PM","0","0%","0%"
"*0730n*","Osmar Abel Torrealba","ATL","OF","9779","FA","17","TB Wed 7:15PM","0","0%","0%"
"*06rpx*","Adrian Torres","LAD","SP","9780","FA","18","CIN Wed 10:10PM","0","0%","0%"
"*06hhg*","Alejandro Torres","HOU","RP","9781","FA","25","@PHI Wed 6:40PM","0","0%","0%"
"*0779t*","Alieski Torres","TOR","SP","9782","FA","19","TOR 0<br/>@ATH 2 F","0","0%","0%"
"*06mv1*","Andres Torres","TB","C,1B,INF","9783","FA","19","@ATL Wed 7:15PM","0","0%","0%"
"*066fp*","Carlos Torres","COL","RP","9784","FA","25","@NYY Wed 7:05PM","0","0%","0%"
"*06z68*","Carlos Torres","TEX","C","9785","FA","18","TEX 1<br/>@SEA 3","0","0%","0%"
"*078kp*","Chris Torres","SEA","SP","9786","FA","21","TEX 1<br/>@SEA 3","0","0%","0%"
"*06saq*","Emile Torres","TB","OF","9787","FA","18","@ATL Wed 7:15PM","0","0%","0%"
"*06rid*","Enry Torres","CIN","C","9788","FA","18","@LAD Wed 10:10PM","0","0%","0%"
"*05ydd*","Eric Torres","BAL","RP","9789","FA","26","CLE Wed 6:35PM","0","0%","0%"
"*061z2*","Erick Torres","KC","OF","9790","FA","21","ARI Wed 7:40PM","0","0%","0%"
"*06206*","Ervin Torres","(N/A)","RP","9791","FA","21","","0","0%","0%"
"*06kv8*","Jason Torres","(N/A)","3B,INF","9792","FA","22","","0","0%","0%"
"*06gzz*","Javi Torres","CLE","RP","9793","FA","21","@BAL Wed 6:35PM","0","0%","0%"
"*05vyr*","Jose Torres","COL","SS,INF","9794","FA","26","@NYY Wed 7:05PM","0","0%","0%"
"*072g8*","Jose Gabriel Torres","SEA","SP","9795","FA","25","TEX 1<br/>@SEA 3","0","0%","0%"
"*06ytw*","Juan Torres","NYY","2B,INF","9796","FA","18","COL Wed 7:05PM","0","2%","0%"
"*04pme*","Lenny Torres","(N/A)","RP","9797","FA","25","","0","1%","0%"
"*0642d*","Luis Torres","(N/A)","1B,INF","9798","FA","22","","0","0%","0%"
"*06v68*","Luis Torres","TOR","RP","9799","FA","21","TOR 0<br/>@ATH 2 F","0","0%","0%"
"*062kc*","Marcos Torres","TEX","OF","9800","FA","21","TEX 1<br/>@SEA 3","0","0%","0%"
"*06r4s*","Michael Torres","(N/A)","OF","9801","FA","20","","0","0%","0%"
"*03dbl*","Nick Torres","(N/A)","OF","9802","FA","33","","0","0%","0%"
"*06c2g*","Rafhlmil Torres","CIN","2B,SS,INF","9803","FA","21","@LAD Wed 10:10PM","0","0%","0%"
"*06o0r*","Stharlin Torres","CIN","SP","9804","FA","20","@LAD Wed 10:10PM","0","2%","0%"
"*0518c*","Victor Torres","(N/A)","C","9805","FA","26","","0","0%","0%"
"*06pee*","Wande Torres","MIL","SP","9806","FA","21","CHC Wed 7:40PM","0","0%","0%"
"*06kx2*","Wuinder Torres","CLE","C","9807","FA","19","@BAL Wed 6:35PM","0","0%","0%"
"*04apk*","Cristhian Tortosa","PIT","RP","9808","FA","27","@CHW Wed 7:40PM","0","0%","0%"
"*06upu*","Miguel Toscano","TB","SP","9809","FA","20","@ATL Wed 7:15PM","0","0%","0%"
"*04erg*","Frankie Tostado","(N/A)","OF","9810","FA","28","","0","0%","0%"
"*02yog*","Touki Toussaint","(N/A)","RP","9811","FA","30","","0","0%","0%"
"*05yhv*","Osvaldo Tovalin","(N/A)","3B,INF","9812","FA","26","","0","0%","0%"
"*06rnc*","Anderson Tovar","(N/A)","OF","9813","FA","19","","0","0%","0%"
"*06c4t*","Deward Tovar","TEX","OF","9814","FA","20","TEX 1<br/>@SEA 3","0","0%","0%"
"*064vy*","Eduardo Tovar","(N/A)","RP","9815","FA","22","","0","0%","0%"
"*06r1n*","Erich Tovar","CLE","RP","9816","FA","19","@BAL Wed 6:35PM","0","0%","0%"
"*06rnb*","Geremy Tovar","(N/A)","RP","9817","FA","20","","0","0%","0%"
"*06rna*","Jhemiangel Tovar","(N/A)","RP","9818","FA","23","","0","0%","0%"
"*077c2*","Jhoener Tovar","PHI","SP","9819","FA","17","HOU Wed 6:40PM","0","0%","0%"
"*06rn9*","Jose Tovar","TB","C","9820","FA","20","@ATL Wed 7:15PM","0","0%","0%"
"*077ck*","Jose Tovar","PHI","C","9821","FA","17","HOU Wed 6:40PM","0","0%","0%"
"*06s47*","Luis Tovar","LAD","3B,INF","9822","FA","18","CIN Wed 10:10PM","0","0%","0%"
"*06mav*","Pedro Tovar","BAL","OF","9823","FA","20","CLE Wed 6:35PM","0","0%","0%"
"*06mwb*","Yimy Tovar","SD","SS,INF","9824","FA","20","WSH 2<br/>@SD 5","0","0%","0%"
"*05yhk*","River Town","(N/A)","OF","9825","FA","27","","0","0%","0%"
"*05ilp*","Blake Townsend","TEX","SP,RP","9826","FA","25","TEX 1<br/>@SEA 3","0","0%","0%"
"*072nn*","Cade Townsend","CHC","SP,RP","9827","FA","21","@MIL Wed 7:40PM","0","2%","0%"
"*06uxo*","Nick Trabacchi","MIN","RP","9828","FA","27","MIN 2<br/>@DET 7 F","0","0%","0%"
"*06uwt*","Nolan Traeger","(N/A)","C","9829","FA","20","","0","0%","0%"
"*06hwe*","Michael Trausch","TEX","RP","9830","FA","22","TEX 1<br/>@SEA 3","0","0%","0%"
"*06hx3*","Michael Trautwein","CIN","C","9831","FA","26","@LAD Wed 10:10PM","0","0%","0%"
"*06r3d*","Jesus Travieso","PIT","SP","9832","FA","19","@CHW Wed 7:40PM","0","1%","0%"
"*06uh2*","Hayden Travinski","(N/A)","1B,INF","9833","FA","25","","0","0%","0%"
"*068xw*","Alonzo Tredwell","HOU","SP,RP","9834","FA","24","@PHI Wed 6:40PM","0","2%","0%"
"*06qjy*","Danny Trehey","(N/A)","RP","9835","FA","25","","0","0%","0%"
"*04eoq*","Alan Trejo","(N/A)","SS,INF","9836","FA","30","","0","0%","0%"
"*077z1*","Victor Trejo","PIT","RP","9837","FA","20","@CHW Wed 7:40PM","0","0%","0%"
"*065jd*","Caeden Trenkle","(N/A)","OF","9838","FA","25","","0","0%","0%"
"*06hx1*","Josh Trentadue","TEX","SP","9839","FA","24","TEX 1<br/>@SEA 3","0","1%","0%"
"*05rij*","Luca Tresh","KC","C","9840","FA","26","ARI Wed 7:40PM","0","0%","0%"
"*078ks*","Anthony Treto","SEA","RP","9841","FA","21","TEX 1<br/>@SEA 3","0","0%","0%"
"*05wy0*","Carter Trice","CHC","OF","9842","FA","24","@MIL Wed 7:40PM","0","0%","0%"
"*06o0l*","Fenwick Trimble","MIA","OF","9843","FA","24","NYM Wed 6:40PM","0","2%","0%"
"*06qjx*","Justin Trimble","(N/A)","1B,3B,INF","9844","FA","23","","0","0%","0%"
"*05uwb*","Reed Trimble","BAL","OF","9845","FA","26","CLE Wed 6:35PM","0","1%","0%"
"*06ifm*","Wilian Trinidad","(N/A)","3B,INF","9846","FA","20","","0","0%","0%"
"*0790g*","Lance Trippel","DET","C","9847","FA","22","MIN 2<br/>@DET 7 F","0","0%","0%"
"*06hro*","Donny Troconis","ATH","SP","9848","FA","20","TOR 0<br/>@ATH 2 F","0","0%","0%"
"*06f0s*","Austin Troesser","NYM","RP","9849","FA","24","@MIA Wed 6:40PM","0","0%","0%"
"*04pyq*","Nick Trogrlic-Iverson","(N/A)","RP","9850","FA","28","","0","0%","0%"
"*06r35*","Deshandro Tromp","(N/A)","1B,INF","9851","FA","19","","0","0%","0%"
"*06qr9*","Eli Trop","(N/A)","RP","9852","FA","24","","0","0%","0%"
"*07809*","Adam Troy","PHI","RP","9853","FA","22","HOU Wed 6:40PM","0","0%","0%"
"*06zij*","Camden Troyer","NYY","OF","9854","FA","24","COL Wed 7:05PM","0","0%","0%"
"*06hoh*","Derek True","HOU","SP","9855","FA","25","@PHI Wed 6:40PM","0","0%","0%"
"*06qni*","Evan Truitt","SEA","SP","9856","FA","23","TEX 1<br/>@SEA 3","0","0%","0%"
"*066pq*","Keduar Trujillo","HOU","1B,INF","9857","FA","22","@PHI Wed 6:40PM","0","0%","0%"
"*077qx*","Cole Tryba","CHC","RP","9858","FA","21","@MIL Wed 7:40PM","0","0%","0%"
"*078sm*","Ben Tryon","HOU","1B,INF,OF","9859","FA","21","@PHI Wed 6:40PM","0","0%","0%"
"*06ak5*","Jyun Yue Tseng","(N/A)","RP","9860","FA","24","","0","0%","0%"
"*072qu*","Kotaro Tsunematsu","CHC","OF","9861","FA","22","@MIL Wed 7:40PM","0","0%","0%"
"*06r6l*","Pedro Tucent","(N/A)","RP","9862","FA","23","","0","0%","0%"
"*06hes*","Braydon Tucker","PHI","SP","9863","FA","27","HOU Wed 6:40PM","0","0%","0%"
"*05jrj*","Carson Tucker","SD","2B,INF","9864","FA","24","WSH 2<br/>@SD 5","0","0%","0%"
"*06hu7*","Cody Tucker","(N/A)","SP","9865","FA","27","","0","0%","0%"
"*06ho9*","Stanley Tucker","BOS","OF","9866","FA","24","LAA Wed 6:45PM","0","0%","0%"
"*06hit*","Tevin Tucker","COL","2B,INF","9867","FA","26","@NYY Wed 7:05PM","0","0%","0%"
"*06qks*","Colin Tuft","BAL","C","9868","FA","23","CLE Wed 6:35PM","0","0%","0%"
"*07307*","Amani Tuiasosopo","(N/A)","SS,INF","9869","FA","15","","0","0%","0%"
"*06ppr*","Zack Tukis","PHI","RP","9870","FA","23","HOU Wed 6:40PM","0","0%","0%"
"*066k0*","Adam Tulloch","CLE","RP","9871","FA","26","@BAL Wed 6:35PM","0","0%","0%"
"*048vd*","Tanner Tully","(N/A)","SP","9872","FA","31","","0","0%","0%"
"*06q33*","Brendan Tunink","LAD","OF","9873","FA","20","CIN Wed 10:10PM","0","3%","0%"
"*06upt*","Emil Turbi","(N/A)","SS,INF","9874","FA","21","","0","0%","0%"
"*05y7w*","Gavin Turley","ATH","OF","9875","FA","22","TOR 0<br/>@ATH 2 F","0","2%","0%"
"*03d75*","Spencer Turnbull","(N/A)","RP","9876","FA","33","","0","0%","0%"
"*078p6*","Colby Turner","MIN","2B,3B,INF,OF","9877","FA","21","MIN 2<br/>@DET 7 F","0","0%","0%"
"*04vni*","Gionti Turner","(N/A)","2B,INF","9878","FA","26","","0","0%","0%"
"*077qn*","Jack Turner","DET","SP","9879","FA","22","MIN 2<br/>@DET 7 F","0","0%","0%"
"*07305*","Jake Turner","(N/A)","OF","9880","FA","18","","0","0%","0%"
"*01lum*","Justin Turner","(N/A)","1B,3B,INF","9881","FA","41","","0","0%","0%"
"*04elj*","Matt Turner","NYM","RP","9882","FA","27","@MIA Wed 6:40PM","0","0%","0%"
"*066cv*","Michael Turner","CHW","C","9883","FA","28","PIT Wed 7:40PM","0","0%","0%"
"*0657s*","Tyresse Turner","CLE","3B,INF","9884","FA","26","@BAL Wed 6:35PM","0","0%","0%"
"*06j3i*","Will Turner","BOS","OF","9885","FA","23","LAA Wed 6:45PM","0","0%","0%"
"*06fv2*","Cole Turney","(N/A)","OF","9886","FA","27","","0","0%","0%"
"*078u1*","Carson Turnquist","ARI","SP","9887","FA","22","@KC Wed 7:40PM","0","0%","0%"
"*06qf2*","Trent Turzenski","BAL","RP","9888","FA","25","CLE Wed 6:35PM","0","0%","0%"
"*0733y*","Eduardo Tusen","DET","SS,INF","9889","FA","17","MIN 2<br/>@DET 7 F","0","0%","0%"
"*068nz*","Brady Tygart","BOS","SP","9890","FA","22","LAA Wed 6:45PM","0","0%","0%"
"*04q2b*","Kyle Tyler","(N/A)","SP,RP","9891","FA","29","","0","0%","0%"
"*0518z*","Mitchell Tyranski","(N/A)","RP","9892","FA","29","","0","0%","0%"
"*06uoe*","Giomar Ubiera","NYM","SS,INF","9893","FA","18","@MIA Wed 6:40PM","0","0%","0%"
"*04tji*","Edwin Uceta","TB","RP","9894","FA","28","@ATL Wed 7:15PM","0","26%","0%"
"*078sj*","Mick Uebelhor","HOU","RP","9895","FA","21","@PHI Wed 6:40PM","0","0%","0%"
"*04eg4*","Erich Uelmen","(N/A)","RP","9896","FA","30","","0","0%","0%"
"*06jfp*","Jhonayker Ugarte","KC","3B,SS,INF","9897","FA","19","ARI Wed 7:40PM","0","1%","0%"
"*062hn*","Ronny Ugarte","COL","1B,INF","9898","FA","21","@NYY Wed 7:05PM","0","0%","0%"
"*074vo*","Angelo Ugueto","SF","OF","9899","FA","17","STL 6<br/>@SF 1","0","0%","0%"
"*06bsf*","Eyke Ugueto","(N/A)","OF","9900","FA","20","","0","0%","0%"
"*05x06*","Miguel Ugueto","STL","OF","9901","FA","24","STL 6<br/>@SF 1","0","0%","0%"
"*06z5a*","Krishan Ulacio","BOS","OF","9902","FA","18","LAA Wed 6:45PM","0","0%","0%"
"*05y65*","Alex Ulloa","(N/A)","SS,INF","9903","FA","23","","0","0%","0%"
"*06pqa*","Fidel Ulloa","COL","RP","9904","FA","23","@NYY Wed 7:05PM","0","0%","0%"
"*06l47*","Hyungchan Um","KC","C","9905","FA","22","ARI Wed 7:40PM","0","0%","0%"
"*06tn7*","Grant Umberger","CHW","SP","9906","FA","24","PIT Wed 7:40PM","0","0%","0%"
"*02mwx*","Duane Underwood Jr.","(N/A)","RP","9907","FA","32","","0","0%","0%"
"*070e8*","Cooper Underwood","(N/A)","SP","9908","FA","19","","0","0%","0%"
"*073xx*","Alex Ungar","(N/A)","OF","9909","FA","24","","0","0%","0%"
"*03115*","Riley Unroe","CHW","OF","9910","FA","31","PIT Wed 7:40PM","0","0%","0%"
"*0731b*","Myles Upchurch","(N/A)","SP,RP","9911","FA","19","","0","0%","0%"
"*05u5c*","Francisco Urbaez","CIN","2B,INF","9912","FA","28","@LAD Wed 10:10PM","0","0%","0%"
"*06tm9*","Geison Urbaez","(N/A)","RP","9913","FA","26","","0","0%","0%"
"*064ic*","Rayner Urbaez","(N/A)","SP","9914","FA","23","","0","0%","0%"
"*077nn*","Joey Urban","TOR","OF","9915","FA","22","TOR 0<br/>@ATH 2 F","0","0%","0%"
"*0776l*","Anderber Urbina","BOS","SS,INF","9916","FA","18","LAA Wed 6:45PM","0","0%","0%"
"*069xw*","Jose Urbina","TB","SP","9917","FA","20","@ATL Wed 7:15PM","0","5%","0%"
"*06rjf*","Jose Urbina","ARI","C","9918","FA","20","@KC Wed 7:40PM","0","0%","0%"
"*04qou*","Misael Urbina","(N/A)","OF","9919","FA","24","","0","1%","0%"
"*06lwj*","Nestor Urbina","TOR","UT","9920","FA","19","TOR 0<br/>@ATH 2 F","0","0%","0%"
"*06akg*","Omar Urbina","BAL","1B,INF","9921","FA","21","CLE Wed 6:35PM","0","0%","0%"
"*06uqj*","Roberto Urdaneta","ATH","RP","9922","FA","20","TOR 0<br/>@ATH 2 F","0","0%","0%"
"*06zfg*","Ryan Ure","KC","SP,RP","9923","FA","24","ARI Wed 7:40PM","0","0%","0%"
"*06uvw*","Antoni Urena","LAD","SS,INF","9924","FA","19","CIN Wed 10:10PM","0","0%","0%"
"*066re*","Engelth Urena","NYY","1B,INF","9925","FA","22","COL Wed 7:05PM","0","1%","0%"
"*076s9*","Franly Urena","TOR","RP","9926","FA","22","TOR 0<br/>@ATH 2 F","0","0%","0%"
"*02j6w*","Jose Urena","(N/A)","SP,RP","9927","FA","34","","0","0%","0%"
"*04t98*","Manuel Urias","(N/A)","SP","9928","FA","25","","0","0%","0%"
"*06r1d*","Delni Uribe","(N/A)","SP","9929","FA","19","","0","0%","0%"
"*06ak6*","Isaias Uribe","PIT","RP","9930","FA","24","@CHW Wed 7:40PM","0","0%","0%"
"*06c3q*","Juan Uribe","(N/A)","2B,INF","9931","FA","20","","0","0%","0%"
"*06hs2*","Cole Urman","(N/A)","C,1B,INF","9932","FA","25","","0","0%","0%"
"*06v2u*","Miguel Useche","CHC","C","9933","FA","25","@MIL Wed 7:40PM","0","0%","0%"
"*06r1c*","Santiago Ustariz","CLE","UT","9934","FA","19","@BAL Wed 6:35PM","0","0%","0%"
"*04zaw*","Naoyuki Uwasawa","(N/A)","SP","9935","FA","32","","0","0%","0%"
"*076sa*","Jonas Uzcategui","MIA","RP","9936","FA","21","NYM Wed 6:40PM","0","0%","0%"
"*06ms0*","Tommy Vail","CHW","SP,RP","9937","FA","27","PIT Wed 7:40PM","0","0%","0%"
"*074cb*","Jack Valbrune","HOU","OF","9938","FA","18","@PHI Wed 6:40PM","0","0%","0%"
"*063w1*","Javier Valdes","(N/A)","C","9939","FA","27","","0","0%","0%"
"*05126*","Yordys Valdes","(N/A)","2B,INF","9940","FA","25","","0","0%","0%"
"*06sau*","Adrian Valdez","BOS","OF","9941","FA","18","LAA Wed 6:45PM","0","0%","0%"
"*06qy0*","Argenis Valdez","BAL","OF","9942","FA","19","CLE Wed 6:35PM","0","0%","0%"
"*04nrs*","Dauris Valdez","(N/A)","RP","9943","FA","30","","0","0%","0%"
"*0662n*","Derniche Valdez","CHC","OF","9944","FA","20","@MIL Wed 7:40PM","0","2%","0%"
"*042af*","Enmanuel Valdez","PIT","1B,INF","9945","FA","27","@CHW Wed 7:40PM","0","2%","0%"
"*05j8n*","Jesus Valdez","ARI","2B,3B,INF","9946","FA","28","@KC Wed 7:40PM","0","0%","0%"
"*05y16*","Joel Valdez","(N/A)","RP","9947","FA","26","","0","0%","0%"
"*06tkj*","Jonawel Valdez","MIA","RP","9948","FA","22","NYM Wed 6:40PM","0","0%","0%"
"*076rx*","Jose Valdez","SF","OF","9949","FA","17","STL 6<br/>@SF 1","0","0%","0%"
"*062yu*","Kevin Valdez","CHC","SP","9950","FA","24","@MIL Wed 7:40PM","0","0%","0%"
"*06424*","Luis Valdez","(N/A)","2B,INF","9951","FA","26","","0","0%","0%"
"*0763m*","Luis Valdez","KC","RP","9952","FA","21","ARI Wed 7:40PM","0","0%","0%"
"*06vy7*","Luisberth Valdez","ATL","SP","9953","FA","18","TB Wed 7:15PM","0","0%","0%"
"*05rc2*","Malvin Valdez","(N/A)","OF","9954","FA","22","","0","0%","0%"
"*06sbe*","Miguel Valdez","(N/A)","RP","9955","FA","23","","0","0%","0%"
"*06sbx*","Miguel Valdez","ARI","RP","9956","FA","20","@KC Wed 7:40PM","0","0%","0%"
"*076ku*","Moises Valdez","SD","OF","9957","FA","20","WSH 2<br/>@SD 5","0","0%","0%"
"*073k5*","Stiwarts Valdez","CHW","OF","9958","FA","17","PIT Wed 7:40PM","0","0%","0%"
"*07248*","Victor Valdez","TB","SS,INF","9959","FA","17","@ATL Wed 7:15PM","0","7%","0%"
"*064oe*","Yoan Valdez","DET","RP","9960","FA","21","MIN 2<br/>@DET 7 F","0","0%","0%"
"*06mt0*","Alexandre Valdiviezo","(N/A)","RP","9961","FA","19","","0","0%","0%"
"*05yie*","Anthuan Valencia","CIN","OF","9962","FA","21","@LAD Wed 10:10PM","0","0%","0%"
"*066mr*","Esmil Valencia","MIA","OF","9963","FA","20","NYM Wed 6:40PM","0","1%","0%"
"*066a3*","Chase Valentine","(N/A)","OF","9964","FA","24","","0","0%","0%"
"*06o0u*","Cleudis Valenzuela","(N/A)","2B,INF","9965","FA","19","","0","0%","0%"
"*0519p*","Sahid Valenzuela","(N/A)","2B,3B,INF","9966","FA","28","","0","0%","0%"
"*06mlb*","Juan Valera","BOS","SP","9967","FA","20","LAA Wed 6:45PM","0","14%","0%"
"*04j4e*","Leonel Valera","(N/A)","SS,INF","9968","FA","27","","0","0%","0%"
"*04ycm*","Felix Valerio","(N/A)","2B,INF","9969","FA","25","","0","0%","0%"
"*06uwo*","Tomas Valincius","(N/A)","SP","9970","FA","20","","0","1%","0%"
"*06igg*","Jefferson Valladares","(N/A)","C,1B,INF","9971","FA","24","","0","0%","0%"
"*06hwq*","John Valle","(N/A)","RP","9972","FA","21","","0","0%","0%"
"*063c4*","Alexander Vallecillo","(N/A)","SP","9973","FA","24","","0","0%","0%"
"*0749w*","Adan Vallenilla","SEA","SP","9974","FA","20","TEX 1<br/>@SEA 3","0","0%","0%"
"*04pqy*","Chris Vallimont","MIN","SP","9975","FA","29","MIN 2<br/>@DET 7 F","0","0%","0%"
"*06aq4*","Andres Valor","MIA","OF","9976","FA","20","NYM Wed 6:40PM","0","2%","0%"
"*04etk*","Alex Valverde","(N/A)","SP,RP","9977","FA","29","","0","0%","0%"
"*05r5p*","Brian Van Belle","TB","RP","9978","FA","30","@ATL Wed 7:15PM","0","0%","0%"
"*06zat*","Shane Van Dam","KC","RP","9979","FA","22","ARI Wed 7:40PM","0","0%","0%"
"*06lth*","Gijs van den Brink","KC","SP","10605","FA","21","ARI Wed 7:40PM","0","0%","0%"
"*06akm*","Stijn Van Der Schaaf","(N/A)","SP","9980","FA","22","","0","0%","0%"
"*06ywm*","Ty Van Dyke","STL","SP","9981","FA","23","STL 6<br/>@SF 1","0","0%","0%"
"*077r5*","Gavin Van Kempen","LAD","SP","9982","FA","21","CIN Wed 10:10PM","0","0%","0%"
"*04pvn*","Connor Van Scoyoc","WSH","RP","9983","FA","26","WSH 2<br/>@SD 5","0","0%","0%"
"*06uxf*","Bryson Van Sickle","COL","RP","9984","FA","25","@NYY Wed 7:05PM","0","0%","0%"
"*077y5*","Aiden VanDeHatert","BOS","RP","9985","FA","21","LAA Wed 6:45PM","0","0%","0%"
"*06gib*","Ryan Vanderhei","SF","RP","9988","FA","25","STL 6<br/>@SF 1","0","0%","0%"
"*06zas*","JC Vanek","KC","1B,INF","9989","FA","21","ARI Wed 7:40PM","0","0%","0%"
"*06ups*","Vince Vannelle","(N/A)","RP","9990","FA","28","","0","0%","0%"
"*064wg*","Reid VanScoter","SEA","SP","9986","FA","27","TEX 1<br/>@SEA 3","0","0%","0%"
"*072ys*","Macgraw VanWormer","(N/A)","OF","9987","FA","16","","0","0%","0%"
"*05mxd*","Cristhian Vaquero","WSH","OF","9991","FA","21","WSH 2<br/>@SD 5","0","6%","0%"
"*06dqh*","Jose Varela","HOU","RP","9992","FA","21","@PHI Wed 6:40PM","0","0%","0%"
"*04tm2*","Alexander Vargas","(N/A)","3B,SS,INF","9993","FA","24","","0","1%","0%"
"*074or*","Christopher Vargas","STL","OF","9994","FA","17","STL 6<br/>@SF 1","0","0%","0%"
"*061v7*","Echedry Vargas","MIA","3B,INF","9995","FA","21","NYM Wed 6:40PM","0","3%","0%"
"*06imt*","Edward Vargas","CHC","OF","9996","FA","22","@MIL Wed 7:40PM","0","0%","0%"
"*06vy4*","Esnaider Vargas","WSH","OF","9997","FA","18","WSH 2<br/>@SD 5","0","0%","0%"
"*06c7y*","Giovanni Vargas","STL","RP","9998","FA","20","STL 6<br/>@SF 1","0","0%","0%"
"*061ob*","Imanol Vargas","(N/A)","1B,INF","9999","FA","28","","0","0%","0%"
"*05j8z*","Jheremy Vargas","MIL","2B,INF","10000","FA","23","CHC Wed 7:40PM","0","0%","0%"
"*06cf5*","Jhocsuanth Vargas","TEX","C","10001","FA","20","TEX 1<br/>@SEA 3","0","0%","0%"
"*06625*","Joendry Vargas","LAD","SS,INF","10002","FA","20","CIN Wed 10:10PM","0","16%","0%"
"*05un4*","Jordy Vargas","COL","SP","10003","FA","22","@NYY Wed 7:05PM","0","1%","0%"
"*06mii*","Luis Vargas","ATL","RP","10004","FA","24","TB Wed 7:15PM","0","0%","0%"
"*06249*","Marco Vargas","NYM","2B,SS,INF","10005","FA","21","@MIA Wed 6:40PM","0","2%","0%"
"*06sjq*","Mauricio Vargas","NYY","RP","10006","FA","19","COL Wed 7:05PM","0","0%","0%"
"*06l0w*","Raul Vargas","(N/A)","2B,INF","10007","FA","19","","0","0%","0%"
"*0763k*","Santiago Vargas","SD","SS,INF","10008","FA","18","WSH 2<br/>@SD 5","0","0%","0%"
"*06mig*","Yeferson Vargas","LAA","SP","10009","FA","22","@BOS Wed 6:45PM","0","0%","0%"
"*06hei*","Will Varmette","SD","SP,RP","10010","FA","23","WSH 2<br/>@SD 5","0","0%","0%"
"*074ud*","Derek Vartanian","ATL","SP","10011","FA","22","TB Wed 7:15PM","0","0%","0%"
"*04ok0*","Mike Vasil","CHW","SP,RP","10012","FA","26","PIT Wed 7:40PM","0","5%","0%"
"*06rgk*","Amilcar Vasquez","(N/A)","OF","10013","FA","24","","0","0%","0%"
"*06akf*","Andre Vasquez","CIN","SP,RP","10014","FA","20","@LAD Wed 10:10PM","0","0%","0%"
"*03ym6*","Andrew Vasquez","(N/A)","RP","10015","FA","32","","0","0%","0%"
"*06r6u*","Brandon Vasquez","SF","OF","10016","FA","19","STL 6<br/>@SF 1","0","0%","0%"
"*066rr*","Carlos Vasquez","(N/A)","2B,INF","10017","FA","21","","0","0%","0%"
"*06roa*","Daury Vasquez","ARI","SP","10018","FA","20","@KC Wed 7:40PM","0","0%","0%"
"*0731k*","Freyerso Vasquez","BOS","OF","10019","FA","17","LAA Wed 6:45PM","0","1%","0%"
"*06ula*","Geovanny Vasquez","CHC","RP","10020","FA","22","@MIL Wed 7:40PM","0","0%","0%"
"*06r7h*","Jose Vasquez","LAD","SP","10021","FA","21","CIN Wed 10:10PM","0","0%","0%"
"*075l8*","Juanmi Vasquez","DET","RP","10022","FA","22","MIN 2<br/>@DET 7 F","0","0%","0%"
"*06sbp*","Keivan Vasquez","ARI","SP","10023","FA","18","@KC Wed 7:40PM","0","0%","0%"
"*06tlk*","Samuel Vasquez","MIA","RP","10024","FA","26","NYM Wed 6:40PM","0","0%","0%"
"*06aqm*","Wardquelin Vasquez","(N/A)","RP","10025","FA","25","","0","0%","0%"
"*05xyj*","Willy Vasquez","BAL","OF","10026","FA","25","CLE Wed 6:35PM","0","1%","0%"
"*06rjv*","Yosweld Vasquez","HOU","C","10027","FA","21","@PHI Wed 6:40PM","0","0%","0%"
"*066kz*","Jonathan Vastine","SD","SS,INF","10028","FA","23","WSH 2<br/>@SD 5","0","0%","0%"
"*06hs9*","Kevin Vaupel","(N/A)","SP","10029","FA","25","","0","0%","0%"
"*04xon*","Terrin Vavra","BAL","2B,INF","10030","FA","29","CLE Wed 6:35PM","0","0%","0%"
"*066k3*","Javier Vaz","KC","2B,INF,OF","10031","FA","25","ARI Wed 7:40PM","0","1%","0%"
"*05m44*","Daniel Vazquez","KC","SS,INF","10032","FA","22","ARI Wed 7:40PM","0","1%","0%"
"*077n7*","Derek Vazquez","(N/A)","SS,INF","10033","FA","16","","0","0%","0%"
"*06jbl*","Rafi Vazquez","NYM","SP","10034","FA","28","@MIA Wed 6:40PM","0","0%","0%"
"*06qlj*","Chris Veach","NYY","RP","10035","FA","24","COL Wed 7:05PM","0","0%","0%"
"*078vb*","Ariston Veasey","CHC","RP","10036","FA","21","@MIL Wed 7:40PM","0","0%","0%"
"*066es*","Zach Veen","(N/A)","SP","10037","FA","25","","0","0%","0%"
"*04o62*","Alfred Vega","(N/A)","RP","10038","FA","25","","0","0%","0%"
"*066r0*","Marco Vega","LAA","RP","10039","FA","21","@BOS Wed 6:45PM","0","0%","0%"
"*04q2i*","Onix Vega","NYM","C","10040","FA","28","@MIA Wed 6:40PM","0","0%","0%"
"*06pg9*","Kevin Velasco","BAL","SP","10041","FA","20","CLE Wed 6:35PM","0","0%","0%"
"*066s5*","Alfredo Velasquez","BAL","2B,SS,INF","10042","FA","21","CLE Wed 6:35PM","0","0%","0%"
"*06rt0*","Deivis Velasquez","PHI","C","10043","FA","18","HOU Wed 6:40PM","0","0%","0%"
"*05r5f*","Diego Velasquez","SF","2B,INF","10044","FA","22","STL 6<br/>@SF 1","0","1%","0%"
"*06c7n*","Facundo Velasquez","STL","OF","10045","FA","20","STL 6<br/>@SF 1","0","0%","0%"
"*06ytr*","Giussepe Velasquez","PHI","SP","10046","FA","23","HOU Wed 6:40PM","0","0%","0%"
"*0731l*","Isaac Velasquez","BOS","SS,INF","10047","FA","17","LAA Wed 6:45PM","0","0%","0%"
"*06mbq*","Luis Velasquez","NYY","RP","10048","FA","25","COL Wed 7:05PM","0","0%","0%"
"*06qfp*","Nomar Velasquez","CLE","OF","10049","FA","21","@BAL Wed 6:35PM","0","0%","0%"
"*067yp*","Ralphy Velazquez","CLE","1B,INF","10050","Ka-Chow","21","@BAL Wed 6:35PM","0","47%","0%"
"*066su*","Ramses Velazquez","(N/A)","OF","10051","FA","21","","0","0%","0%"
"*06kxs*","Remy Veldhuisen","(N/A)","1B,INF","10052","FA","21","","0","0%","0%"
"*05vyl*","Antonio Velez","(N/A)","SP,RP","10053","FA","29","","0","0%","0%"
"*06u7d*","Ricardo Velez","(N/A)","RP","10054","FA","28","","0","0%","0%"
"*068z3*","Mauricio Veliz","(N/A)","RP","10055","FA","24","","0","0%","0%"
"*05r3o*","Daniel Vellojin","TB","C","10056","FA","26","@ATL Wed 7:15PM","0","0%","0%"
"*05itv*","Manuel Veloz","(N/A)","RP","10057","FA","25","","0","0%","0%"
"*0517a*","Anthony Veneziano","TEX","RP","10058","FA","29","TEX 1<br/>@SEA 3","0","0%","0%"
"*076co*","Zach Vennaro","MIN","RP","10059","FA","30","MIN 2<br/>@DET 7 F","0","0%","0%"
"*05ynl*","Tommy Ventimiglia","(N/A)","SP","10060","FA","22","","0","0%","0%"
"*06qzq*","Aiberson Ventura","(N/A)","RP","10061","FA","20","","0","0%","0%"
"*06muz*","Angel Ventura","(N/A)","OF","10062","FA","20","","0","0%","0%"
"*06mwd*","Dervy Ventura","SEA","2B,INF","10063","FA","22","TEX 1<br/>@SEA 3","0","0%","0%"
"*06rou*","Ezequiel Ventura","(N/A)","RP","10064","FA","24","","0","0%","0%"
"*05gbx*","Jordany Ventura","(N/A)","RP","10065","FA","26","","0","0%","0%"
"*06sb3*","Melky Ventura","COL","SP","10066","FA","18","@NYY Wed 7:05PM","0","0%","0%"
"*0733z*","Santiago Ventura","DET","OF","10067","FA","17","MIN 2<br/>@DET 7 F","0","0%","0%"
"*06qh0*","Alejandro Vera","(N/A)","SP","10068","FA","20","","0","0%","0%"
"*050k4*","Arol Vera","LAA","2B,3B,SS,INF","10069","FA","23","@BOS Wed 6:45PM","0","1%","0%"
"*05grk*","Norge Vera","(N/A)","SP","10070","FA","26","","0","1%","0%"
"*076gi*","Edrwin Veras","TOR","RP","10071","FA","23","TOR 0<br/>@ATH 2 F","0","0%","0%"
"*077bb*","Isay Veras","TOR","C","10072","FA","18","TOR 0<br/>@ATH 2 F","0","0%","0%"
"*07318*","Marcos Veras","MIL","SP","10073","FA","16","CHC Wed 7:40PM","0","0%","0%"
"*05nsi*","Wilfred Veras","(N/A)","OF","10074","FA","23","","0","1%","0%"
"*06r5v*","Yoandys Veraza","BOS","RP","10075","FA","20","LAA Wed 6:45PM","0","0%","0%"
"*075iq*","Kevin Verde","NYY","SS,INF","10076","FA","20","COL Wed 7:05PM","0","0%","0%"
"*03d7g*","Alex Verdugo","(N/A)","OF","10077","FA","30","","0","1%","0%"
"*06v3y*","Jose Verdugo","SD","SS,INF","10078","FA","18","WSH 2<br/>@SD 5","0","1%","0%"
"*04mln*","Luis Verdugo","SD","1B,3B,INF","10079","FA","25","WSH 2<br/>@SD 5","0","0%","0%"
"*05yia*","Rosman Verdugo","SD","2B,3B,INF","10080","FA","21","WSH 2<br/>@SD 5","0","1%","0%"
"*06qn8*","Ryan Verdugo","HOU","SP","10081","FA","23","@PHI Wed 6:40PM","0","0%","0%"
"*06ejz*","Will Verdung","ATL","1B,3B,INF","10082","FA","23","TB Wed 7:15PM","0","0%","0%"
"*06u6g*","Brayan Vergara","LAA","SP,RP","10083","FA","20","@BOS Wed 6:45PM","0","0%","0%"
"*05y4p*","Austin Vernon","TB","RP","10084","FA","27","@ATL Wed 7:15PM","0","0%","0%"
"*06qv0*","Cade Vernon","SF","RP","10085","FA","24","STL 6<br/>@SF 1","0","0%","0%"
"*06qey*","Ben Vespi","BAL","RP","10086","FA","25","CLE Wed 6:35PM","0","0%","0%"
"*03qv3*","Nick Vespi","(N/A)","RP","10087","FA","30","","0","0%","0%"
"*06dqp*","Joe Vetrano","LAD","1B,INF","10088","FA","24","CIN Wed 10:10PM","0","0%","0%"
"*05une*","Jordan Viars","(N/A)","1B,INF","10089","FA","23","","0","0%","0%"
"*06qsl*","Najer Victor","LAA","RP","10090","FA","24","@BOS Wed 6:45PM","0","1%","0%"
"*05ydl*","Landon Victorian","(N/A)","SP","10091","FA","20","","0","0%","0%"
"*0744d*","Jose Victorino","LAD","SS,INF","10092","FA","17","CIN Wed 10:10PM","0","0%","0%"
"*0757d*","Omar Victorino","NYM","SP","10093","FA","21","@MIA Wed 6:40PM","0","0%","0%"
"*06yqy*","Landyn Vidourek","COL","OF","10094","FA","22","@NYY Wed 7:05PM","0","3%","0%"
"*03qvc*","Cam Vieaux","(N/A)","SP,RP","10095","FA","32","","0","0%","0%"
"*049ur*","Thyago Vieira","(N/A)","RP","10096","FA","33","","0","0%","0%"
"*073k6*","Carlos Vielma","COL","SS,INF","10097","FA","17","@NYY Wed 7:05PM","0","1%","0%"
"*072g4*","Jose Vielma","NYM","SP","10098","FA","19","@MIA Wed 6:40PM","0","0%","0%"
"*05y32*","Max Viera","TOR","2B,INF","10099","FA","25","TOR 0<br/>@ATH 2 F","0","0%","0%"
"*070bh*","Will Vierling","PHI","C","10100","FA","23","HOU Wed 6:40PM","0","0%","0%"
"*078si*","Dylan Vigue","KC","SP","10101","FA","22","ARI Wed 7:40PM","0","0%","0%"
"*06ih3*","Anthony Vilar","SD","C,2B,INF","10102","FA","27","WSH 2<br/>@SD 5","0","0%","0%"
"*05r6c*","Michael Vilchez","(N/A)","RP","10103","FA","22","","0","0%","0%"
"*06uqk*","Deivi Villafana","CIN","SP","10104","FA","23","@LAD Wed 10:10PM","0","0%","0%"
"*066pb*","Eli Villalobos","SD","RP","10105","FA","29","WSH 2<br/>@SD 5","0","0%","0%"
"*0648m*","Chris Villaman","(N/A)","RP","10106","FA","25","","0","0%","0%"
"*06qts*","Mike Villani","CIN","RP","10107","FA","23","@LAD Wed 10:10PM","0","0%","0%"
"*0757e*","Ramiro Villanueva","MIN","SP","10108","FA","20","MIN 2<br/>@DET 7 F","0","0%","0%"
"*04pvh*","David Villar","(N/A)","1B,INF","10109","FA","29","","0","0%","0%"
"*06rqf*","Kamuel Villar","COL","SS,INF","10110","FA","19","@NYY Wed 7:05PM","0","0%","0%"
"*075l7*","Wily Villar","TEX","RP","10111","FA","28","TEX 1<br/>@SEA 3","0","0%","0%"
"*06r13*","Elkyns Villarreal","SF","SP","10112","FA","19","STL 6<br/>@SF 1","0","0%","0%"
"*06uva*","Varis Villarreal","NYY","RP","10113","FA","21","COL Wed 7:05PM","0","0%","0%"
"*06kxx*","Carlos Villarroel","NYY","C","10114","FA","19","COL Wed 7:05PM","0","0%","0%"
"*066or*","Jancel Villarroel","SF","C","10115","FA","21","STL 6<br/>@SF 1","0","1%","0%"
"*0776u*","Jhosep Villarroel","ARI","C","10116","FA","18","@KC Wed 7:40PM","0","0%","0%"
"*05xsw*","Miguel Villarroel","WSH","SS,INF","10117","FA","24","WSH 2<br/>@SD 5","0","0%","0%"
"*06rgq*","Juan Villavicencio","PHI","SS,INF","10118","FA","21","HOU Wed 6:40PM","0","1%","0%"
"*05xt4*","Kevin Villavicencio","NYM","3B,INF,OF","10119","FA","22","@MIA Wed 6:40PM","0","0%","0%"
"*077el*","Yunior Villavicencio","BAL","SP","10120","FA","18","CLE Wed 6:35PM","0","0%","0%"
"*076qp*","Edgardo Villegas","TOR","OF","10121","FA","23","TOR 0<br/>@ATH 2 F","0","0%","0%"
"*04q1b*","Ian Villers","(N/A)","RP","10122","FA","26","","0","0%","0%"
"*06rsh*","Geremy Villoria","MIN","SP","10123","FA","18","MIN 2<br/>@DET 7 F","0","0%","0%"
"*06riy*","Diego Viloria","(N/A)","RP","10124","FA","23","","0","0%","0%"
"*05xyr*","Luis Viloria","(N/A)","RP","10125","FA","22","","0","0%","0%"
"*06ibp*","Francisco Vilorio","NYY","OF","10126","FA","19","COL Wed 7:05PM","0","2%","0%"
"*06heh*","Colton Vincent","SD","C","10127","FA","26","WSH 2<br/>@SD 5","0","0%","0%"
"*06z08*","Wyatt Vincent","NYM","OF","10128","FA","20","@MIA Wed 6:40PM","0","0%","0%"
"*05157*","Darius Vines","CIN","SP","10129","FA","28","@LAD Wed 10:10PM","0","1%","0%"
"*056j3*","Esmerlin Vinicio","SF","RP","10130","FA","23","STL 6<br/>@SF 1","0","0%","0%"
"*06th7*","Mason Vinyard","MIA","RP","10131","FA","27","NYM Wed 6:40PM","0","0%","0%"
"*06cgi*","Carlos Virahonda","ARI","C","10132","FA","20","@KC Wed 7:40PM","0","3%","0%"
"*05y7o*","Kyle Virbitsky","(N/A)","RP","10133","FA","27","","0","0%","0%"
"*05y2c*","Caden Vire","BOS","RP","10134","FA","23","LAA Wed 6:45PM","0","0%","0%"
"*062zp*","Kendeglys Virguez","WSH","RP","10135","FA","22","WSH 2<br/>@SD 5","0","0%","0%"
"*06rjp*","Edison Vivas","(N/A)","UT","10136","FA","20","","0","0%","0%"
"*0763j*","Leonel Vivas","CHC","SS,INF","10137","FA","19","@MIL Wed 7:40PM","0","0%","0%"
"*07671*","Angel Vizcaino","ATH","RP","10138","FA","20","TOR 0<br/>@ATH 2 F","0","0%","0%"
"*05ued*","Luis Vizcaino","(N/A)","RP","10139","FA","25","","0","0%","0%"
"*04oc7*","Raffi Vizcaino","(N/A)","RP","10140","FA","30","","0","0%","0%"
"*05gvy*","Anthony Vizcaya","(N/A)","RP","10141","FA","32","","0","0%","0%"
"*05rh7*","Ruben Vizcaya","(N/A)","OF","10142","FA","22","","0","0%","0%"
"*06mhx*","Dominic Voegele","BAL","SP","10143","FA","21","CLE Wed 6:35PM","0","0%","0%"
"*06qku*","Jayden Voelker","TB","SP","10144","FA","23","@ATL Wed 7:15PM","0","0%","0%"
"*06ooh*","Joe Vogatsky","BOS","RP","10145","FA","24","LAA Wed 6:45PM","0","0%","0%"
"*05jsa*","Jake Vogel","(N/A)","OF","10146","FA","24","","0","0%","0%"
"*06581*","Tyler Vogel","SF","RP","10147","FA","25","STL 6<br/>@SF 1","0","0%","0%"
"*03199*","Luke Voit","(N/A)","1B,INF","10148","FA","35","","0","0%","0%"
"*06cmf*","Mitch Voit","NYM","2B,INF","10149","FA","21","@MIA Wed 6:40PM","0","18%","0%"
"*06run*","Dylan Volantis","(N/A)","RP","10150","FA","20","","0","1%","0%"
"*06ber*","Joey Volchko","CHW","SP,RP","10151","FA","21","PIT Wed 7:40PM","0","1%","0%"
"*06zco*","Joey Volini","MIA","RP","10152","FA","23","NYM Wed 6:40PM","0","1%","0%"
"*077ql*","Josh Volmerding","BOS","SP","10153","FA","21","LAA Wed 6:45PM","0","0%","0%"
"*03dpa*","Jason Vosler","(N/A)","1B,INF","10154","FA","33","","0","0%","0%"
"*05ud3*","Nate Voss","(N/A)","C","10155","FA","22","","0","0%","0%"
"*06dmz*","Brock Vradenburg","(N/A)","1B,INF","10156","FA","24","","0","0%","0%"
"*0630b*","Trystan Vrieling","SF","SP","10157","FA","25","STL 6<br/>@SF 1","0","1%","0%"
"*06roq*","Kien Vu","CIN","OF","10158","FA","22","@LAD Wed 10:10PM","0","1%","0%"
"*06zrg*","Hayden Vucinovich","MIL","SP","10159","FA","19","CHC Wed 7:40PM","0","0%","0%"
"*05jql*","A.J. Vukovich","ARI","OF","10160","FA","25","@KC Wed 7:40PM","0","3%","0%"
"*0780n*","Ethan Wachsmann","MIN","SP","10161","FA","18","MIN 2<br/>@DET 7 F","0","0%","0%"
"*0766b*","LJ Waco","WSH","SP","10162","FA","25","WSH 2<br/>@SD 5","0","0%","0%"
"*03qlh*","Brandon Waddell","NYM","RP","10163","FA","32","@MIA Wed 6:40PM","0","1%","0%"
"*05jpt*","Luke Waddell","ATL","2B,SS,INF","10164","FA","28","TB Wed 7:15PM","0","0%","0%"
"*031b4*","Tyler Wade","(N/A)","OF,UT","10165","FA","31","","0","0%","0%"
"*072fk*","Kaden Waechter","SF","SP","10166","FA","19","STL 6<br/>@SF 1","0","0%","0%"
"*06qq0*","Ethan Wagner","HOU","OF","10167","FA","21","@PHI Wed 6:40PM","0","0%","0%"
"*06497*","Logan Wagner","LAD","2B,3B,INF","10168","FA","22","CIN Wed 10:10PM","0","1%","0%"
"*0622n*","Max Wagner","TEX","2B,3B,INF","10169","FA","25","TEX 1<br/>@SEA 3","0","1%","0%"
"*070cy*","Nico Wagner","ATL","RP","10170","FA","21","TB Wed 7:15PM","0","0%","0%"
"*051gv*","Cameron Wagoner","MIL","SP","10171","FA","25","CHC Wed 7:40PM","0","1%","0%"
"*06s3d*","Jesse Wainscott","(N/A)","RP","10172","FA","26","","0","0%","0%"
"*05mro*","Mac Wainwright","(N/A)","1B,INF","10173","FA","24","","0","0%","0%"
"*0724e*","Ryker Waite","(N/A)","SS,INF","10174","FA","20","","0","0%","0%"
"*051dv*","Cole Waites","(N/A)","RP","10175","FA","28","","0","0%","0%"
"*072eu*","Josh Wakefield","HOU","OF","10176","FA","22","@PHI Wed 6:40PM","0","0%","0%"
"*0662o*","Sebastian Walcott","TEX","SS,INF","10177","THG","20","TEX 1<br/>@SEA 3","0","57%","0%"
"*06qew*","Bo Walker","ARI","OF","10178","FA","20","@KC Wed 7:40PM","0","0%","0%"
"*06zh8*","Charlie Walker","(N/A)","RP","10179","FA","22","","0","0%","0%"
"*072hw*","Edgar Walker","PIT","OF","10180","FA","18","@CHW Wed 7:40PM","0","0%","0%"
"*06z0r*","Ethan Walker","BOS","SP","10181","FA","22","LAA Wed 6:45PM","0","0%","0%"
"*075tt*","Jack Walker","MIN","RP","10182","FA","25","MIN 2<br/>@DET 7 F","0","0%","0%"
"*06zqo*","Kyle Walker","HOU","2B,INF","10183","FA","23","@PHI Wed 6:40PM","0","0%","0%"
"*05t7v*","Jake Walkinshaw","MIA","RP","10184","FA","30","NYM Wed 6:40PM","0","0%","0%"
"*06fzj*","Cory Wall","ATL","RP","10185","FA","26","TB Wed 7:15PM","0","0%","0%"
"*078jz*","Finnegan Wall","MIN","SP","10186","FA","24","MIN 2<br/>@DET 7 F","0","0%","0%"
"*03d6z*","Forrest Wall","(N/A)","OF","10187","FA","30","","0","0%","0%"
"*072bs*","Alex Wallace","TB","SP","10188","FA","22","@ATL Wed 7:15PM","0","0%","0%"
"*05jq9*","Cayden Wallace","WSH","3B,INF","10189","FA","25","WSH 2<br/>@SD 5","0","5%","0%"
"*0512i*","Jacob Wallace","CHC","RP","10190","FA","28","@MIL Wed 7:40PM","0","0%","0%"
"*06hh3*","Landon Wallace","(N/A)","OF","10191","FA","24","","0","0%","0%"
"*05yfx*","Trenton Wallace","TOR","SP,RP","10192","FA","27","TOR 0<br/>@ATH 2 F","0","0%","0%"
"*03121*","Chad Wallach","ATH","C","10193","FA","34","TOR 0<br/>@ATH 2 F","0","0%","0%"
"*066af*","Andrew Walling","PHI","RP","10194","FA","26","HOU Wed 6:40PM","0","0%","0%"
"*0668g*","Reece Walling","(N/A)","OF","10195","FA","22","","0","0%","0%"
"*078f2*","Alex Walsh","LAD","SP","10196","FA","22","CIN Wed 10:10PM","0","0%","0%"
"*05zq3*","Jacob Walsh","WSH","1B,INF","10197","FA","23","WSH 2<br/>@SD 5","0","0%","0%"
"*04ep2*","Jake Walsh","(N/A)","RP","10198","FA","31","","0","0%","0%"
"*04p9n*","Jared Walsh","(N/A)","1B,INF","10199","FA","33","","0","0%","0%"
"*06577*","Michael Walsh","PIT","RP","10200","FA","25","@CHW Wed 7:40PM","0","0%","0%"
"*05rk4*","Brandon Walter","HOU","SP","10201","FA","30","@PHI Wed 6:40PM","0","6%","0%"
"*061a8*","Andrew Walters","CLE","RP","10202","FA","25","@BAL Wed 6:35PM","0","3%","0%"
"*06zqm*","Brian Walters","PHI","SP,RP","10203","FA","23","HOU Wed 6:40PM","0","0%","0%"
"*04ptp*","Jake Walters","(N/A)","SP","10204","FA","30","","0","0%","0%"
"*06lew*","Jean Walters","ARI","2B,INF","10205","FA","25","@KC Wed 7:40PM","0","0%","0%"
"*03qk8*","Nash Walters","(N/A)","RP","10206","FA","29","","0","0%","0%"
"*06rhp*","Yannic Walther","MIL","C","10207","FA","22","CHC Wed 7:40PM","0","0%","0%"
"*06yjd*","Aaron Walton","CLE","OF","10208","FA","22","@BAL Wed 6:35PM","0","6%","0%"
"*05u9p*","TJayy Walton","PHI","OF","10209","FA","21","HOU Wed 6:40PM","0","1%","0%"
"*06qol*","Cam Walty","CLE","SP","10210","FA","24","@BAL Wed 6:35PM","0","0%","0%"
"*06rs6*","Nian Hao Wang","(N/A)","1B,INF","10211","FA","21","","0","0%","0%"
"*05yfw*","Braiden Ward","BOS","OF","10212","FA","27","LAA Wed 6:45PM","0","4%","0%"
"*04em1*","Je'Von Ward","(N/A)","OF","10213","FA","26","","0","0%","0%"
"*078tg*","Kenneth Ward","DET","SP","10215","FA","24","MIN 2<br/>@DET 7 F","0","0%","0%"
"*078ua*","KJ Ward","(N/A)","SP,RP","10214","FA","24","","0","0%","0%"
"*06bxk*","Nick Ward","(N/A)","SS,INF","10216","FA","30","","0","0%","0%"
"*04pre*","Thaddeus Ward","(N/A)","SP,RP","10217","FA","29","","0","0%","0%"
"*06fzf*","Bryson Ware","PHI","OF","10218","FA","25","HOU Wed 6:40PM","0","0%","0%"
"*06zii*","Conner Ware","NYM","SP,RP","10219","FA","23","@MIA Wed 6:40PM","0","0%","0%"
"*04ov2*","Austin Warner","(N/A)","SP","10220","FA","32","","0","0%","0%"
"*06hnp*","Bryce Warrecker","NYY","RP","10221","FA","24","COL Wed 7:05PM","0","0%","0%"
"*03qyt*","Art Warren","(N/A)","RP","10222","FA","33","","0","0%","0%"
"*05jpw*","Zavier Warren","(N/A)","1B,2B,3B,INF,OF","10223","FA","27","","0","0%","0%"
"*06qp9*","Kevin Warunek","PHI","RP","10224","FA","23","HOU Wed 6:40PM","0","0%","0%"
"*06qjl*","Jaren Warwick","LAA","RP","10225","FA","24","@BOS Wed 6:45PM","0","0%","0%"
"*06qnl*","Jude Warwick","DET","2B,SS,INF","10226","FA","21","MIN 2<br/>@DET 7 F","0","1%","0%"
"*066fe*","Curtis Washington Jr.","SEA","OF","10227","FA","26","TEX 1<br/>@SEA 3","0","0%","0%"
"*078ii*","Malachi Washington","PIT","OF","10228","FA","18","@CHW Wed 7:40PM","0","0%","0%"
"*04evn*","Mark Washington","(N/A)","RP","10229","FA","30","","0","0%","0%"
"*06qgu*","Nayerich Waterfort","CIN","2B,INF","10230","FA","20","@LAD Wed 10:10PM","0","0%","0%"
"*04eer*","Drew Waters","KC","OF","10231","FA","27","ARI Wed 7:40PM","0","2%","0%"
"*07806*","Landon Waters","TOR","RP","10232","FA","22","TOR 0<br/>@ATH 2 F","0","0%","0%"
"*06qz9*","Aaron Watson","CIN","SP","10233","FA","19","@LAD Wed 10:10PM","0","8%","0%"
"*06dpy*","Danny Watson","NYY","RP","10234","FA","25","COL Wed 7:05PM","0","0%","0%"
"*04eqg*","Kevin Watson","(N/A)","OF","10235","FA","27","","0","0%","0%"
"*06qtm*","Matthew Watson","SD","SP","10236","FA","24","WSH 2<br/>@SD 5","0","0%","0%"
"*06qiu*","Michael Watson","STL","RP","10237","FA","24","STL 6<br/>@SF 1","0","0%","0%"
"*04pyl*","Troy Watson","SEA","SP,RP","10238","FA","29","TEX 1<br/>@SEA 3","0","0%","0%"
"*06pqe*","Will Watson","NYM","SP","10239","FA","23","@MIA Wed 6:40PM","0","3%","0%"
"*06tvn*","Bino Watters","(N/A)","OF","10240","FA","20","","0","0%","0%"
"*0647n*","Jacob Watters","TB","SP","10241","FA","25","@ATL Wed 7:15PM","0","0%","0%"
"*077n8*","Koltyn Watters","(N/A)","OF","10242","FA","17","","0","0%","0%"
"*06zbj*","Anthony Watts","STL","RP","10243","FA","22","STL 6<br/>@SF 1","0","0%","0%"
"*06zbi*","Dylan Watts","TOR","RP","10244","FA","22","TOR 0<br/>@ATH 2 F","0","0%","0%"
"*062k6*","Juaron Watts-Brown","BAL","SP","10245","FA","24","CLE Wed 6:35PM","0","4%","0%"
"*05jpb*","Sam Weatherly","COL","RP","10246","FA","27","@NYY Wed 7:05PM","0","0%","0%"
"*06h1t*","Ty Weatherly","(N/A)","SP","10247","FA","25","","0","0%","0%"
"*078u3*","Aidan Weaver","ATH","SP","10248","FA","22","TOR 0<br/>@ATH 2 F","0","0%","0%"
"*075o7*","Jacob Weaver","WSH","RP","10249","FA","23","WSH 2<br/>@SD 5","0","0%","0%"
"*05yod*","Jacob Webb","MIN","RP","10250","FA","27","MIN 2<br/>@DET 7 F","0","0%","0%"
"*0792a*","Joseph Webb","(N/A)","SP,RP","10251","FA","22","","0","0%","0%"
"*04aqj*","Nate Webb","(N/A)","SP","10252","FA","29","","0","0%","0%"
"*05u98*","Ryan Webb","CLE","SP","10253","FA","27","@BAL Wed 6:35PM","0","0%","0%"
"*04prd*","Andy Weber","CHW","2B,SS,INF","10254","FA","29","PIT Wed 7:40PM","0","0%","0%"
"*076s1*","Charlie Weber","HOU","RP","10255","FA","22","@PHI Wed 6:40PM","0","0%","0%"
"*06zim*","Wilson Weber","MIA","C","10256","FA","24","NYM Wed 6:40PM","0","0%","0%"
"*077qr*","Jacob Webster","BOS","SS,INF","10257","FA","19","LAA Wed 6:45PM","0","0%","0%"
"*0514v*","Avery Weems","(N/A)","RP","10258","FA","29","","0","0%","0%"
"*02bru*","Jordan Weems","(N/A)","RP","10259","FA","33","","0","0%","0%"
"*06s3n*","Robert Wegielnik","(N/A)","RP","10260","FA","25","","0","0%","0%"
"*06agc*","Jared Wegner","(N/A)","OF","10261","FA","27","","0","0%","0%"
"*0668f*","Tyler Wehrle","(N/A)","SP","10262","FA","26","","0","0%","0%"
"*06fv6*","Blake Wehunt","BOS","SP","10263","FA","25","LAA Wed 6:45PM","0","1%","0%"
"*03dty*","Patrick Weigel","COL","RP","10264","FA","32","@NYY Wed 7:05PM","0","0%","0%"
"*077of*","Alex Weingartner","CHW","OF","10265","FA","18","PIT Wed 7:40PM","0","0%","0%"
"*06zbh*","Ryan Weingartner","STL","SS,INF","10266","FA","22","STL 6<br/>@SF 1","0","0%","0%"
"*06f1f*","CJ Weins","DET","RP","10267","FA","26","MIN 2<br/>@DET 7 F","0","0%","0%"
"*06rw1*","Cole Weinstein","(N/A)","SS,INF","10268","FA","19","","0","0%","0%"
"*06nk7*","Cooper Weiss","(N/A)","SS,INF","10269","FA","26","","0","0%","0%"
"*02hkd*","Zack Weiss","(N/A)","RP","10270","FA","34","","0","0%","0%"
"*06pq3*","Chandler Welch","MIL","SP","10271","FA","23","CHC Wed 7:40PM","0","0%","0%"
"*072hu*","Miguel Welch","BOS","SS,INF","10272","FA","18","LAA Wed 6:45PM","0","0%","0%"
"*06zfl*","Jackson Wells","HOU","SP","10273","FA","23","@PHI Wed 6:40PM","0","0%","0%"
"*06qr0*","Kasen Wells","SD","OF","10274","FA","23","WSH 2<br/>@SD 5","0","0%","0%"
"*03ztv*","Lachlan Wells","(N/A)","SP","10275","FA","29","","0","0%","0%"
"*067xi*","Levi Wells","BAL","SP","10276","FA","24","CLE Wed 6:35PM","0","4%","0%"
"*02n4q*","J.B. Wendelken","(N/A)","RP","10277","FA","33","","0","0%","0%"
"*06f1c*","Jack Wenninger","NYM","SP","10278","Ka-Chow","24","@MIA Wed 6:40PM","0","30%","0%"
"*0790l*","Casey Wensley","LAA","OF","10279","FA","21","@BOS Wed 6:45PM","0","0%","0%"
"*06kxi*","Jackson Wentworth","TOR","SP","10280","FA","24","TOR 0<br/>@ATH 2 F","0","0%","0%"
"*06uw0*","Dalton Wentz","SF","3B,INF","10281","FA","21","STL 6<br/>@SF 1","0","0%","0%"
"*041pr*","Joey Wentz","ATL","SP,RP","10282","FA","28","TB Wed 7:15PM","0","3%","0%"
"*06heg*","Ryan Wentz","(N/A)","SP","10283","FA","24","","0","0%","0%"
"*0665v*","Lucas Wepf","LAD","RP","10284","FA","26","CIN Wed 10:10PM","0","0%","0%"
"*0778j*","Ben Wereski","CIN","SP","10285","FA","28","@LAD Wed 10:10PM","0","0%","0%"
"*06fqz*","Trevor Werner","KC","3B,INF,OF","10286","FA","26","ARI Wed 7:40PM","0","1%","0%"
"*077y7*","Andrew Wertz","ARI","RP","10287","FA","23","@KC Wed 7:40PM","0","0%","0%"
"*06z9d*","Aidan West","LAD","SS,INF","10288","FA","19","CIN Wed 10:10PM","0","6%","0%"
"*078i9*","Charlie West","LAD","SP","10289","FA","20","CIN Wed 10:10PM","0","0%","0%"
"*05u6k*","Dean West","TOR","OF","10290","FA","22","TOR 0<br/>@ATH 2 F","0","0%","0%"
"*051aj*","Derek West","(N/A)","SP,RP","10291","FA","29","","0","0%","0%"
"*06zbl*","Jaxson West","TOR","C","10292","FA","23","TOR 0<br/>@ATH 2 F","0","0%","0%"
"*06qn7*","John West","ARI","SP","10293","FA","24","@KC Wed 7:40PM","0","0%","0%"
"*06yw7*","Justin West","NYY","RP","10294","FA","22","COL Wed 7:05PM","0","0%","0%"
"*06yw1*","Kyle West","NYY","1B,INF","10295","FA","23","COL Wed 7:05PM","0","0%","0%"
"*078tf*","Tyler West","DET","OF","10296","FA","20","MIN 2<br/>@DET 7 F","0","0%","0%"
"*0345w*","Jamie Westbrook","(N/A)","2B,INF","10297","FA","31","","0","0%","0%"
"*05gsc*","Jordan Westburg","BAL","2B,3B,INF","10298","FA","27","CLE Wed 6:35PM","0","51%","0%"
"*06zh7*","Conner Westenburg","SD","OF","10299","FA","23","WSH 2<br/>@SD 5","0","0%","0%"
"*078xk*","Brannon Westmoreland","ARI","SP","10300","FA","21","@KC Wed 7:40PM","0","0%","0%"
"*07303*","Grant Westphal","(N/A)","OF","10301","FA","17","","0","0%","0%"
"*06r0n*","Luke Westphal","(N/A)","SP","10302","FA","37","","0","0%","0%"
"*06zli*","Cale Wetwiska","DET","SP","10303","FA","22","MIN 2<br/>@DET 7 F","0","1%","0%"
"*05ymd*","Jacob Wetzel","(N/A)","OF","10304","FA","26","","0","0%","0%"
"*072bl*","Nick Weyrich","CHW","RP","10305","FA","23","PIT Wed 7:40PM","0","0%","0%"
"*041xc*","Brady Whalen","(N/A)","1B,3B,INF","10306","FA","28","","0","0%","0%"
"*078kw*","Drew Whalen","SEA","RP","10307","FA","21","TEX 1<br/>@SEA 3","0","0%","0%"
"*066jl*","JP Wheat","CHC","SP","10308","FA","24","@MIL Wed 7:40PM","0","0%","0%"
"*06rsj*","Ethan Wheeler","(N/A)","SP","10309","FA","19","","0","0%","0%"
"*06zgw*","Jack Wheeler","TEX","3B,INF","10310","FA","20","TEX 1<br/>@SEA 3","0","1%","0%"
"*078jw*","Will Whelan","TEX","RP","10311","FA","21","TEX 1<br/>@SEA 3","0","0%","0%"
"*06oop*","Braylon Whitaker","BAL","OF","10312","FA","20","CLE Wed 6:35PM","0","0%","0%"
"*06ooo*","Logan Whitaker","MIA","RP","10313","FA","26","NYM Wed 6:40PM","0","0%","0%"
"*05t9o*","Tyler Whitaker","HOU","OF","10314","FA","24","@PHI Wed 6:40PM","0","1%","0%"
"*06ajt*","Brandon White","MIA","SP,RP","10315","FA","26","NYM Wed 6:40PM","0","1%","0%"
"*066p9*","Brendan White","(N/A)","RP","10316","FA","27","","0","0%","0%"
"*0514q*","Colby White","(N/A)","RP","10317","FA","28","","0","0%","0%"
"*062k2*","Hudson White","BOS","C","10318","FA","24","LAA Wed 6:45PM","0","0%","0%"
"*06tll*","Jack White","SEA","RP","10319","FA","26","TEX 1<br/>@SEA 3","0","0%","0%"
"*078ze*","KJ White","ATH","SS,INF","10320","FA","21","TOR 0<br/>@ATH 2 F","0","0%","0%"
"*05t9m*","Lonnie White","PIT","OF","10321","FA","23","@CHW Wed 7:40PM","0","5%","0%"
"*06k4v*","Mason White","BOS","SS,INF","10322","FA","22","LAA Wed 6:45PM","0","1%","0%"
"*041qa*","Mitch White","(N/A)","SP","10323","FA","31","","0","0%","0%"
"*04pms*","Owen White","(N/A)","RP","10324","FA","27","","0","1%","0%"
"*06yw2*","Sam White","TOR","2B,INF","10325","FA","22","TOR 0<br/>@ATH 2 F","0","0%","0%"
"*05xon*","T.J. White","WSH","OF","10326","FA","23","WSH 2<br/>@SD 5","0","1%","0%"
"*05tp6*","Thomas White","MIA","SP","10327","THG","21","NYM Wed 6:40PM","0","59%","0%"
"*06hq6*","Sam Whiting","SEA","SP,RP","10328","FA","25","TEX 1<br/>@SEA 3","0","0%","0%"
"*041m3*","Forrest Whitley","(N/A)","RP","10329","FA","28","","0","2%","0%"
"*059zn*","Kodi Whitley","TB","RP","10330","FA","31","@ATL Wed 7:15PM","0","0%","0%"
"*078zd*","James Whitman","ATH","1B,INF","10331","FA","22","TOR 0<br/>@ATH 2 F","0","0%","0%"
"*06c1l*","Joe Whitman","SF","SP","10332","FA","24","STL 6<br/>@SF 1","0","6%","0%"
"*04q6i*","Blake Whitney","(N/A)","SP,RP","10333","FA","30","","0","0%","0%"
"*06mng*","Dax Whitney","(N/A)","SP","10334","FA","20","","0","2%","0%"
"*06qrl*","Conner Whittaker","CLE","RP","10335","FA","23","@BAL Wed 6:35PM","0","0%","0%"
"*06pey*","Kyle Whitten","(N/A)","RP","10336","FA","27","","0","0%","0%"
"*06qyp*","Jarret Whorff","ATL","RP","10337","FA","27","TB Wed 7:15PM","0","0%","0%"
"*06mvs*","Joshua Whritenour","(N/A)","SP","10338","FA","20","","0","0%","0%"
"*06huh*","Brett Wichrowski","MIL","SP","10339","FA","24","CHC Wed 7:40PM","0","5%","0%"
"*02hq8*","Rowan Wick","SF","RP","10340","FA","33","STL 6<br/>@SF 1","0","0%","0%"
"*078fd*","Camden Wicker","BAL","SP","10341","FA","21","CLE Wed 6:35PM","0","0%","0%"
"*078sb*","Banks Wickersham","KC","C","10342","FA","18","ARI Wed 7:40PM","0","0%","0%"
"*05u97*","Patrick Wicklander","(N/A)","RP","10343","FA","26","","0","0%","0%"
"*06v5z*","Ryan Wideman","SD","OF","10344","FA","22","WSH 2<br/>@SD 5","0","9%","0%"
"*06dsd*","Jacob Widener","(N/A)","RP","10345","FA","25","","0","0%","0%"
"*041x6*","Taylor Widener","(N/A)","SP,RP","10346","FA","31","","0","0%","0%"
"*06qvy*","C.J. Widger","(N/A)","RP","10347","FA","27","","0","0%","0%"
"*04q12*","Michael Wielansky","(N/A)","2B,3B,INF","10348","FA","29","","0","0%","0%"
"*06pqf*","Connor Wietgrefe","PIT","SP","10349","FA","24","@CHW Wed 7:40PM","0","1%","0%"
"*06ig9*","Andrew Wiggins","(N/A)","OF","10350","FA","21","","0","0%","0%"
"*06if9*","Carson Wiggins","NYM","SP","10351","FA","21","@MIA Wed 6:40PM","0","1%","0%"
"*05u2p*","Jaxon Wiggins","CHC","SP","10352","FA","24","@MIL Wed 7:40PM","0","42%","0%"
"*06fqq*","Owen Wild","TB","SP","10353","FA","24","@ATL Wed 7:15PM","0","2%","0%"
"*02mwt*","Collin Wiles","(N/A)","SP","10354","FA","32","","0","0%","0%"
"*05166*","Nathan Wiles","(N/A)","RP","10355","FA","28","","0","0%","0%"
"*076n1*","Connor Wilford","SEA","SP","10356","FA","25","TEX 1<br/>@SEA 3","0","0%","0%"
"*05ubi*","Brock Wilken","MIL","3B,INF","10357","FA","24","CHC Wed 7:40PM","0","21%","0%"
"*03see*","Aaron Wilkerson","(N/A)","SP","10358","FA","37","","0","0%","0%"
"*06qp4*","Holden Wilkerson","TOR","SP","10359","FA","23","TOR 0<br/>@ATH 2 F","0","0%","0%"
"*06fu4*","Danny Wilkinson","(N/A)","RP","10360","FA","25","","0","0%","0%"
"*04eqx*","Zach Willeman","(N/A)","SP","10361","FA","30","","0","0%","0%"
"*05y3x*","Creed Willems","BAL","C,1B,INF","10362","FA","23","CLE Wed 6:35PM","0","3%","0%"
"*06ujr*","Trace Willhoite","NYM","1B,INF","10363","FA","25","@MIA Wed 6:40PM","0","0%","0%"
"*06uhg*","Junior William","TB","RP","10364","FA","26","@ATL Wed 7:15PM","0","0%","0%"
"*078qy*","Dimitri Williams Jr","COL","OF","10365","FA","18","@NYY Wed 7:05PM","0","0%","0%"
"*066ex*","Chris Williams Jr.","(N/A)","RP","10366","FA","26","","0","0%","0%"
"*06489*","Alex Williams","MIA","SP,RP","10367","FA","26","NYM Wed 6:40PM","0","0%","0%"
"*05yhq*","Cam Williams","(N/A)","3B,INF","10368","FA","28","","0","0%","0%"
"*05mrn*","Case Williams","COL","SP","10369","FA","24","@NYY Wed 7:05PM","0","0%","0%"
"*04pt3*","Chris Williams","(N/A)","C","10370","FA","29","","0","0%","0%"
"*06yq5*","Dixon Williams","ATL","2B,INF","10371","FA","22","TB Wed 7:15PM","0","3%","0%"
"*05xof*","Donta' Williams","(N/A)","OF","10372","FA","27","","0","0%","0%"
"*05xsp*","Henry Williams","KC","SP","10373","FA","24","ARI Wed 7:40PM","0","1%","0%"
"*07928*","Isaac Williams","TOR","RP","10374","FA","22","TOR 0<br/>@ATH 2 F","0","0%","0%"
"*078vu*","Javar Williams","ATH","OF","10375","FA","22","TOR 0<br/>@ATH 2 F","0","0%","0%"
"*06gik*","Jeron Williams","HOU","SS,INF","10376","FA","25","@PHI Wed 6:40PM","0","0%","0%"
"*060la*","Jett Williams","MIL","2B,SS,INF,OF","10377","2xChamp","22","CHC Wed 7:40PM","0","49%","0%"
"*06zfk*","Jordan Williams","WSH","OF","10378","FA","26","WSH 2<br/>@SD 5","0","0%","0%"
"*05122*","Kendall Williams","(N/A)","SP","10379","FA","26","","0","0%","0%"
"*0791s*","Kory Williams","SF","SP","10380","FA","22","STL 6<br/>@SF 1","0","0%","0%"
"*078u6*","Lance Williams","CHC","SP,RP","10381","FA","21","@MIL Wed 7:40PM","0","0%","0%"
"*075xt*","Luke Williams","WSH","SS,INF","10382","FA","18","WSH 2<br/>@SD 5","0","0%","0%"
"*06rom*","Max Williams","MIA","OF","10383","FA","22","NYM Wed 6:40PM","0","2%","0%"
"*070ed*","Nate Williams","CHC","RP","10384","FA","24","@MIL Wed 7:40PM","0","0%","0%"
"*078ja*","Nick Williams","WSH","1B,INF,OF","10385","FA","23","WSH 2<br/>@SD 5","0","0%","0%"
"*066ax*","Noah Williams","(N/A)","OF","10386","FA","22","","0","0%","0%"
"*064i9*","Peyton Williams","TOR","1B,INF","10387","FA","25","TOR 0<br/>@ATH 2 F","0","1%","0%"
"*03742*","Taylor Williams","(N/A)","RP","10388","FA","35","","0","0%","0%"
"*06uwz*","Andrew Williamson","STL","OF","10389","FA","21","STL 6<br/>@SF 1","0","0%","0%"
"*06c89*","Guillermo Williamson","(N/A)","1B,INF","10390","FA","22","","0","0%","0%"
"*06zil*","Jadon Williamson","(N/A)","RP","10391","FA","24","","0","0%","0%"
"*076rt*","Franco Willias","SF","OF","10392","FA","21","STL 6<br/>@SF 1","0","0%","0%"
"*07789*","Trey Williford","(N/A)","SP","10393","FA","19","","0","0%","0%"
"*051d7*","Amos Willingham","MIA","RP","10394","FA","28","NYM Wed 6:40PM","0","0%","0%"
"*05yh5*","Coleman Willis","(N/A)","SP","10395","FA","23","","0","0%","0%"
"*06zhb*","Dawson Willis","SD","3B,INF","10396","FA","22","WSH 2<br/>@SD 5","0","0%","0%"
"*04eql*","Marlin Willis","(N/A)","RP","10397","FA","28","","0","0%","0%"
"*066f3*","Bryce Willits","(N/A)","3B,INF","10398","FA","27","","0","0%","0%"
"*06n8y*","Eli Willits","WSH","SS,INF","10399","THG","18","WSH 2<br/>@SD 5","0","53%","0%"
"*077en*","Jaxon Willits","LAA","SS,INF","10400","FA","21","@BOS Wed 6:45PM","0","0%","0%"
"*076it*","Ben Wilmes","COL","2B,INF","10401","FA","23","@NYY Wed 7:05PM","0","0%","0%"
"*06qn9*","A.J. Wilson","(N/A)","RP","10402","FA","25","","0","0%","0%"
"*0763p*","Bradley Wilson","TOR","RP","10403","FA","26","TOR 0<br/>@ATH 2 F","0","0%","0%"
"*04pxa*","Cody Wilson","(N/A)","OF","10404","FA","30","","0","0%","0%"
"*06ekb*","Dylan Wilson","SEA","SP","10405","FA","20","TEX 1<br/>@SEA 3","0","0%","0%"
"*051c1*","Eli Wilson","(N/A)","C","10406","FA","28","","0","0%","0%"
"*05ogp*","Ethan Wilson","(N/A)","OF","10407","FA","26","","0","0%","0%"
"*025ko*","Justin Wilson","(N/A)","RP","10408","FA","39","","0","0%","0%"
"*06zik*","Kaiden Wilson","MIA","RP","10409","FA","22","NYM Wed 6:40PM","0","0%","0%"
"*072yt*","Noah Wilson","(N/A)","OF","10410","FA","19","","0","0%","0%"
"*067yk*","Paul Wilson","DET","SP","10411","FA","21","MIN 2<br/>@DET 7 F","0","1%","0%"
"*05uoi*","Peyton Wilson","KC","2B,INF","10412","FA","26","ARI Wed 7:40PM","0","1%","0%"
"*06gii*","Ryan Wilson","(N/A)","OF","10413","FA","24","","0","0%","0%"
"*06yuw*","Sebastian Wilson","(N/A)","OF","10414","FA","17","","0","0%","0%"
"*04psv*","Steven Wilson","TB","RP","10415","FA","32","@ATL Wed 7:15PM","0","1%","0%"
"*06r5u*","Tejahari Wilson","(N/A)","RP","10416","FA","19","","0","0%","0%"
"*06qkx*","Tyler Wilson","NYY","1B,INF,OF","10417","FA","24","COL Wed 7:05PM","0","0%","0%"
"*078rs*","Camden Wimbish","LAD","RP","10418","FA","22","CIN Wed 10:10PM","0","0%","0%"
"*06fqe*","Braylen Wimmer","COL","2B,3B,INF,OF","10419","FA","25","@NYY Wed 7:05PM","0","1%","0%"
"*06gjr*","John Wimmer","LAA","SS,INF","10420","FA","21","@BOS Wed 6:45PM","0","0%","0%"
"*072bk*","Joey Wimpelberg","DET","SP","10421","FA","21","MIN 2<br/>@DET 7 F","0","0%","0%"
"*04pzz*","Allan Winans","(N/A)","RP","10422","FA","31","","0","0%","0%"
"*041ze*","Josh Winckowski","TOR","RP","10423","FA","28","TOR 0<br/>@ATH 2 F","0","1%","0%"
"*04psd*","Josh Winder","PHI","SP,RP","10424","FA","29","HOU Wed 6:40PM","0","0%","0%"
"*066cd*","Hogan Windish","(N/A)","1B,INF","10425","FA","27","","0","0%","0%"
"*06mpi*","Easton Winfield","(N/A)","OF","10426","FA","21","","0","0%","0%"
"*06yqa*","Kaleb Wing","CHC","SP","10427","FA","19","@MIL Wed 7:40PM","0","5%","0%"
"*03qtp*","Trey Wingenter","(N/A)","RP","10428","FA","32","","0","0%","0%"
"*05h9p*","Rixon Wingrove","(N/A)","1B,INF","10429","FA","26","","0","0%","0%"
"*05xy2*","Patrick Winkel","TOR","C","10430","FA","26","TOR 0<br/>@ATH 2 F","0","0%","0%"
"*02mwg*","Jesse Winker","(N/A)","UT","10431","FA","33","","0","1%","0%"
"*06k8a*","Clay Winklaar","(N/A)","OF","10432","FA","19","","0","0%","0%"
"*05yhw*","Jack Winkler","ATH","2B,INF","10433","FA","27","TOR 0<br/>@ATH 2 F","0","0%","0%"
"*06z0q*","Jack Winnay","BOS","3B,INF","10434","FA","23","LAA Wed 6:45PM","0","1%","0%"
"*06dnc*","Brandon Winokur","MIN","3B,SS,INF,OF","10435","FA","21","MIN 2<br/>@DET 7 F","0","10%","0%"
"*078n3*","Macon Winslow","PHI","C","10436","FA","21","HOU Wed 6:40PM","0","0%","0%"
"*072i4*","Michael Winter","(N/A)","SP","10437","FA","19","","0","0%","0%"
"*051br*","Brett Wisely","ATL","2B,INF","10438","FA","27","TB Wed 7:15PM","0","1%","0%"
"*06yw3*","Reece Wissinger","TOR","SP","10439","FA","25","TOR 0<br/>@ATH 2 F","0","0%","0%"
"*06qi7*","Nick Wissman","(N/A)","RP","10440","FA","25","","0","0%","0%"
"*06ms5*","Kyson Witherspoon","BAL","SP","10441","FA","22","CLE Wed 6:35PM","0","41%","0%"
"*06yjc*","Malachi Witherspoon","DET","SP","10442","FA","22","MIN 2<br/>@DET 7 F","0","5%","0%"
"*06s32*","Paul Witt","(N/A)","2B,INF","10443","FA","28","","0","0%","0%"
"*05jsb*","Tanner Witt","NYM","RP","10444","FA","24","@MIA Wed 6:40PM","0","0%","0%"
"*0642n*","Tyler Woessner","(N/A)","SP,RP","10445","FA","26","","0","0%","0%"
"*05jpp*","Nate Wohlgemuth","(N/A)","RP","10446","FA","25","","0","0%","0%"
"*04pqv*","Adam Wolf","(N/A)","RP","10447","FA","29","","0","0%","0%"
"*05xpr*","Jackson Wolf","DET","SP","10448","FA","27","MIN 2<br/>@DET 7 F","0","1%","0%"
"*05123*","Josh Wolf","(N/A)","SP,RP","10449","FA","26","","0","0%","0%"
"*05u2o*","George Wolkow","CHW","OF","10450","FA","20","PIT Wed 7:40PM","0","8%","0%"
"*06c1k*","Blake Wolters","KC","SP","10451","FA","21","ARI Wed 7:40PM","0","4%","0%"
"*06b79*","Alsander Womack","(N/A)","2B,INF","10452","FA","27","","0","0%","0%"
"*06rr3*","Tae In Won","(N/A)","SP","10453","FA","26","","0","0%","0%"
"*06c1p*","Williams Wong","(N/A)","2B,INF","10454","FA","20","","0","0%","0%"
"*06ujt*","Gage Wood","PHI","SP","10455","FA","22","HOU Wed 6:40PM","0","41%","0%"
"*06482*","Matt Wood","MIL","C","10456","FA","25","CHC Wed 7:40PM","0","1%","0%"
"*06v67*","Zeke Wood","STL","RP","10457","FA","26","STL 6<br/>@SF 1","0","0%","0%"
"*067z7*","Jaden Woods","CHW","RP","10458","FA","24","PIT Wed 7:40PM","0","0%","0%"
"*0664s*","Jordan Woods","KC","SP,RP","10459","FA","22","ARI Wed 7:40PM","0","1%","0%"
"*06yn3*","Kade Woods","ATL","RP","10460","FA","24","TB Wed 7:15PM","0","0%","0%"
"*06f0n*","Jason Woodward","MIL","SP","10461","FA","24","CHC Wed 7:40PM","0","0%","0%"
"*06qrk*","Owen Woodward","NYM","RP","10462","FA","24","@MIA Wed 6:40PM","0","0%","0%"
"*070cc*","Jay Woolfolk","ATL","SP","10463","FA","23","TB Wed 7:15PM","0","0%","0%"
"*06rrd*","Young Woong Kim","(N/A)","3B,INF","10464","FA","23","","0","4%","0%"
"*06zha*","Caden Wooster","NYM","RP","10465","FA","22","@MIA Wed 6:40PM","0","0%","0%"
"*05ri9*","Ethan Workinger","(N/A)","OF","10466","FA","24","","0","0%","0%"
"*05y3y*","Logan Workman","TB","SP","10467","FA","27","@ATL Wed 7:15PM","0","1%","0%"
"*06gie*","Christian Worley","STL","RP","10468","FA","24","STL 6<br/>@SF 1","0","0%","0%"
"*078h3*","Micah Worley","ARI","SP","10469","FA","23","@KC Wed 7:40PM","0","0%","0%"
"*0701r*","Reid Worley","SF","SP","10470","FA","20","STL 6<br/>@SF 1","0","1%","0%"
"*0761d*","Jeter Worthley","(N/A)","C","10471","FA","0","","0","0%","0%"
"*06u7c*","Jacob Wosinski","(N/A)","RP","10472","FA","27","","0","0%","0%"
"*078fg*","Andrew Wright","SD","RP","10473","FA","21","WSH 2<br/>@SD 5","0","0%","0%"
"*066en*","Blake Wright","COL","2B,3B,INF","10474","FA","24","@NYY Wed 7:05PM","0","1%","0%"
"*0518y*","Chris Wright","(N/A)","RP","10475","FA","27","","0","0%","0%"
"*0703a*","Daniel Wright","CHW","RP","10476","FA","24","PIT Wed 7:40PM","0","0%","0%"
"*06hni*","Garrett Wright","CHW","RP","10477","FA","24","PIT Wed 7:40PM","0","0%","0%"
"*06v65*","Garrett Wright","LAA","C","10478","FA","21","@BOS Wed 6:45PM","0","0%","0%"
"*06oo5*","Jakob Wright","LAD","SP","10479","FA","23","CIN Wed 10:10PM","0","1%","0%"
"*05ijv*","Joshwan Wright","(N/A)","2B,INF","10480","FA","25","","0","0%","0%"
"*04aed*","Kyle Wright","(N/A)","SP","10481","FA","30","","0","2%","0%"
"*066g0*","Ryan Wrobleski","(N/A)","C","10482","FA","26","","0","0%","0%"
"*05mri*","Jeremy Wu-Yelland","BOS","RP","10483","FA","27","LAA Wed 6:45PM","0","0%","0%"
"*06dqf*","Hiro Wyatt","KC","SP","10484","FA","22","ARI Wed 7:40PM","0","2%","0%"
"*078fe*","Drew Wyers","HOU","SS,INF","10485","FA","23","@PHI Wed 6:40PM","0","0%","0%"
"*0669z*","Hayden Wynja","SF","SP","10486","FA","27","STL 6<br/>@SF 1","0","0%","0%"
"*06zra*","Blaine Wynk","CHW","SP","10487","FA","22","PIT Wed 7:40PM","0","0%","0%"
"*078ky*","Ryan Wynn","SEA","SS,INF","10488","FA","21","TEX 1<br/>@SEA 3","0","0%","0%"
"*067xq*","Cam Wynne","(N/A)","RP","10489","FA","27","","0","0%","0%"
"*058py*","Randy Wynne","(N/A)","RP","10490","FA","33","","0","0%","0%"
"*06c3h*","Kai Wynyard","TEX","RP","10491","FA","24","TEX 1<br/>@SEA 3","0","0%","0%"
"*05g3z*","Joseph Yabbour","(N/A)","RP","10492","FA","23","","0","0%","0%"
"*04qp0*","Miguel Yajure","(N/A)","RP","10493","FA","28","","0","0%","0%"
"*06uw1*","Sean Yamaguchi","(N/A)","3B,INF","10494","FA","21","","0","0%","0%"
"*06tab*","Iori Yamasaki","(N/A)","SP","10495","FA","27","","0","0%","0%"
"*06bdc*","Shunpeita Yamashita","(N/A)","SP","10496","FA","24","","0","3%","0%"
"*06hj2*","Casey Yamauchi","ATH","2B,INF","10497","FA","26","TOR 0<br/>@ATH 2 F","0","0%","0%"
"*066sv*","Ricardo Yan","ARI","RP","10498","FA","23","@KC Wed 7:40PM","0","1%","0%"
"*060wd*","Luis Yanel Diaz","(N/A)","SS,INF","10499","FA","27","","0","0%","0%"
"*07763*","Santiago Yanes","BOS","C","10500","FA","17","LAA Wed 6:45PM","0","0%","0%"
"*06av6*","Gabriel Yanez","(N/A)","RP","10501","FA","27","","0","0%","0%"
"*076hj*","Ismael Yanez","MIL","RP","10502","FA","20","CHC Wed 7:40PM","0","0%","0%"
"*0515n*","Eric Yang","(N/A)","C,RP","10503","FA","28","","0","0%","0%"
"*06r5p*","Nien-Hsi Yang","SF","SP,RP","10504","FA","20","STL 6<br/>@SF 1","0","0%","0%"
"*06qos*","Evan Yates","BAL","SP,RP","10505","FA","23","CLE Wed 6:35PM","0","1%","0%"
"*06hv7*","Chay Yeager","TOR","RP","10506","FA","23","TOR 0<br/>@ATH 2 F","0","0%","0%"
"*077oc*","Isaac Yeager","CHW","RP","10507","FA","22","PIT Wed 7:40PM","0","0%","0%"
"*067wu*","Justin Yeager","TB","RP","10508","FA","28","@ATL Wed 7:15PM","0","0%","0%"
"*06bt0*","R.J. Yeager","(N/A)","1B,INF","10509","FA","27","","0","0%","0%"
"*06y9t*","Colin Yeaman","BAL","3B,INF","10510","FA","22","CLE Wed 6:35PM","0","1%","0%"
"*06r9p*","Ariel Yean","(N/A)","RP","10511","FA","20","","0","0%","0%"
"*066l6*","Reynaldo Yean","LAD","RP","10512","FA","22","CIN Wed 10:10PM","0","1%","0%"
"*078ir*","Maxx Yehl","KC","SP","10513","FA","22","ARI Wed 7:40PM","0","0%","0%"
"*03ner*","Juan Yepez","(N/A)","OF","10514","FA","28","","0","1%","0%"
"*041q5*","Andy Yerzy","STL","C","10515","FA","28","STL 6<br/>@SF 1","0","0%","0%"
"*06rr7*","Seung Yeup Na","(N/A)","1B,INF","10516","FA","24","","0","0%","0%"
"*06c7l*","Nelfy Ynfante","STL","SP,RP","10517","FA","21","STL 6<br/>@SF 1","0","0%","0%"
"*03gl9*","Huascar Ynoa","LAA","SP","10518","FA","28","@BOS Wed 6:45PM","0","0%","0%"
"*0765w*","Noah Yoder","(N/A)","RP","10519","FA","19","","0","0%","0%"
"*06mq0*","Seiya Yokoyama","(N/A)","3B,SS,INF","10520","FA","20","","0","0%","0%"
"*06rr2*","Dong Hee Yoon","(N/A)","OF","10521","FA","22","","0","0%","0%"
"*06rs7*","Jeong Bin Yoon","(N/A)","OF","10522","FA","27","","0","0%","0%"
"*06dqs*","Zach Yorke","(N/A)","1B,INF","10523","FA","22","","0","0%","0%"
"*075s1*","Derek Yormack","(N/A)","SP","10524","FA","17","","0","0%","0%"
"*06hom*","Eric Yost","SD","SP","10525","FA","23","WSH 2<br/>@SD 5","0","0%","0%"
"*078gz*","Hayden Yost","SEA","OF","10526","FA","21","TEX 1<br/>@SEA 3","0","0%","0%"
"*06y4f*","Jordan Yost","DET","SS,INF","10527","FA","19","MIN 2<br/>@DET 7 F","0","8%","0%"
"*03aad*","Alex Young","WSH","RP","10528","FA","33","WSH 2<br/>@SD 5","0","0%","0%"
"*05u2n*","Carter Young","BAL","3B,SS,INF","10529","FA","25","CLE Wed 6:35PM","0","0%","0%"
"*046y2*","Chavez Young","(N/A)","OF","10530","FA","29","","0","0%","0%"
"*0425f*","Christian Young","(N/A)","SP,RP","10531","FA","30","","0","0%","0%"
"*06zbk*","Ethan Young","STL","RP","10532","FA","22","STL 6<br/>@SF 1","0","0%","0%"
"*06qu0*","Jack Young","CHW","RP","10533","FA","24","PIT Wed 7:40PM","0","0%","0%"
"*065nw*","Luke Young","WSH","RP","10534","FA","24","WSH 2<br/>@SD 5","0","0%","0%"
"*05yat*","Quentin Young","MIN","SS,INF","10535","FA","19","MIN 2<br/>@DET 7 F","0","10%","0%"
"*065nt*","Taylor Young","LAD","2B,3B,INF","10536","FA","28","CIN Wed 10:10PM","0","0%","0%"
"*05yny*","Wyatt Young","NYM","2B,INF","10537","FA","26","@MIA Wed 6:40PM","0","0%","0%"
"*06quo*","Trent Youngblood","ARI","OF","10538","FA","25","@KC Wed 7:40PM","0","0%","0%"
"*06yq8*","Sean Youngerman","PHI","SP,RP","10539","FA","22","HOU Wed 6:40PM","0","1%","0%"
"*06zov*","Zuher Yousuf","PHI","SP","10540","FA","20","HOU Wed 6:40PM","0","0%","0%"
"*05y7g*","Kenyon Yovan","LAA","RP","10541","FA","28","@BOS Wed 6:45PM","0","0%","0%"
"*06r1o*","Rene Yrish","PHI","RP","10542","FA","19","HOU Wed 6:40PM","0","0%","0%"
"*06bsg*","Fabian Ysalla","CHW","SP","10543","FA","21","PIT Wed 7:40PM","0","0%","0%"
"*06all*","Kun Yu Chiang","(N/A)","SS,INF","10544","FA","26","","0","0%","0%"
"*05umy*","Tyrone Yulie","(N/A)","RP","10545","FA","25","","0","0%","0%"
"*064r5*","Natanael Yuten","BOS","OF","10546","FA","21","LAA Wed 6:45PM","0","0%","0%"
"*04akh*","Aneurys Zabala","(N/A)","SP","10547","FA","29","","0","0%","0%"
"*05jpv*","Mario Zabala","SD","RP","10548","FA","24","WSH 2<br/>@SD 5","0","0%","0%"
"*06mv5*","Franco Zabaleta","ATH","SP","10549","FA","19","TOR 0<br/>@ATH 2 F","0","0%","0%"
"*06rwr*","Ryland Zaborowski","LAA","1B,INF","10550","FA","24","@BOS Wed 6:45PM","0","0%","0%"
"*06c3a*","Alison Zacarias","COL","SP","10551","FA","20","@NYY Wed 7:05PM","0","0%","0%"
"*06qln*","Cole Zaffiro","(N/A)","RP","10552","FA","24","","0","0%","0%"
"*06sbi*","Carlos Zambrano","(N/A)","RP","10553","FA","21","","0","0%","0%"
"*06mmm*","Diorland Zambrano","CIN","1B,SS,INF","10554","FA","19","@LAD Wed 10:10PM","0","0%","0%"
"*05keh*","Freddy Zamora","MIL","SS,INF","10555","FA","27","CHC Wed 7:40PM","0","1%","0%"
"*06661*","Josh Zamora","(N/A)","3B,INF","10556","FA","27","","0","0%","0%"
"*067xn*","Nazzan Zanetello","BOS","2B,SS,INF","10557","FA","21","LAA Wed 6:45PM","0","2%","0%"
"*06ul9*","Daury Zapata","(N/A)","RP","10558","FA","23","","0","0%","0%"
"*06umg*","Deyer Zapata","ARI","RP","10559","FA","22","@KC Wed 7:40PM","0","0%","0%"
"*060ov*","Genderson Zapata","(N/A)","SP","10560","FA","22","","0","0%","0%"
"*066mt*","Gian Zapata","ARI","OF","10561","FA","20","@KC Wed 7:40PM","0","1%","0%"
"*06qxn*","Juan Zapata","(N/A)","SP","10562","FA","27","","0","0%","0%"
"*06s3m*","Julio Zapata","(N/A)","RP","10563","FA","23","","0","0%","0%"
"*06rwd*","Kelvin Zapata","BAL","SP","10564","FA","18","CLE Wed 6:35PM","0","0%","0%"
"*066p3*","Alfredo Zarraga","TB","RP","10565","FA","25","@ATL Wed 7:15PM","0","0%","0%"
"*0310m*","Rob Zastryzny","MIL","RP","10566","FA","34","CHC Wed 7:40PM","0","1%","0%"
"*05toy*","Aaron Zavala","TEX","OF","10567","FA","26","TEX 1<br/>@SEA 3","0","2%","0%"
"*05rdr*","Samuel Zavala","CHW","OF","10568","FA","22","PIT Wed 7:40PM","0","6%","0%"
"*03qqd*","Seby Zavala","DET","C","10569","FA","33","MIN 2<br/>@DET 7 F","0","0%","0%"
"*0744z*","Bradley Zayac","(N/A)","SP","10570","FA","20","","0","0%","0%"
"*05u9i*","Bryant Zayas","(N/A)","SS,INF","10571","FA","22","","0","0%","0%"
"*06c3s*","Julio Zayas","NYM","C","10572","FA","20","@MIA Wed 6:40PM","0","0%","0%"
"*076ru*","Saivel Zayas","TEX","OF","10573","FA","18","TEX 1<br/>@SEA 3","0","0%","0%"
"*06207*","Christian Zazueta","LAD","SP","10574","FA","21","CIN Wed 10:10PM","0","33%","0%"
"*060qi*","Adam Zebrowski","ATL","C","10575","FA","25","TB Wed 7:15PM","0","0%","0%"
"*06mpq*","Nico Zeglin","HOU","RP","10576","FA","26","@PHI Wed 6:40PM","0","0%","0%"
"*06zfj*","Draven Zeigler","PIT","RP","10577","FA","25","@CHW Wed 7:40PM","0","0%","0%"
"*077ne*","Ben Zeigler-Namoa","ATL","1B,INF","10578","FA","23","TB Wed 7:15PM","0","0%","0%"
"*073t8*","Brian Zeldin","MIN","RP","10579","FA","26","MIN 2<br/>@DET 7 F","0","0%","0%"
"*06clo*","Jose Zerpa","SEA","RP","10580","FA","21","TEX 1<br/>@SEA 3","0","0%","0%"
"*041m5*","T.J. Zeuch","(N/A)","RP","10581","FA","31","","0","0%","0%"
"*06c7j*","Alan Zhang Carter","(N/A)","RP","10582","FA","28","","0","0%","0%"
"*0737x*","Mingxuan Zhang","PIT","SP","10583","FA","19","@CHW Wed 7:40PM","0","0%","0%"
"*05zdc*","Chen Zhong-Ao Zhuang","ATH","SP","10584","FA","26","TOR 0<br/>@ATH 2 F","0","2%","0%"
"*0647p*","Jacob Zibin","CLE","SP","10585","FA","21","@BAL Wed 6:35PM","0","1%","0%"
"*05uny*","Calvin Ziegler","NYM","SP","10586","FA","23","@MIA Wed 6:40PM","0","2%","0%"
"*066iu*","Gage Ziehl","BOS","SP","10587","FA","23","LAA Wed 6:45PM","0","4%","0%"
"*06c8y*","Eli Zielinski","(N/A)","SP","10588","FA","23","","0","0%","0%"
"*06qu3*","Zane Zielinski","SF","SS,INF","10589","FA","25","STL 6<br/>@SF 1","0","0%","0%"
"*06ilg*","Charlie Zink","BOS","RP","10590","FA","20","LAA Wed 6:45PM","0","0%","0%"
"*06hv9*","Keegan Zinn","CLE","SP,RP","10591","FA","21","@BAL Wed 6:35PM","0","0%","0%"
"*078qv*","Ezekiel Zion","SD","OF","10592","FA","18","WSH 2<br/>@SD 5","0","0%","0%"
"*06hq9*","Jake Zitella","(N/A)","3B,INF","10593","FA","21","","0","0%","0%"
"*06488*","Steven Zobac","KC","SP","10594","FA","25","ARI Wed 7:40PM","0","2%","0%"
"*06pw2*","Donovan Zsak","CLE","RP","10595","FA","23","@BAL Wed 6:35PM","0","0%","0%"
"*06rk0*","Jhosmmel Zue","KC","C","10596","FA","22","ARI Wed 7:40PM","0","0%","0%"
"*06k84*","Earle Zulueta","STL","SP","10597","FA","19","STL 6<br/>@SF 1","0","0%","0%"
"*05it9*","Yosver Zulueta","BAL","RP","10598","FA","28","CLE Wed 6:35PM","0","2%","0%"
"*072yo*","Keelan Zumwalt","(N/A)","1B,INF,SP","10599","FA","16","","0","0%","0%"
"*0614d*","Nick Zwack","SF","SP","10600","FA","28","STL 6<br/>@SF 1","0","0%","0%"
